55620.856459,163009.101864,654.721870
55625.029672,163006.354370,656.198656
55627.799480,163003.566604,657.545640
55622.803464,163008.014687,655.389254
55623.145164,163012.382387,654.666169
55624.871269,163008.739509,655.627624
55627.159974,163012.020032,655.725518
55625.433868,163015.662910,654.926732
55623.707763,163019.305788,654.145955
55627.722573,163018.943433,655.078938
55625.996467,163022.586311,654.218897
55628.886079,163008.377154,656.723932
55626.597375,163005.096631,656.821247
55629.448678,163015.300555,655.905145
55630.011277,163022.223957,655.098447
55628.285172,163025.866834,654.179548
55630.612185,163004.734276,657.873077
55631.174784,163011.657677,656.863458
55631.737383,163018.581079,656.015351
55629.763988,163001.624337,658.568693
55632.299982,163025.504480,655.009186
55630.573876,163029.147358,654.087514
55632.900889,163008.014799,657.847496
55633.463488,163014.938201,656.930804
55632.338290,163001.091398,659.184911
55632.436343,162998.525059,660.060288
55634.026087,163021.861602,655.945503
55634.588686,163028.785003,654.892106
55636.877391,163032.065526,654.815031
55635.151285,163035.708404,653.942859
55634.626995,163004.371922,658.857087
55635.189594,163011.295323,657.889171
55635.752193,163018.218724,656.947231
55631.814604,162965.664408,666.988671
55635.891306,162965.151644,666.727749
55632.156584,162963.391181,667.210239
55632.498294,162967.270008,666.521500
55635.651327,162961.175343,667.205693
55636.314792,163025.142125,655.831073
55636.353100,163000.729044,660.010654
55634.343599,162995.385481,661.592753
55635.143604,162991.682204,662.982567
55634.064396,162997.448520,660.724045
55633.946607,162971.057200,665.783887
55633.630452,162968.676185,666.147899
55634.102704,162973.035439,665.483246
55636.915699,163007.652445,658.858282
55637.478298,163014.575846,657.950213
55635.828810,162969.392561,665.890770
55638.117514,162972.673084,665.399458
55638.040897,163021.499247,656.852720
55638.079206,162997.086166,661.340855
55634.369007,162974.754101,665.220244
55634.477856,162977.917901,665.028861
55635.790501,162993.805642,662.255196
55636.391409,162976.315962,664.839479
55634.461256,162981.912702,664.596767
55634.665303,162979.958840,664.822238
55636.954008,162983.239363,664.308465
55634.523055,162984.731552,664.395942
55638.680113,162979.596485,664.611697
55635.227902,162986.882241,664.076129
55634.882455,162988.663453,663.899053
55638.603496,163028.422648,655.687701
55638.641805,163004.009567,659.767128
55637.516607,162990.162765,663.383941
55639.166095,163035.346049,654.729375
55637.439990,163038.988927,653.888948
55639.204404,163010.932968,658.852682
55639.242712,162986.519887,663.988561
55639.284319,162963.033279,667.048413
55639.044339,162959.056979,667.509389
55639.767003,163017.856369,657.877995
55639.805311,162993.443288,662.695819
55638.451685,162967.645729,666.273408
55639.843620,162969.030206,666.050979
55640.329602,163024.779770,656.661870
55640.367910,163000.366689,660.850166
55640.406219,162975.953608,665.072342
55640.892201,163031.703171,655.578562
55640.930509,163007.290090,659.738353
55640.968818,162982.877009,664.431993
55641.454800,163038.626572,654.614206
55639.728694,163042.269450,653.806666
55641.493108,163014.213491,658.863512
55641.531417,162989.800410,663.563914
55642.055707,163021.136892,657.753394
55642.094016,162996.723811,661.903150
55642.132324,162972.310730,665.486751
55641.301421,162966.003954,666.449613
55642.618306,163028.060293,656.489012
55642.656615,163003.647212,660.634270
55642.694923,162979.234131,664.865749
55642.804489,162961.133701,667.089480
55642.704864,162957.444356,667.823283
55643.180905,163034.983694,655.509465
55643.219214,163010.570613,659.741021
55643.257522,162986.157532,664.124835
55643.743504,163041.907095,654.511057
55642.017399,163045.549973,653.667842
55643.781813,163017.494014,658.805489
55643.820121,162993.080933,663.012281
55643.858430,162968.667852,665.931414
55644.344412,163024.417415,657.545029
55644.382720,163000.004334,661.563617
55644.421029,162975.591253,665.223471
55644.907011,163031.340816,656.384193
55644.945319,163006.927735,660.621605
55644.983628,162982.514654,664.609849
55645.694562,162964.701923,666.292420
55645.469610,163038.264217,655.373019
55645.507918,163013.851136,659.755149
55645.546227,162989.438055,663.716033
55646.032209,163045.187618,654.432173
55644.306103,163048.830496,653.613498
55646.070517,163020.774537,658.626421
55646.108826,162996.361456,662.482299
55646.712646,162972.157822,665.502798
55646.633116,163027.697938,657.296795
55646.671425,163003.284857,661.518003
55646.694924,162978.903240,665.095614
55647.074263,162960.113634,666.756476
55646.462553,162956.073307,667.443108
55646.954644,162962.168095,666.481695
55647.195715,163034.621339,656.323243
55647.234024,163010.208258,660.606003
55647.272332,162985.795177,664.262307
55647.758314,163041.544740,655.266931
55647.796623,163017.131659,659.668056
55647.834931,162992.718578,663.280282
55647.908289,162968.288804,665.738345
55648.320913,163048.468141,654.316392
55646.594808,163052.111019,653.424650
55648.359222,163024.055060,658.421133
55648.397530,162999.641979,662.255846
55648.410678,162975.223510,665.300775
55648.921821,163030.978461,657.217351
55648.960129,163006.565380,661.491428
55648.998438,162982.152299,664.772626
55649.484420,163037.901862,656.132081
55649.522728,163013.488781,660.625089
55649.561037,162989.075700,663.877680
55649.596094,162964.667678,665.912017
55650.047019,163044.825263,655.198145
55650.085327,163020.412182,659.489979
55650.123636,162995.999101,662.990485
55650.319867,162958.391603,666.445151
55650.220242,162954.702259,666.780781
55646.556499,163076.524100,653.395502
55650.571309,163076.161746,653.919873
55648.282605,163072.881223,653.614840
55648.845204,163079.804624,653.574315
55650.609618,163051.748664,654.204770
55648.883512,163055.391542,653.458455
55650.647926,163027.335583,658.134932
55650.686235,163002.922502,662.365373
55650.724543,162978.509421,665.240547
55650.161944,162971.586020,665.458704
55650.911449,162961.988504,665.930239
55651.210525,163034.258984,657.068353
55651.248834,163009.845903,661.593786
55651.287142,162985.432822,664.435604
55651.773124,163041.182385,656.068254
55651.811433,163016.769304,660.496531
55652.207383,162992.262767,663.548487
55651.888050,162967.943142,665.478054
55652.297415,163072.518868,654.142072
55654.023520,163068.875990,654.225904
55652.335723,163048.105786,655.047259
55652.374032,163023.692705,659.212018
55652.412340,162999.279624,662.910983
55653.754197,162975.375559,665.321587
55652.860014,163079.442269,654.106144
55651.133908,163083.085147,653.735669
55652.898322,163055.029188,654.289224
55655.187027,163058.309711,654.527779
55652.936631,163030.616106,658.001395
55652.974939,163006.203025,662.385725
55653.013248,162981.789944,664.925954
55653.499230,163037.539507,656.893154
55653.537538,163013.126426,661.469639
55653.575847,162988.713345,664.097415
55653.614155,162964.300264,665.446625
55654.061829,163044.462909,655.992255
55654.100137,163020.049827,660.261484
55654.138446,162995.636746,663.367091
55656.859286,162968.382938,665.184869
55654.077556,162957.020555,665.752745
55653.977931,162953.331210,665.943949
55655.340261,162960.657386,665.343884
55654.586119,163075.799391,654.392058
55654.624428,163051.386310,655.042480
55654.662736,163026.973228,658.955099
55654.701045,163002.560147,662.995693
55655.148718,163082.722792,654.083391
55653.422613,163086.365670,653.562210
55655.225335,163033.896629,657.846830
55655.263644,163009.483548,662.303978
55655.301952,162985.070467,664.574232
55655.787934,163040.820031,656.855921
55655.826243,163016.406949,661.296550
55655.837130,162992.067332,663.765193
55656.312225,163072.156513,654.608135
55656.350533,163047.743432,655.840475
55656.388842,163023.330350,659.970973
55656.427150,162998.917269,663.449548
55656.874824,163079.079914,654.443179
55656.913132,163054.666833,655.157363
55656.951441,163030.253752,658.790420
55656.989749,163005.840670,663.023704
55656.936648,162981.511293,664.974713
55657.437423,163086.003315,653.937756
55655.711317,163089.646193,653.333657
55657.514040,163037.177153,657.643305
55657.552348,163012.764071,662.281322
55657.586378,162988.348465,664.304596
55660.055326,162961.890367,664.948090
55659.268985,162974.746840,665.248301
55657.835245,162955.649506,665.026458
55657.735620,162951.960161,665.047427
55658.038330,163068.513635,654.822939
55659.764436,163064.870757,655.228772
55658.076639,163044.100554,656.798660
55658.114947,163019.687472,661.032066
55658.211030,162995.338806,663.817906
55658.600929,163075.437036,654.739629
55658.639238,163051.023955,655.861235
55658.677546,163026.610874,659.743714
55658.715855,163002.197792,663.528466
55659.163528,163082.360437,654.407852
55659.201837,163057.947356,655.333471
55659.240145,163033.534275,658.613784
55659.278454,163009.121193,662.967058
55659.286291,162985.109631,664.687417
55659.726127,163089.283838,653.702906
55662.014832,163092.564361,653.484582
55659.802744,163040.457676,657.649688
55659.841053,163016.044594,662.009629
55660.542500,162991.261150,664.258588
55660.327035,163071.794158,655.076261
55660.365343,163047.381077,656.684322
55660.403652,163022.967996,660.715442
55660.441960,162998.554914,663.901085
55662.419525,162967.936069,665.112167
55660.889634,163078.717559,654.786878
55660.927942,163054.304478,655.975370
55660.811196,162981.084861,664.969574
55660.966251,163029.891397,659.569473
55661.004559,163005.478315,663.542001
55661.452233,163085.640960,654.266592
55661.528850,163036.814798,658.436348
55661.567158,163012.401717,662.864147
55661.605467,162987.988635,664.616512
55661.025021,162950.813199,664.715801
55664.094889,162949.465494,664.674056
55661.250965,162954.988696,664.807452
55662.053140,163068.151280,655.433662
55662.091449,163043.738199,657.588369
55662.129757,163019.325118,661.718872
55662.221491,162994.887488,664.205190
55662.615739,163075.074681,655.180033
55662.654048,163050.661600,656.725804
55662.692356,163026.248519,660.442440
55662.730665,163001.835437,663.928492
55663.178338,163081.998082,654.729882
55663.216647,163057.585001,656.166338
55663.779245,163064.508402,655.846109
55663.254955,163033.171920,659.332616
55666.738623,162974.072671,665.247148
55664.563699,162980.413220,665.037487
55663.293263,163008.758839,663.449106
55663.740937,163088.921483,654.046133
55663.817554,163040.095321,658.431098
55663.855862,163015.682240,662.661422
55665.570064,162961.125298,664.937245
55664.341844,163071.431803,655.574356
55664.380153,163047.018722,657.540296
55664.418461,163022.605641,661.411211
55664.456770,162998.192560,664.187885
55663.894171,162991.269158,664.530398
55665.522344,162987.689360,664.778123
55664.904443,163078.355204,655.171560
55664.942752,163053.942123,656.854489
55664.981060,163029.529042,660.171690
55665.019369,163005.115961,663.853157
55665.008654,162953.617647,664.764362
55665.467042,163085.278605,654.555101
55665.543659,163036.452443,659.211290
55665.581968,163012.039362,663.391103
55666.029641,163092.202006,653.874152
55668.318346,163095.482529,653.481987
55666.067950,163067.788925,655.977294
55666.106258,163043.375844,658.359685
55666.144567,163018.962763,662.321291
55666.182875,162994.549682,664.463952
55669.889163,162967.261900,665.153186
55666.630549,163074.712326,655.629497
55666.668857,163050.299245,657.540617
55666.707166,163025.886164,661.054173
55666.745474,163001.473083,664.185721
55667.193148,163081.635727,655.091303
55667.231456,163057.222646,656.939930
55665.505351,163060.865524,656.324613
55667.269765,163032.809565,660.018675
55667.308073,163008.396484,663.822943
55667.755747,163088.559128,654.424244
55667.794055,163064.146047,656.430352
55667.832364,163039.732966,659.167418
55667.870672,163015.319885,663.157517
55667.908981,162990.906804,664.723788
55667.462204,162948.716110,664.764975
55670.919923,162946.848798,664.860479
55668.742095,162952.181883,664.833646
55668.356654,163071.069448,656.046497
55668.394963,163046.656367,658.248839
55668.433271,163022.243286,662.037251
55668.471580,162997.830205,664.469620
55671.057722,162980.209273,665.009644
55669.746072,162986.883693,664.834214
55668.919253,163077.992849,655.611703
55668.957562,163053.579768,657.581228
55668.995870,163029.166687,660.882710
55668.895704,162956.824627,664.890101
55669.034179,163004.753606,664.128956
55669.481852,163084.916250,654.964259
55669.520161,163060.503169,656.987757
55669.558469,163036.090088,659.972637
55673.254866,162960.728044,665.047537
55669.596778,163011.677007,663.789171
55670.044451,163091.839651,654.297154
55670.082760,163067.426570,656.544338
55670.121068,163043.013489,659.053938
55670.159377,163018.600408,662.866953
55670.075388,162994.298933,664.716255
55670.645359,163074.349971,656.132239
55670.683667,163049.936890,658.255132
55670.721976,163025.523809,661.777331
55674.191312,162973.680581,665.099589
55670.621741,163000.835724,664.481348
55671.207958,163081.273372,655.519929
55671.246266,163056.860291,657.666607
55671.284575,163032.447210,660.757661
55671.322883,163008.034129,664.047456
55672.721403,162950.581287,664.941985
55671.770557,163088.196773,654.868750
55671.808865,163063.783692,657.062248
55671.847174,163039.370611,659.869715
55671.885482,163014.957530,663.526988
55673.961182,162992.908846,664.925782
55672.333156,163095.120175,654.004792
55674.621860,163098.400698,653.726870
55672.371464,163070.707093,656.636658
55672.409773,163046.294012,658.978268
55672.448081,163021.880931,662.579688
55676.097878,162953.346996,665.049080
55672.934063,163077.630494,656.046264
55672.972372,163053.217413,658.319398
55673.010680,163028.804332,661.578187
55673.048989,163004.391251,664.367681
55673.496662,163084.553895,655.434186
55673.534971,163060.140814,657.697850
55673.573279,163035.727733,660.690770
55673.611588,163011.314652,664.043932
55675.492770,162986.221682,664.985031
55677.358801,162966.587731,665.088618
55674.059261,163091.477297,654.716094
55676.545380,162999.293248,664.891551
55674.097570,163067.064215,657.154380
55674.135878,163042.651134,659.757679
55674.174187,163018.238053,663.303986
55674.660169,163073.987616,656.611633
55674.698477,163049.574535,658.993112
55674.736786,163025.161454,662.405292
55673.946989,162946.037929,664.939259
55677.322542,162944.441572,665.002528
55678.527361,162979.535104,665.110696
55675.222768,163080.911018,656.023137
55675.261076,163056.497936,658.412169
55675.299385,163032.084855,661.403097
55675.337693,163007.671774,664.311053
55675.785367,163087.834419,655.301013
55675.823675,163063.421337,657.790587
55675.861984,163039.008256,660.563280
55675.414320,163014.518243,663.810337
55676.347966,163094.757820,654.466828
55676.386274,163070.344738,657.229515
55676.424583,163045.931657,659.733732
55676.462891,163021.518576,663.060339
55676.169909,162949.210757,664.935062
55676.948873,163077.268140,656.567451
55676.987182,163052.855058,659.063331
55677.025490,163028.441977,662.184188
55680.864479,163005.429850,664.705542
55680.509341,162959.776960,665.117024
55677.511472,163084.191541,655.905816
55677.549781,163059.778459,658.469069
55677.588089,163035.365378,661.386040
55677.626398,163010.952297,664.263999
55679.695920,162992.482477,665.065400
55678.074071,163091.114942,655.112399
55678.112380,163066.701861,657.763711
55678.150688,163042.288779,660.499698
55678.188997,163017.875698,663.606767
55681.843404,162972.592427,665.144845
55678.636670,163098.038343,654.179484
55676.910565,163101.681221,653.413138
55678.674979,163073.625262,657.170398
55678.713287,163049.212180,659.746208
55678.751596,163024.799099,662.921367
55679.237578,163080.548663,656.517460
55679.275886,163056.135581,659.120822
55679.314195,163031.722500,662.150932
55679.915102,163014.232820,664.048076
55682.139112,162986.166396,665.159866
55679.800177,163087.472064,655.701794
55679.838485,163063.058983,658.415520
55679.876794,163038.645901,661.278148
55679.883815,162947.725195,664.920944
55683.659880,162952.966189,665.017842
55680.362776,163094.395465,654.883522
55680.401084,163069.982384,657.812006
55680.439393,163045.569302,660.463944
55680.477701,163021.156221,663.514822
55683.913415,162998.624323,664.989524
55680.925375,163101.318866,653.802654
55683.214079,163104.599389,653.499346
55680.963683,163076.905785,657.085709
55681.001992,163052.492704,659.791447
55681.040300,163028.079622,662.873964
55680.566871,162943.141533,664.985133
55684.828439,162965.913562,665.095562
55681.526282,163083.829186,656.317014
55681.564591,163059.416105,659.099831
55681.602899,163035.003023,662.087456
55685.183578,163011.566452,664.600239
55682.088881,163090.752587,655.536211
55682.127190,163066.339506,658.341367
55682.165498,163041.926424,661.207020
55682.203807,163017.513343,663.944552
55685.996999,162978.860935,665.280872
55682.651480,163097.675988,654.517761
55682.689789,163073.262907,657.721947
55682.728097,163048.849826,660.481753
55682.766406,163024.436744,663.470053
55683.252388,163080.186308,656.969973
55683.290696,163055.773227,659.833009
55683.329005,163031.360145,662.832346
55687.165558,162991.808308,665.273196
55683.814987,163087.109709,656.147594
55683.853295,163062.696628,659.031072
55683.891604,163038.283546,661.955849
55683.617011,162946.288793,664.991888
55684.377586,163094.033110,655.229976
55684.415894,163069.620029,658.391538
55684.454203,163045.206948,661.115123
55684.492511,163020.793866,664.033142
55687.524847,162958.645876,665.026516
55683.926129,162942.141091,665.113689
55688.615193,163004.702711,664.925787
55684.940185,163100.956511,654.175096
55684.978493,163076.543430,657.580680
55685.016802,163052.130349,660.568473
55685.055110,163027.717267,663.480045
55685.541092,163083.466831,656.768295
55685.579401,163059.053750,659.784551
55685.617709,163034.640669,662.701443
55689.145681,162972.050594,665.194189
55686.103691,163090.390232,655.876568
55686.142000,163065.977151,659.009464
55690.316098,162984.997537,665.274503
55686.180308,163041.564070,661.861272
55686.218617,163017.150988,664.348536
55686.666290,163097.313633,654.914197
55686.704599,163072.900552,658.234113
55686.742907,163048.487471,661.189970
55686.781216,163024.074389,663.999600
55687.228889,163104.237034,653.978884
55689.517594,163107.517557,653.859621
55687.267198,163079.823953,657.436728
55687.305506,163055.410872,660.503785
55687.343815,163030.997791,663.414107
55687.534725,162945.481626,665.065865
55691.129518,162952.292020,664.916101
55687.829797,163086.747354,656.515955
55687.868105,163062.334273,659.680470
55687.906414,163037.921192,662.598697
55691.484657,162997.944911,665.115663
55687.354128,162941.434819,665.105583
55688.392396,163093.670755,655.626682
55688.430704,163069.257674,658.879657
55688.469013,163044.844593,661.731135
55688.507321,163020.431512,664.393616
55692.298078,162965.239393,665.011475
55688.954995,163100.594156,654.632126
55688.993303,163076.181075,658.129431
55689.031612,163051.767994,661.184007
55689.069920,163027.354913,663.973367
55692.653216,163010.892284,664.818156
55689.555902,163083.104476,657.188015
55689.594211,163058.691395,660.341876
55689.632519,163034.278314,663.308879
55693.773207,162978.136797,665.234408
55690.118501,163090.027877,656.243960
55690.156810,163065.614796,659.498000
55690.195118,163041.201715,662.493255
55691.617432,163017.685109,664.710270
55690.681100,163096.951278,655.298066
55690.719409,163072.538197,658.678416
55690.757717,163048.125116,661.816645
55693.821776,163023.839657,664.786711
55694.565371,162991.761650,665.236410
55691.243699,163103.874679,654.479579
55691.282008,163079.461598,657.850850
55691.320316,163055.048517,661.031983
55691.358625,163030.635436,663.946118
55691.452439,162944.674459,665.023028
55690.782128,162940.728548,665.022674
55695.448617,162958.428623,665.021361
55691.844607,163086.384999,656.874421
55691.882915,163061.971918,660.145618
55691.921224,163037.558837,663.234886
55692.407206,163093.308400,655.979581
55692.445514,163068.895319,659.184275
55692.483823,163044.482238,662.379915
55695.803756,163004.081513,665.034047
55692.969805,163100.231801,655.081380
55693.008113,163075.818720,658.420990
55693.046422,163051.405639,661.685450
55693.084730,163026.992558,664.382545
55696.617177,162971.375996,665.081255
55693.532404,163107.155202,654.266705
55693.570712,163082.742121,657.463587
55693.609021,163058.329040,660.742594
55693.647329,163033.915959,663.905090
55694.133311,163089.665522,656.601859
55694.171620,163065.252441,659.853614
55694.209928,163040.839360,663.096847
55697.785736,162984.323369,665.118412
55694.695910,163096.588923,655.727349
55694.734219,163072.175842,658.947378
55694.772527,163047.762761,662.305287
55694.210128,162940.022277,665.030953
55694.724686,162948.542388,664.973831
55698.599157,162951.617852,665.014372
55695.258509,163103.512324,654.886531
55695.296818,163079.099243,658.035731
55695.335126,163054.686162,661.307736
55695.373435,163030.273081,664.435703
55695.370152,162943.867291,664.879366
55698.954295,162997.270742,665.089492
55696.972315,163017.028886,664.830709
55695.859417,163086.022644,657.197065
55695.897725,163061.609563,660.480834
55695.936034,163037.196482,663.767408
55699.675575,162964.998140,664.964140
55696.422016,163092.946045,656.369218
55696.460324,163068.532964,659.494868
55696.498633,163044.119883,662.941691
55700.122855,163010.218115,664.861418
55696.984615,163099.869446,655.507030
55697.022923,163075.456365,658.658181
55697.061232,163051.043284,661.953615
55699.775374,163029.859509,664.681465
55697.547214,163106.792847,654.623352
55697.585522,163082.379766,657.747981
55697.623831,163057.966685,661.052710
55699.950844,163036.834127,664.052803
55700.936275,162977.512598,665.124144
55701.291414,163023.165488,664.838613
55698.148121,163089.303167,656.948872
55698.186430,163064.890086,660.158207
55698.224738,163040.477005,663.558604
55698.257895,162939.216684,664.934881
55701.066127,162938.609734,664.907064
55702.505259,162990.115280,665.090097
55698.710720,163096.226568,656.141268
55699.287866,162943.060124,664.818244
55702.161749,162947.076449,664.873491
55698.749029,163071.813487,659.231456
55698.787337,163047.400406,662.632691
55699.273319,163103.149970,655.244196
55699.311628,163078.736888,658.289837
55699.349936,163054.323807,661.566888
55702.918256,162957.754454,665.071855
55703.229976,163003.211948,664.890795
55699.874227,163085.660289,657.464758
55699.912535,163061.247208,660.716614
55700.436826,163092.583690,656.718667
55700.475134,163068.170609,659.806044
55700.513443,163043.757528,663.359416
55704.086815,162970.701827,664.906851
55704.389723,163016.337015,664.819844
55700.999425,163099.507092,655.880057
55701.037733,163075.094010,658.906850
55701.076042,163050.680929,662.227751
55703.288129,163102.787615,655.527845
55701.600332,163082.017411,657.992171
55701.638641,163057.604330,661.255324
55705.255374,162983.649200,665.029141
55702.162931,163088.940813,657.262635
55702.201240,163064.527731,660.402501
55702.239548,163040.114650,663.833216
55706.068795,162950.943683,664.904534
55702.725530,163095.864214,656.478087
55702.763839,163071.451132,659.513020
55702.802147,163047.038051,662.948291
55706.423934,162996.596573,664.904422
55703.205580,162942.252957,664.782557
55703.326438,163078.374533,658.527947
55703.364746,163053.961452,661.826180
55707.237354,162963.891056,664.991920
55705.610513,163029.302090,664.660071
55704.561473,163035.879361,664.340274
55703.889037,163085.297935,657.728392
55703.927345,163060.884853,660.920225
55707.592493,163009.543946,664.814337
55704.451636,163092.221336,656.990414
55704.489944,163067.808254,660.087057
55704.528253,163043.395173,663.622659
55707.974621,162977.581226,664.922658
55705.014235,163099.144737,656.164691
55705.052543,163074.731656,659.130918
55704.494126,162937.903463,664.892571
55705.090852,163050.318574,662.562018
55708.761052,163022.491319,664.828728
55705.615142,163081.655057,658.224455
55705.653451,163057.241975,661.446525
55709.423712,162945.435409,664.859607
55706.177741,163088.578458,657.519526
55706.216049,163064.165376,660.577906
55706.551772,163040.203663,663.933818
55709.552764,162989.783014,664.956458
55706.740340,163095.501859,656.637400
55706.778648,163071.088778,659.704746
55706.816957,163046.675696,663.199799
55710.748533,162957.419741,665.044125
55707.123294,162941.445790,664.834550
55710.743032,163002.733175,664.761809
55707.341247,163078.012179,658.737171
55707.379556,163053.599097,662.040504
55707.903846,163084.935580,657.959838
55707.942155,163060.522499,661.085756
55711.556453,162970.027658,664.940486
55711.911592,163015.680548,664.817319
55708.466445,163091.858981,657.090687
55708.504754,163067.445900,660.260257
55707.922126,162937.197192,664.893607
55708.543062,163043.032818,663.794835
55709.929612,163035.438692,664.339478
55710.755150,163095.139504,656.771492
55709.067353,163074.369301,659.311509
55709.105661,163049.956219,662.669353
55712.846241,162982.962552,664.883414
55713.080151,163028.627921,664.744457
55709.629952,163081.292702,658.421141
55709.668260,163056.879621,661.626035
55713.538433,162950.269514,664.954995
55710.192551,163088.216103,657.600940
55710.230859,163063.803022,660.717705
55714.039903,162995.823709,664.799706
55714.021410,163039.529494,664.187261
55712.557872,163042.670464,663.884405
55710.793458,163070.726423,659.830633
55710.831767,163046.313341,663.284873
55711.041007,162940.638623,664.814615
55714.706993,162963.216887,664.990351
55711.356057,163077.649824,658.875358
55711.394366,163053.236743,662.185086
55714.185905,163009.257819,664.820059
55711.918656,163084.573225,658.066066
55711.350125,162936.490921,664.866572
55714.864151,162935.715126,664.828610
55711.956965,163060.160144,661.239056
55715.875552,162976.164260,664.809405
55712.519564,163067.083545,660.331769
55716.230690,163021.817150,664.768217
55713.082163,163074.006946,659.355863
55713.120471,163049.593865,662.757903
55716.640216,162943.622060,664.938540
55717.027018,162989.068821,664.835621
55713.644762,163080.930347,658.491284
55713.683070,163056.517266,661.756119
55717.399250,163034.764523,664.409708
55714.245669,163063.440667,660.816856
55718.212671,163002.059006,664.759944
55717.857532,162956.406116,665.047028
55714.808268,163070.364068,659.861288
55714.846577,163045.950987,663.348566
55714.958721,162939.831456,664.822402
55715.370867,163077.287469,658.902147
55715.409176,163052.874388,662.255635
55719.325883,162969.214431,664.820819
55719.381230,163015.006379,664.714833
55715.971775,163059.797789,661.328989
55716.534374,163066.721190,660.384344
55716.572682,163042.308109,663.931354
55719.805665,162982.969896,664.655925
55720.549789,163027.953752,664.645273
55717.096973,163073.644591,659.395278
55717.135281,163049.231510,662.814257
55721.008072,162949.595345,664.941243
55717.697880,163056.154911,661.833189
55721.491049,163038.855325,664.156338
55721.363210,162995.248235,664.814177
55722.531769,163008.195608,664.743605
55718.260479,163063.078312,660.895981
55722.179556,162962.528198,664.884332
55718.823078,163070.001713,659.908350
55718.861387,163045.588632,663.386819
55718.876435,162939.024288,664.858050
55718.206124,162935.078378,664.773179
55719.423986,163052.512033,662.316552
55723.345190,162975.490091,664.734571
55719.986585,163059.435434,661.402439
55723.700329,163021.142981,664.635865
55720.549184,163066.358835,660.444710
55720.587492,163041.945754,663.905556
55724.158611,162942.784574,664.944139
55724.513750,162988.437464,664.849809
55725.126593,163072.919881,659.446072
55721.150091,163048.869155,662.842650
55724.868888,163034.090354,664.421961
55721.712690,163055.792556,661.883370
55725.065406,162956.250330,664.963093
55721.634124,162934.372107,664.734731
55725.788995,163001.428862,664.833989
55722.275289,163062.715957,660.969325
55722.837888,163069.639358,659.955363
55722.876197,163045.226277,663.334579
55722.794149,162938.217121,664.791760
55726.495730,162968.679320,664.803846
55726.871935,163014.510331,664.737193
55723.438796,163052.149678,662.265760
55727.664289,162981.626693,664.783842
55724.001395,163059.073079,661.379541
55724.563994,163065.996480,660.446837
55728.019428,163027.279583,664.622874
55724.602302,163041.583399,663.791772
55728.477710,162948.921176,664.866375
55725.164901,163048.506800,662.765578
55728.828628,162994.557775,664.928279
55726.328408,163037.940521,664.102516
55725.062123,162933.665835,664.690451
55725.727500,163055.430201,661.766471
55729.646269,162961.868549,664.846193
55726.290099,163062.353602,660.846781
55729.526894,163007.275274,664.863458
55726.711862,162937.409954,664.722131
55726.852698,163069.277003,659.837407
55726.891007,163044.863922,663.206911
55730.893469,162974.870594,664.791209
55727.453606,163051.787323,662.123347
55731.169967,163020.468812,664.718875
55728.016205,163058.710724,661.210969
55731.628249,162942.110405,664.928358
55731.983516,162987.769302,664.896550
55728.578804,163065.634125,660.283338
55728.617112,163041.221044,663.627656
55730.046450,163030.906794,664.429320
55732.069323,163033.935288,664.096822
55730.343218,163037.578166,663.900903
55728.490123,162932.959564,664.716492
55731.866302,162932.145869,664.730482
55732.796809,162955.057778,664.889796
55729.141403,163072.557526,659.251683
55727.415297,163076.200404,658.957078
55729.179711,163048.144445,662.555502
55729.742310,163055.067846,661.548239
55733.151947,163000.710668,664.838530
55730.304909,163061.991247,660.628311
55733.519854,162967.280784,664.830830
55730.629576,162936.602787,664.702817
55730.867508,163068.914648,659.616608
55734.320507,163013.658042,664.837610
55730.905817,163044.501567,662.957257
55731.430107,163075.838049,658.729470
55733.718812,163079.118573,658.255423
55731.468416,163051.424968,661.920548
55734.924734,162980.909801,664.830283
55732.031015,163058.348369,660.957078
55733.488766,163023.559465,664.616859
55735.521534,163026.649532,664.377474
55733.795429,163030.292410,664.212520
55735.972748,162948.273462,664.799787
55732.593614,163065.271770,660.023657
55732.631922,163040.858689,663.329325
55736.302487,162993.899898,664.841046
55733.156213,163072.195171,659.058269
55733.194521,163047.782090,662.297524
55737.471046,163006.847271,664.838819
55737.115908,162961.194380,664.785555
55733.757120,163054.705491,661.303534
55734.319719,163061.628892,660.389017
55734.358028,163037.215811,663.566694
55734.547290,162935.795620,664.700008
55734.882318,163068.552294,659.405466
55738.284467,162974.141753,664.793038
55734.920627,163044.139212,662.669525
55738.639605,163019.794644,664.609382
55735.444917,163075.475695,658.502423
55735.483226,163051.062613,661.693205
55738.939347,162941.198969,664.844330
55735.346122,162931.547022,664.647113
55739.537988,162987.001150,664.818355
55736.045825,163057.986014,660.723616
55736.084133,163033.572933,663.723193
55736.608424,163064.909416,659.763936
55736.646732,163040.496334,663.000062
55740.048797,162954.363372,664.841338
55740.145626,162999.380611,664.829768
55737.171023,163071.832817,658.826990
55737.209331,163047.419735,662.088377
55739.536344,163026.287177,664.106114
55741.435006,162967.330983,664.764008
55737.733622,163078.756218,657.963110
55736.007516,163082.399096,657.693497
55737.771930,163054.343136,661.068220
55737.810239,163029.930055,663.889912
55738.334529,163061.266538,660.151531
55741.790145,163012.983873,664.829692
55738.372838,163036.853456,663.159950
55738.465004,162934.988452,664.817357
55738.897128,163068.189939,659.162051
55738.935437,163043.776857,662.437476
55742.603566,162980.278356,664.774922
55738.774122,162930.840750,664.667555
55739.459727,163075.113340,658.223746
55739.498036,163050.700259,661.472530
55743.416987,162947.572839,664.820334
55740.022326,163082.036741,657.415300
55742.311031,163085.317264,656.899506
55740.060635,163057.623660,660.490239
55740.098943,163033.210578,663.384158
55743.243225,162993.352901,664.792009
55740.623234,163064.547061,659.514925
55740.661542,163040.133979,662.736514
55744.814276,162960.326493,664.763599
55741.185833,163071.470462,658.561323
55741.224141,163047.057381,661.858087
55744.940684,163006.173102,664.835502
55741.748432,163078.393863,657.693340
55741.620348,163054.185710,660.826788
55741.825049,163029.567700,663.620664
55745.478634,162974.239262,664.771407
55742.349339,163060.904183,659.899961
55742.387648,163036.491102,662.922053
55742.382717,162934.181285,664.757024
55743.030490,163019.075851,664.514848
55741.262450,163022.644299,664.315569
55742.202121,162930.134479,664.632591
55742.911938,163067.827584,658.911357
55742.950247,163043.414503,662.210325
55746.567526,162940.762068,664.953275
55743.474537,163074.750985,657.983764
55743.512846,163050.337904,661.337064
55743.551154,163025.924822,663.776867
55746.673086,162986.536213,664.766374
55744.037136,163081.674386,657.190414
55747.736085,162953.709441,664.780106
55744.075445,163057.261305,660.311964
55744.113753,163032.848224,663.075033
55748.091224,162999.362331,664.692717
55744.638044,163064.184706,659.303300
55744.676352,163039.771625,662.525641
55745.200643,163071.108107,658.324018
55745.238951,163046.695026,661.671928
55745.277260,163022.281945,664.015366
55748.904645,162966.656814,664.777542
55745.801550,163053.618427,660.742235
55745.763242,163078.031508,657.478551
55749.532583,163011.218654,664.668127
55744.158227,163015.650543,664.649066
55745.839859,163029.205346,663.224817
55746.607751,162933.134865,664.719824
55745.630121,162929.428208,664.609006
55746.325841,163084.954909,656.691390
55744.599735,163088.597787,656.364377
55746.364149,163060.541828,659.714822
55746.402458,163036.128747,662.686741
55750.073204,162979.604187,664.716176
55746.926748,163067.465229,658.716076
55746.965057,163043.052148,661.926461
55747.003365,163018.639067,664.275776
55751.473048,162992.603294,664.667906
55750.801654,162947.664396,664.783877
55747.489347,163074.388630,657.790478
55747.527656,163049.975549,661.190134
55747.565964,163025.562468,663.425901
55748.051946,163081.312031,656.988956
55748.090254,163056.898950,660.142843
55748.128563,163032.485869,662.789684
55748.729470,163014.996189,664.490571
55748.614545,163088.235432,656.121246
55746.888440,163091.878310,655.791227
55748.652853,163063.822351,659.136653
55748.691162,163039.409270,662.176407
55752.055184,162959.846043,664.804685
55752.423206,163005.854276,664.567868
55749.215452,163070.745752,658.153012
55749.253761,163046.332671,661.474734
55749.292069,163021.919590,663.665528
55753.223744,162972.793416,664.684279
55749.023954,162928.718702,664.622821
55749.778051,163077.669153,657.294966
55749.816360,163053.256072,660.576754
55749.854668,163028.842991,662.856312
55750.340650,163084.592554,656.449775
55750.378959,163060.179473,659.592362
55750.417267,163035.766392,662.341035
55750.186791,162937.733379,664.836249
55754.037164,162940.087899,664.840467
55750.218145,162932.566951,664.698012
55754.392303,162985.740789,664.708486
55750.903249,163091.515955,655.476540
55749.177144,163095.158833,655.153183
55750.941558,163067.102874,658.607588
55750.979866,163042.689793,661.697188
55751.018175,163018.276712,663.903789
55751.504157,163074.026275,657.644609
55751.542465,163049.613194,660.989648
55751.580774,163025.200113,663.139001
55755.205724,162953.035272,664.755825
55752.066756,163080.949676,656.774289
55752.105064,163056.536595,660.017519
55755.560862,162998.688162,664.657523
55752.143373,163032.123514,662.427492
55752.629355,163087.873077,655.822154
55752.667663,163063.459996,659.078862
55752.705972,163039.046915,661.891152
55752.744280,163014.633834,664.157490
55756.593692,162966.095819,664.723063
55753.897612,162931.068951,664.630005
55752.314553,162927.439109,664.571065
55755.117984,162925.358847,664.516680
55753.191954,163094.796478,654.812468
55753.230262,163070.383397,658.106874
55753.268571,163045.970316,661.268888
55753.306879,163021.557235,663.421529
55754.470386,163010.990956,664.295998
55753.792861,163077.306798,657.135879
55753.831170,163052.893717,660.395370
55753.869478,163028.480636,662.608322
55757.520064,162979.174174,664.768026
55757.187704,162934.401428,664.694583
55754.355460,163084.230199,656.224311
55754.393769,163059.817118,659.502642
55754.432077,163035.404037,662.027417
55758.356263,162946.224501,664.773994
55754.918059,163091.153600,655.195329
55754.956368,163066.740519,658.564440
55754.994676,163042.327438,661.474570
55755.032985,163017.914357,663.667576
55758.711402,162991.877391,664.650485
55755.518967,163073.663920,657.538183
55755.557275,163049.250839,660.773224
55755.595584,163024.837758,662.940833
55759.356963,162958.857320,664.775962
55756.081566,163080.587321,656.577702
55756.119874,163056.174240,659.875531
55756.158183,163031.761159,662.226423
55757.823780,162929.597475,664.579514
55757.922597,163003.705200,664.303494
55756.196491,163007.348078,664.329390
55756.644165,163087.510722,655.606125
55756.682473,163063.097641,659.014537
55756.720782,163038.684560,661.585546
55756.759090,163014.271479,663.868447
55757.206764,163094.434123,654.517522
55759.495468,163097.714647,653.914105
55760.528390,162972.099783,664.667150
55757.245072,163070.021042,658.036890
55757.283381,163045.607961,661.025550
55757.321689,163021.194880,663.240439
55757.807671,163076.944443,657.015484
55757.845980,163052.531362,660.201281
55757.884288,163028.118281,662.495916
55761.662705,162939.551231,664.693208
55758.370270,163083.867844,656.041859
55761.861941,162985.066620,664.759669
55758.408579,163059.454763,659.396350
55758.446887,163035.041682,661.726811
55758.485196,163010.628601,663.936441
55758.932869,163090.791246,654.944460
55758.971178,163066.378164,658.503588
55759.009486,163041.965083,661.201714
55759.047795,163017.552002,663.492186
55758.731425,162924.642011,664.532761
55761.990671,162923.036579,664.497574
55762.675362,162952.361103,664.762463
55759.533777,163073.301565,657.487081
55759.572085,163048.888484,660.528284
55761.374808,162996.419444,664.355127
55759.648702,163000.062322,664.321720
55759.610394,163024.475403,662.750406
55760.096376,163080.224966,656.459729
55760.134684,163055.811885,659.708742
55760.172993,163031.398804,661.996947
55760.211301,163006.985723,663.982582
55763.843921,162965.308476,664.697999
55760.658975,163087.148368,655.413057
55760.697283,163062.735286,658.889943
55760.735592,163038.322205,661.330042
55760.773900,163013.909124,663.582239
55764.491500,162932.190831,664.583248
55761.221574,163094.071769,654.302297
55761.259882,163069.658687,657.968681
55761.298191,163045.245606,660.761003
55761.336499,163020.832525,663.020629
55765.012481,162978.255849,664.769582
55761.822481,163076.582089,656.911085
55761.271096,162927.898471,664.528769
55761.860790,163052.169007,660.000014
55761.899098,163027.755926,662.305356
55761.937407,163003.342845,664.011373
55765.825902,162945.550332,664.746154
55762.385080,163083.505490,655.899729
55762.423389,163059.092408,659.229057
55762.461697,163034.679327,661.537612
55762.500006,163010.266246,663.673355
55764.304540,162988.972672,664.561017
55762.947679,163090.428891,654.745864
55762.985988,163066.015809,658.384488
55763.024296,163041.602728,660.948250
55763.062605,163017.189647,663.198951
55766.994461,162958.497705,664.757230
55763.510278,163097.352292,653.648072
55763.548587,163072.939211,657.398139
55763.586895,163048.526129,660.259612
55763.625204,163024.113048,662.537079
55763.663512,162999.699967,664.039768
55764.111186,163079.862612,656.385733
55764.149494,163055.449530,659.492261
55764.187803,163031.036449,661.790520
55764.226111,163006.623368,663.718671
55768.163020,162971.445078,664.684434
55764.673785,163086.786013,655.241412
55764.712093,163062.372931,658.703854
55764.750402,163037.959850,661.124839
55764.788710,163013.546769,663.238304
55765.236384,163093.709414,654.115113
55765.274692,163069.296333,657.844679
55764.607139,162925.935523,664.508220
55765.313001,163044.883251,660.480809
55765.351309,163020.470170,662.746985
55765.389618,162996.057089,664.122678
55768.976441,162938.739561,664.658485
55765.837291,163076.219734,656.848936
55765.875600,163051.806652,659.745695
55769.331579,162984.392451,664.514384
55765.913908,163027.393571,662.073635
55765.952217,163002.980490,663.682641
55765.000332,162921.545371,664.560137
55767.990027,162919.725557,664.482086
55766.399890,163083.143135,655.787188
55766.438199,163058.730054,658.994228
55766.476507,163034.316972,661.296954
55766.514816,163009.903891,663.305533
55770.278491,162951.506551,664.641594
55766.962489,163090.066536,654.583269
55767.000798,163065.653455,658.182537
55767.039106,163041.240373,660.709660
55767.077415,163016.827292,662.863169
55767.525088,163096.989937,653.472327
55767.563397,163072.576856,657.258352
55767.601705,163048.163774,659.951196
55767.640014,163023.750693,662.273175
55767.678322,162999.337612,663.736185
55771.657867,162963.950345,664.670505
55768.125996,163079.500257,656.265667
55768.164304,163055.087176,659.270355
55768.202613,163030.674094,661.531476
55768.240921,163006.261013,663.346426
55767.115723,162992.414211,664.218974
55768.741882,162929.119538,664.585242
55772.126980,162931.928790,664.602544
55768.633453,162923.828378,664.490534
55768.688595,163086.423658,655.102801
55768.726903,163062.010577,658.481976
55768.765212,163037.597495,660.893278
55768.803520,163013.184414,662.946630
55772.519602,162977.564168,664.826378
55769.251194,163093.347059,653.977888
55769.289502,163068.933978,657.636666
55769.327811,163044.520897,660.245765
55769.366119,163020.107815,662.397834
55769.404428,162995.694734,663.787356
55773.295540,162944.876163,664.581513
55769.852101,163075.857379,656.705295
55769.890410,163051.444298,659.508911
55769.928718,163027.031216,661.778036
55769.967027,163002.618135,663.316724
55770.414700,163082.780780,655.699968
55770.453009,163058.367699,658.776589
55770.491317,163033.954617,661.021560
55770.529626,163009.541536,662.857873
55770.977299,163089.704181,654.545274
55774.464099,162957.823536,664.642158
55771.015608,163065.291100,657.948282
55771.053916,163040.878019,660.511963
55771.092225,163016.464937,662.460775
55772.856639,162988.408978,664.020782
55771.130533,162992.051856,663.837603
55771.539898,163096.627582,653.318013
55771.578207,163072.214501,657.092756
55771.616515,163047.801420,659.700987
55771.654824,163023.388338,661.935562
55771.693132,162998.975257,663.410294
55771.759666,162922.113746,664.477722
55770.979722,162917.905742,664.486681
55772.140806,163079.137902,656.169832
55775.632658,162970.770909,664.792300
55772.179114,163054.724821,659.060418
55772.217423,163030.311740,661.225151
55772.255731,163005.898658,662.794557
55775.547062,162924.807537,664.527910
55772.703405,163086.061303,655.107654
55772.741713,163061.648222,658.245758
55772.780022,163037.235141,660.675399
55772.818330,163012.822059,662.474391
55775.787426,162938.413471,664.623956
55773.266004,163092.984704,653.885288
55773.304312,163068.571623,657.414443
55773.342621,163044.158542,660.052302
55774.582744,162984.766100,664.163413
55773.380929,163019.745460,661.988512
55773.419238,162995.332379,663.496267
55773.866911,163075.495024,656.580810
55773.905220,163051.081943,659.336086
55773.943528,163026.668862,661.432884
55773.981837,163002.255780,662.876005
55777.614639,162951.012765,664.595291
55774.429510,163082.418425,655.667316
55774.467819,163058.005344,658.542941
55774.506127,163033.592263,660.781886
55774.544436,163009.179181,662.358767
55774.992109,163089.341826,654.516463
55774.596210,162920.005158,664.494877
55773.969417,162916.085928,664.471431
55775.030418,163064.928745,657.716241
55775.068726,163040.515664,660.343209
55775.107035,163016.102583,662.014797
55775.145343,162991.689501,663.572776
55777.280814,163092.622349,653.814734
55775.593017,163071.852146,656.928577
55775.631325,163047.439065,659.618169
55775.669634,163023.025984,661.517021
55778.783198,162963.960138,664.708598
55775.707942,162998.612902,662.956181
55779.596619,162931.254621,664.613053
55776.155616,163078.775547,656.119932
55776.193924,163054.362466,658.823053
55776.232233,163029.949385,660.933946
55776.270541,163005.536303,662.329821
55779.232058,162974.611916,664.623477
55776.308850,162981.123222,664.349675
55776.718215,163085.698948,655.121974
55776.756523,163061.285867,658.005574
55776.794832,163036.872786,660.529389
55776.833140,163012.459705,662.007964
55776.871449,162988.046623,663.730501
55780.765178,162944.201994,664.618234
55777.319122,163068.209268,657.252068
55777.357431,163043.796187,659.921698
55777.395739,163019.383106,661.583948
55777.434048,162994.970024,663.082986
55777.881721,163075.132669,656.481521
55777.920030,163050.719588,659.082205
55777.958338,163026.306507,661.072460
55778.800800,162918.159253,664.509085
55776.959112,162914.266114,664.466161
55777.996647,163001.893426,662.377618
55778.444320,163082.056070,655.675697
55782.297313,162957.255707,664.672577
55778.482629,163057.642989,658.305429
55778.520937,163033.229908,660.609322
55778.559246,163008.816827,661.967421
55778.597554,162984.403745,663.929935
55779.006919,163088.979471,654.492395
55779.045228,163064.566390,657.547664
55779.083536,163040.153309,660.177305
55779.121845,163015.740228,661.619096
55779.160153,162991.327146,663.256398
55782.747158,162924.443850,664.481103
55779.607827,163071.489791,656.789877
55779.646135,163047.076710,659.333246
55783.102297,162970.096740,664.746990
55779.684444,163022.663629,661.105476
55779.722752,162998.250548,662.523515
55783.915718,162937.391223,664.609589
55780.170426,163078.413192,656.081849
55780.208734,163054.000111,658.564903
55780.247043,163029.587030,660.681949
55780.285351,163005.173949,661.975152
55780.323660,162980.760867,664.151744
55780.733025,163085.336593,655.147230
55780.771333,163060.923512,657.845087
55780.809642,163036.510431,660.293436
55780.847950,163012.097350,661.585022
55780.886259,162987.684269,663.441364
55782.010049,162915.874383,664.477670
55779.948807,162912.446299,664.471327
55781.295624,163092.259994,653.742498
55781.333932,163067.846913,657.127593
55781.372241,163043.433832,659.631926
55781.410549,163019.020751,661.186346
55781.448858,162994.607670,662.701329
55785.084277,162950.338596,664.606068
55781.896531,163074.770314,656.425650
55781.934840,163050.357233,658.821266
55781.973148,163025.944152,660.760061
55782.011457,163001.531071,662.039324
55782.459130,163081.693715,655.692704
55782.497439,163057.280634,658.108887
55782.535747,163032.867553,660.413429
55782.574056,163008.454472,661.531756
55782.612364,162984.041391,663.679607
55786.252836,162963.285970,664.765707
55786.145376,162918.039979,664.390656
55783.021729,163088.617116,654.460179
55783.060038,163064.204035,657.447599
55783.098346,163039.790954,659.842481
55783.136655,163015.377873,661.254281
55783.174963,162990.964792,662.914929
55782.049765,162977.117989,664.330003
55787.373106,162930.788403,664.486660
55783.622637,163071.127436,656.731132
55783.660945,163046.714355,659.101694
55783.699254,163022.301274,660.817146
55783.737562,162997.888193,662.126059
55782.938502,162910.626485,664.508348
55784.185236,163078.050837,656.113061
55784.223544,163053.637756,658.331282
55784.261853,163029.224675,660.528762
55784.300161,163004.811594,661.542456
55784.338470,162980.398513,663.922814
55784.747835,163084.974238,655.110824
55788.200716,162943.669298,664.598395
55784.786143,163060.561157,657.720446
55784.824452,163036.148076,659.934543
55784.862760,163011.734995,661.205971
55784.901069,162987.321914,663.153595
55785.310434,163091.897639,653.641110
55785.348742,163067.484558,657.035303
55785.387051,163043.071477,659.327952
55785.425359,163018.658396,660.895006
55785.463668,162994.245315,662.288857
55785.911341,163074.407959,656.437998
55785.949650,163049.994878,658.584945
55785.987958,163025.581797,660.596466
55785.426843,162913.794595,664.442396
55786.026267,163001.168716,661.647971
55786.064575,162976.755635,664.138352
55789.403376,162956.475199,664.716761
55786.473940,163081.331360,655.628454
55786.512249,163056.918279,657.936241
55786.550557,163032.505198,660.104382
55786.588866,163008.092117,661.154038
55786.627174,162983.679036,663.404369
55790.216797,162923.769682,664.415847
55785.928197,162908.806671,664.548905
55787.036539,163088.254761,654.372708
55787.074848,163063.841680,657.308509
55787.113156,163039.428599,659.424289
55789.526285,162969.104322,664.744081
55787.790681,162973.112757,664.388453
55787.151465,163015.015518,660.909376
55787.189773,162990.602437,662.593529
55787.637447,163070.765081,656.663850
55787.675755,163046.352000,658.822825
55787.714064,163021.938919,660.600638
55787.752372,162997.525838,661.745834
55791.385356,162936.717055,664.481333
55788.200046,163077.688482,656.080296
55788.238354,163053.275401,658.117152
55788.276663,163028.862320,660.222033
55788.314971,163004.449239,661.171229
55788.353280,162980.036158,663.643206
55788.762645,163084.611884,655.016953
55788.800953,163060.198802,657.555473
55788.839262,163035.785721,659.522039
55788.877570,163011.372640,660.848065
55788.915879,162986.959559,662.854656
55792.553915,162949.664428,664.599088
55789.325244,163091.535285,653.508031
55789.363552,163067.122203,656.928066
55789.401861,163042.709122,658.894838
55789.440169,163018.296041,660.606724
55788.768276,162911.580549,664.420435
55789.478478,162993.882960,662.008320
55789.926151,163074.045604,656.408837
55788.917892,162906.986856,664.603118
55789.964460,163049.632523,658.296226
55790.002768,163025.219442,660.305060
55790.041076,163000.806361,661.301364
55790.079385,162976.393280,663.963507
55793.367336,162916.958911,664.328345
55793.722475,162962.611801,664.796108
55790.488750,163080.969006,655.525990
55790.527058,163056.555924,657.744555
55790.565367,163032.142843,659.678350
55790.603675,163007.729762,660.821080
55790.641984,162983.316681,663.110371
55791.051349,163087.892407,654.203327
55791.089657,163063.479325,657.161007
55791.127966,163039.066244,658.967062
55791.166274,163014.653163,660.580853
55791.204583,162990.240082,662.339430
55794.535895,162929.906284,664.405010
55791.652256,163070.402726,656.600535
55791.690565,163045.989645,658.450532
55791.728873,163021.576564,660.343069
55791.767182,162997.163483,661.472221
55791.805490,162972.750402,664.238870
55792.214855,163077.326128,655.984806
55795.755313,162942.749634,664.547839
55792.253164,163052.913046,657.879163
55792.291472,163028.499965,659.812876
55792.329781,163004.086884,660.861951
55792.368089,162979.673803,663.391354
55792.777454,163084.249529,654.840923
55792.260431,162909.635019,664.385313
55792.815763,163059.836447,657.392419
55792.854071,163035.423366,659.099729
55792.892380,163011.010285,660.521128
55792.930688,162986.597204,662.570619
55791.907587,162905.167042,664.570103
55793.340053,163091.172930,653.293246
55793.378362,163066.759849,656.783366
55793.416670,163042.346767,658.498126
55796.056739,162955.709443,664.721353
55793.454979,163017.933686,660.302552
55793.493287,162993.520605,661.708143
55793.531596,162969.107524,664.485346
55793.940961,163073.683250,656.316992
55793.979269,163049.270168,657.939753
55794.017578,163024.857087,659.923467
55794.055886,163000.444006,660.995990
55794.094195,162976.030925,663.786035
55797.686435,162923.095513,664.402653
55794.503560,163080.606651,655.402713
55794.541868,163056.193569,657.559522
55794.580177,163031.780488,659.224488
55794.618485,163007.367407,660.520530
55794.656794,162982.954326,662.819865
55795.066159,163087.530052,653.989940
55795.104467,163063.116971,656.995777
55795.142776,163038.703889,658.548296
55795.181084,163014.290808,660.225483
55795.219393,162989.877727,661.990494
55798.854994,162936.042886,664.456473
55795.667066,163070.040372,656.536709
55795.705375,163045.627290,657.969544
55795.743683,163021.214209,660.051464
55795.781992,162996.801128,661.172220
55795.820300,162972.388047,664.073812
55795.677226,162907.555231,664.433502
55794.918528,162903.382600,664.615793
55796.229665,163076.963773,655.834035
55796.267974,163052.550692,657.623116
55796.690907,162911.991747,664.323474
55796.306282,163028.137610,659.339527
55796.344591,163003.724529,660.593891
55796.382899,162979.311448,663.138305
55800.023554,162948.990259,664.541699
55796.792264,163083.887174,654.657688
55796.830573,163059.474093,657.216097
55796.868881,163035.061011,658.608456
55796.907190,163010.647930,660.101196
55796.945498,162986.234849,662.202930
55799.080969,163087.167697,653.787226
55800.977243,162916.008934,664.392264
55797.393172,163066.397494,656.663427
55797.431480,163041.984412,657.946028
55797.469789,163017.571331,659.938204
55797.508097,162993.158250,661.382876
55795.453794,162965.555703,664.714285
55797.546406,162968.745169,664.321912
55800.603920,162960.915962,664.690107
55799.272511,162965.102291,664.558504
55797.955771,163073.320895,656.141665
55797.994079,163048.907814,657.541357
55798.032388,163024.494732,659.463010
55798.070696,163000.081651,660.710340
55798.109005,162975.668570,663.566553
55798.518370,163080.244296,655.188241
55801.466225,162929.049701,664.415541
55798.556678,163055.831215,657.317749
55798.594987,163031.418133,658.737378
55798.633295,163007.005052,660.167528
55798.671604,162982.591971,662.492475
55799.171552,162905.608521,664.466221
55797.985283,162901.695884,664.674572
55799.119277,163062.754616,656.829013
55799.157586,163038.341535,657.977276
55799.195894,163013.928453,659.757566
55799.234203,162989.515372,661.617453
55799.681876,163069.678017,656.390450
55799.720185,163045.264936,657.422886
55799.758493,163020.851854,659.541404
55803.174093,162942.179488,664.486845
55799.796802,162996.438773,660.852823
55799.835110,162972.025692,663.881808
55804.342652,162955.126861,664.466095
55800.244475,163076.601418,655.563529
55800.282784,163052.188337,657.256254
55800.321092,163027.775255,658.891902
55800.359401,163003.362174,660.302114
55800.397709,162978.949093,662.910466
55803.987514,162909.473971,664.388356
55800.807074,163083.524819,654.379713
55800.845383,163059.111738,656.943202
55800.883691,163034.698657,658.154671
55800.922000,163010.285575,659.707542
55800.960308,162985.872494,661.831306
55801.407982,163066.035139,656.498385
55801.446290,163041.622058,657.435419
55801.484599,163017.208976,659.451014
55801.522907,162992.795895,661.048680
55801.561216,162968.382814,664.147400
55805.156073,162922.421344,664.412796
55801.970581,163072.958540,655.877454
55802.676416,162903.680846,664.508785
55801.052039,162900.009169,664.682312
55802.008889,163048.545459,657.145016
55802.047198,163024.132378,659.024748
55802.085506,162999.719296,660.415220
55802.123815,162975.306215,663.399584
55802.533180,163079.881941,654.792101
55802.571488,163055.468860,656.963186
55802.609797,163031.055779,658.318670
55802.648105,163006.642697,659.808852
55802.686414,162982.229616,662.212446
55806.324633,162935.368717,664.420438
55803.095779,163086.805342,653.552348
55803.134087,163062.392261,656.604058
55803.172396,163037.979180,657.542666
55803.210704,163013.566098,659.357617
55803.249013,162989.153017,661.290846
55803.287321,162964.739936,664.430494
55803.696686,163069.315662,656.124958
55803.734995,163044.902581,657.007191
55803.773303,163020.489500,659.082761
55803.811612,162996.076418,660.567811
55803.849920,162971.663337,663.749552
55808.027824,162948.566834,664.351246
55804.259285,163076.239063,655.092347
55804.297594,163051.825982,656.870547
55804.335902,163027.412901,658.453295
55804.374211,163002.999819,659.945343
55804.412519,162978.586738,662.674328
55808.661751,162961.263463,664.446118
55804.821884,163083.162464,653.877323
55804.860193,163058.749383,656.622187
55804.898501,163034.336302,657.746283
55804.936810,163009.923221,659.404342
55804.975118,162985.510139,661.527418
55808.306613,162915.610573,664.380432
55806.181280,162901.753171,664.521832
55804.118795,162898.322453,664.701715
55805.422792,163065.672784,656.237390
55805.461100,163041.259703,657.031336
55809.560228,162928.511067,664.399680
55805.499409,163016.846622,659.006476
55805.537717,162992.433540,660.766125
55805.576026,162968.020459,664.064988
55805.985391,163072.596185,655.388174
55806.023699,163048.183104,656.751305
55806.062008,163023.770023,658.567967
55806.100316,162999.356941,660.105720
55806.138625,162974.943860,663.167761
55806.547990,163079.519586,654.093979
55806.586298,163055.106505,656.595790
55806.624607,163030.693424,657.858132
55806.662915,163006.280343,659.517071
55807.994810,162905.575975,664.426730
55806.701224,162981.867261,661.941083
55807.148897,163062.029906,656.277618
55807.187206,163037.616825,657.165730
55810.643731,162941.505319,664.346044
55807.225514,163013.203744,659.030055
55807.263823,162988.790662,661.009047
55807.302131,162964.377581,664.346001
55807.711496,163068.953307,655.733732
55807.749805,163044.540226,656.666125
55807.788113,163020.127145,658.647738
55807.826422,162995.714064,660.290401
55807.864730,162971.300982,663.588074
55811.457152,162908.799802,664.454719
55807.185550,162896.635737,664.728220
55808.274095,163075.876708,654.517347
55808.312404,163051.463627,656.520122
55808.350712,163027.050546,657.998597
55811.812291,162954.452692,664.292615
55808.389021,163002.637465,659.658560
55808.427329,162978.224383,662.425295
55810.562800,163079.157231,653.252767
55808.875003,163058.387028,656.261354
55808.913311,163033.973947,657.355319
55808.951620,163009.560866,659.148463
55808.989928,162985.147784,661.319998
55813.104155,162921.941819,664.346541
55809.437602,163065.310429,655.860567
55809.475910,163040.897348,656.726539
55809.514219,163016.484267,658.688975
55809.552527,162992.071186,660.507763
55809.590836,162967.658104,663.984589
55810.000201,163072.233830,654.921138
55810.038509,163047.820749,656.434288
55810.076818,163023.407668,658.144070
55810.115126,162998.994587,659.845035
55810.153435,162974.581505,662.970792
55810.025091,162900.504047,664.599253
55813.684877,162934.958697,664.450158
55810.601108,163054.744150,656.169737
55810.639417,163030.331069,657.472137
55810.677725,163005.917988,659.282732
55810.716034,162981.504907,661.749397
55811.163707,163061.667551,655.929601
55810.252306,162894.949022,664.752682
55813.316189,162893.172006,664.743213
55811.202016,163037.254470,656.833360
55811.240324,163012.841389,658.792402
55811.278633,162988.428308,660.765611
55811.316941,162964.015226,664.279490
55811.726306,163068.590952,655.357075
55811.764615,163044.177871,656.378308
55811.802923,163019.764790,658.267925
55811.841232,162995.351709,660.050541
55811.879540,162970.938627,663.459759
55814.607692,162901.989031,664.466295
55814.962830,162947.641921,664.207720
55812.288905,163075.514353,654.103352
55815.776251,162914.936404,664.315615
55812.327214,163051.101272,656.119732
55812.365522,163026.688191,657.610453
55812.403831,163002.275110,659.437361
55812.442139,162977.862029,662.253825
55816.176839,162959.543644,664.184466
55812.889813,163058.024673,655.920431
55812.928121,163033.611592,656.983275
55812.966430,163009.198511,658.952616
55813.004738,162984.785430,661.171576
55813.452412,163064.948074,655.465800
55813.490720,163040.534993,656.441223
55813.529029,163016.121912,658.442758
55813.567337,162991.708831,660.296638
55816.944810,162927.883777,664.317015
55813.605646,162967.295750,663.869522
55813.608761,163071.769925,654.834174
55813.191007,162897.897821,664.661677
55814.053319,163047.458394,656.107301
55814.091628,163023.045313,657.863708
55814.129936,162998.632232,659.624987
55814.168245,162974.219151,662.809652
55814.615918,163054.381795,655.772314
55814.654227,163029.968714,657.186246
55818.113370,162940.831150,664.258416
55814.692535,163005.555633,659.095472
55814.730844,162981.142552,661.624451
55814.619917,163061.000496,655.782787
55815.216826,163036.892115,656.548675
55815.255134,163012.479034,658.612271
55815.293443,162988.065953,660.573884
55815.331751,162963.652872,664.172113
55818.761495,162907.799677,664.450680
55814.166916,163068.127047,655.192343
55815.779425,163043.815516,656.094419
55815.817733,163019.402435,658.030625
55819.281929,162953.778523,664.164795
55815.856042,162994.989354,659.862002
55815.894350,162970.576273,663.294542
55816.342024,163050.738917,655.735122
55816.380332,163026.325836,657.441607
55816.418641,163001.912755,659.257102
55816.456949,162977.499674,662.124770
55816.193723,163056.951418,655.900710
55816.942931,163033.249237,656.697595
55816.981240,163008.836156,658.808570
55817.019548,162984.423075,661.016102
55820.095350,162921.073006,664.274815
55816.818991,162896.213265,664.665288
55816.638705,162892.153266,664.715255
55817.505530,163040.172638,656.151691
55817.543839,163015.759557,658.289983
55817.582147,162991.346476,660.156619
55817.620456,162966.933395,663.703380
55821.263909,162934.020379,664.247806
55818.068129,163047.096039,655.738278
55818.106438,163022.682958,657.748171
55818.144746,162998.269877,659.435437
55818.183055,162973.856796,662.662423
55822.077330,162901.314862,664.485009
55818.630728,163054.019440,655.820214
55818.669037,163029.606359,657.005889
55818.707345,163005.193278,658.956573
55818.745654,162980.780197,661.502328
55821.959161,162946.559792,664.130249
55819.231636,163036.529760,656.254673
55819.269944,163012.116679,658.538941
55819.308253,162987.703598,660.496350
55819.346561,162963.290517,664.018926
55823.245889,162914.262235,664.299170
55819.794235,163043.453161,655.710743
55819.832543,163019.040080,657.994865
55819.870852,162994.626999,659.721795
55819.909160,162970.213918,663.128846
55823.464628,162958.733125,664.107550
55820.356834,163050.376562,655.616002
55820.395142,163025.963481,657.384231
55820.433451,163001.550400,659.113363
55820.471759,162977.137319,662.041208
55820.109621,162894.671531,664.658047
55820.052748,162891.382353,664.683817
55820.957741,163032.886882,656.498503
55824.414449,162927.209608,664.272537
55820.996050,163008.473801,658.747354
55821.034358,162984.060720,660.911738
55821.520340,163039.810283,655.840402
55821.558649,163015.397202,658.292992
55821.596957,162990.984121,660.041969
55821.635266,162966.571040,663.536056
55822.082939,163046.733684,655.417498
55822.121248,163022.320603,657.753317
55825.583008,162940.156981,664.307377
55822.159556,162997.907522,659.275478
55822.197865,162973.494441,662.571420
55822.213738,163050.586735,655.813072
55824.371644,163050.014207,655.652425
55826.300548,163049.816581,655.293701
55822.683847,163029.244004,656.930309
55822.722155,163004.830923,658.886183
55822.760464,162980.417842,661.425835
55826.752347,162907.283031,664.474725
55823.246446,163036.167405,656.046743
55823.284754,163011.754324,658.586986
55826.751567,162953.104354,664.207556
55823.323063,162987.341243,660.410148
55823.361371,162962.928162,663.928600
55823.809045,163043.090806,655.457074
55823.847353,163018.677725,658.111857
55823.885662,162994.264644,659.598994
55823.923970,162969.851563,663.054619
55823.466792,162890.611440,664.661715
55826.998699,162921.022953,664.365145
55824.622519,162894.451178,664.643030
55824.409952,163025.601126,657.453564
55824.448261,163001.188045,659.042608
55824.486569,162976.774964,661.991024
55824.972551,163032.524527,656.460123
55825.010860,163008.111446,658.764302
55825.049168,162983.698365,660.832026
55828.733547,162933.346210,664.381348
55825.535150,163039.447928,655.677806
55825.573459,163015.034847,658.436331
55825.611767,162990.621766,659.943792
55825.650076,162966.208685,663.499795
55829.902107,162946.293583,664.307549
55829.546968,162900.640693,664.473988
55826.097749,163046.371330,655.273327
55826.136058,163021.958248,657.918862
55826.174366,162997.545167,659.244333
55826.212675,162973.132086,662.556062
55826.698657,163028.881649,657.017619
55826.736965,163004.468568,658.895052
55826.775274,162980.055487,661.358105
55830.715528,162913.588066,664.464458
55827.261256,163035.805050,656.112583
55827.299564,163011.391969,658.675466
55827.337873,162986.978888,660.327977
55827.376181,162962.565807,663.903295
55829.843216,162958.604507,664.144832
55826.955451,162890.329914,664.656440
55827.823855,163042.728452,655.481887
55827.862163,163018.315370,658.387709
55827.900472,162993.902289,659.547206
55827.938780,162969.489208,663.041164
55828.424762,163025.238771,657.620947
55831.884087,162926.535439,664.514746
55828.463071,163000.825690,659.054931
55828.501379,162976.412609,661.926354
55828.621653,162894.367928,664.640671
55828.987361,163032.162173,656.664541
55829.025670,163007.749091,658.806558
55829.063978,162983.336010,660.759676
55829.549960,163039.085574,655.823080
55829.588269,163014.672492,658.672178
55833.539971,162939.301760,664.499743
55829.626577,162990.259411,659.889810
55829.664886,162965.846330,663.485783
55830.112559,163046.008975,655.414927
55828.386454,163049.651853,655.305475
55830.150868,163021.595893,658.246102
55830.189176,162997.182812,659.255623
55830.227485,162972.769731,662.517900
55830.713467,163028.519295,657.335038
55830.751775,163004.106213,658.961474
55834.221206,162952.430186,664.401113
55833.866067,162906.777295,664.591460
55830.790084,162979.693132,661.309270
55830.432067,162890.400716,664.645342
55835.034626,162919.724668,664.572082
55831.276066,163035.442696,656.424912
55831.314374,163011.029614,658.851993
55831.352683,162986.616533,660.281688
55831.390991,162962.203452,663.900633
55831.838665,163042.366097,655.736897
55831.876973,163017.953016,658.739585
55831.915281,162993.539934,659.538256
55831.953590,162969.126853,663.015024
55830.435258,163049.238326,655.361607
55832.401263,163049.289498,655.457596
55832.439572,163024.876417,657.990953
55832.477880,163000.463335,659.131230
55832.516189,162976.050254,661.904493
55832.466844,162894.577336,664.599229
55836.174259,162932.314763,664.489266
55833.002171,163031.799818,657.129199
55833.040479,163007.386736,659.019939
55833.078788,162982.973655,660.715736
55837.016607,162899.966524,664.505375
55833.564770,163038.723219,656.270095
55833.603078,163014.310138,659.013252
55833.641387,162989.897056,659.896073
55833.679695,162965.483975,663.492083
55836.812754,162957.839388,664.226997
55835.405801,162961.841097,663.934907
55837.332839,162945.447897,664.502318
55834.127369,163045.646620,655.730252
55834.165677,163021.233539,658.605425
55834.203986,162996.820457,659.328215
55834.242294,162972.407376,662.499060
55833.953723,162890.485431,664.690228
55837.452859,162890.563190,664.691777
55834.728276,163028.156940,657.800158
55838.809979,162912.932925,664.588460
55834.766585,163003.743859,659.161390
55834.804893,162979.330777,661.296670
55835.290875,163035.080341,656.877995
55835.329184,163010.667260,659.188460
55835.367492,162986.254178,660.312456
55835.853474,163042.003742,656.142335
55835.891783,163017.590661,659.027734
55839.280504,162926.314705,664.596008
55835.930091,162993.177579,659.580289
55835.968400,162968.764498,663.009843
55836.416073,163048.927143,655.783481
55838.704778,163052.207666,655.613263
55836.454382,163024.514062,658.446465
55836.129382,162895.261597,664.613253
55836.492690,163000.100981,659.313159
55836.530999,162975.687899,661.955753
55837.016981,163031.437463,657.550938
55837.055289,163007.024382,659.294991
55837.093598,162982.611300,660.788299
55840.522285,162938.808644,664.391018
55837.579580,163038.360864,656.738846
55837.617888,163013.947783,659.276228
55837.656197,162989.534702,659.970408
55837.694505,162965.121620,663.495679
55841.335705,162906.103127,664.514694
55838.142179,163045.284265,656.098086
55838.180487,163020.871184,658.959600
55838.218796,162996.458103,659.488005
55841.690844,162951.756017,664.452808
55838.257104,162972.045021,662.550754
55838.743086,163027.794585,658.235630
55838.781395,163003.381504,659.415232
55838.819703,162978.968422,661.406648
55842.313113,162919.070834,664.513274
55839.305685,163034.717986,657.358952
55839.343994,163010.304905,659.457168
55839.382302,162985.891824,660.457620
55839.420611,162961.478742,663.971169
55839.868284,163041.641387,656.628614
55839.906593,163017.228306,659.273427
55839.944901,162992.815225,659.822614
55839.983210,162968.402143,663.093318
55841.002858,162894.414113,664.598686
55843.672824,162931.997873,664.409190
55840.430883,163048.564788,655.932712
55840.469192,163024.151707,658.798101
55840.507500,162999.738626,659.550761
55840.545809,162975.325545,662.097145
55845.134293,162957.367269,664.282515
55844.373915,162899.470265,664.499423
55841.031791,163031.075108,657.954741
55841.070099,163006.662027,659.528728
55841.108408,162982.248946,660.978802
55844.841383,162944.945246,664.393395
55840.951996,162890.640948,664.671981
55841.594390,163037.998509,657.160168
55841.632698,163013.585428,659.498731
55841.671007,162989.172347,660.230806
55841.709315,162964.759265,663.599798
55842.156989,163044.921910,656.371870
55842.195297,163020.508829,659.234097
55842.233606,162996.095748,659.762253
55842.271914,162971.682667,662.751065
55842.719588,163051.845311,655.474383
55840.993482,163055.488189,655.028175
55842.757896,163027.432230,658.604131
55842.796205,163003.019149,659.602899
55845.654804,162912.239729,664.564152
55842.834513,162978.606068,661.618644
55846.823364,162925.187102,664.517785
55843.320495,163034.355631,657.727274
55843.358804,163009.942550,659.644721
55843.397112,162985.529469,660.710990
55843.435421,162961.116388,664.042554
55843.883094,163041.279032,656.904361
55843.921403,163016.865951,659.454395
55843.959711,162992.452870,660.168595
55843.998020,162968.039789,663.246588
55844.445693,163048.202433,656.015766
55844.484002,163023.789352,659.014980
55844.522310,162999.376271,659.813959
55847.655088,162937.894554,664.358496
55844.560619,162974.963190,662.255101
55844.187293,162891.003971,664.690824
55847.950268,162890.796465,664.697823
55845.008292,163055.125834,654.968366
55843.282187,163058.768712,654.422542
55844.617704,162894.723396,664.650199
55845.046601,163030.712753,658.298518
55845.084909,163006.299672,659.711614
55845.123218,162981.886591,661.276295
55848.805344,162905.428958,664.525243
55845.609200,163037.636154,657.433431
55845.647508,163013.223073,659.652500
55845.685817,162988.809992,660.591226
55849.160482,162951.081848,664.574355
55845.724125,162964.396911,663.698198
55846.171799,163044.559555,656.538094
55846.210107,163020.146474,659.347257
55846.248416,162995.733393,660.144580
55846.286724,162971.320312,662.855010
55849.997017,162918.413014,664.563825
55846.734398,163051.482956,655.635630
55846.772706,163027.069875,658.788576
55846.811015,163002.656794,659.833145
55846.849323,162978.243713,661.878846
55847.296997,163058.406357,654.455578
55845.570891,163062.049235,653.948781
55847.335305,163033.993276,657.974786
55847.373614,163009.580195,659.808097
55847.411922,162985.167114,661.009586
55847.450231,162960.754033,664.115167
55851.142462,162931.323704,664.435290
55847.897904,163040.916677,657.080073
55847.936213,163016.503596,659.580824
55847.974521,162992.090515,660.532565
55848.012830,162967.677434,663.335435
55848.616717,162894.812263,664.611166
55852.016681,162898.601890,664.440828
55848.460503,163047.840078,656.159579
55848.498812,163023.426997,659.151912
55848.537120,162999.013916,660.067056
55848.575429,162974.600835,662.485396
55852.311022,162944.271077,664.431955
55849.023102,163054.763479,655.113752
55849.061411,163030.350398,658.536120
55849.099719,163005.937317,659.873220
55849.138028,162981.524236,661.578557
55853.479581,162957.218450,664.344548
55849.585701,163061.686880,653.730194
55849.624010,163037.273799,657.595909
55849.662318,163012.860718,659.793406
55852.862481,162911.267525,664.754727
55849.700627,162988.447637,660.913387
55849.738935,162964.034556,663.762108
55850.186609,163044.197200,656.665532
55850.224917,163019.784119,659.424046
55850.263226,162995.371038,660.452458
55850.301534,162970.957957,662.984515
55850.749208,163051.120601,655.782595
55850.787516,163026.707520,658.909454
55850.825825,163002.294439,660.058097
55854.293002,162924.512933,664.577944
55850.864133,162977.881358,662.157508
55851.311807,163058.044002,654.540063
55851.350115,163033.630921,658.119098
55851.388424,163009.217840,659.945488
55851.426732,162984.804759,661.304932
55855.461561,162937.460306,664.464416
55851.912714,163040.554322,657.193190
55851.951023,163016.141241,659.694210
55851.449404,162890.874224,664.671283
55851.989331,162991.728160,660.834394
55852.027640,162967.315079,663.425835
55852.475313,163047.477723,656.291417
55852.513622,163023.064642,659.214041
55852.551930,162998.651561,660.337464
55852.590239,162974.238480,662.709391
55852.487602,162895.155522,664.618022
55856.274982,162904.754789,664.526694
55853.037912,163054.401125,655.261157
55853.076221,163029.988043,658.619694
55853.114529,163005.574962,660.024437
55853.152838,162981.161881,661.790281
55856.630120,162950.407679,664.620049
55853.600511,163061.324526,653.960345
55855.889216,163064.605049,653.232629
55853.638820,163036.911444,657.770807
55853.677128,163012.498363,659.874659
55853.715437,162988.085282,661.204805
55853.753745,162963.672201,663.797580
55857.443541,162917.702162,664.662978
55854.201419,163043.834845,656.765497
55854.239727,163019.421764,659.457688
55854.278036,162995.008683,660.703998
55854.316344,162970.595602,663.141003
55854.764018,163050.758247,655.882416
55854.802326,163026.345165,658.926622
55854.840635,163001.932084,660.245381
55854.878943,162977.519003,662.357945
55858.938148,162930.220259,664.626140
55855.326617,163057.681648,654.728883
55855.364925,163033.268566,658.264333
55855.403234,163008.855485,660.013831
55855.441542,162984.442404,661.584624
55854.948540,162890.951983,664.649389
55855.927524,163040.191968,657.267646
55855.965833,163015.778886,659.790944
55856.004141,162991.365805,661.099866
55856.614661,162894.993571,664.624096
55859.438883,162899.162863,664.471830
55856.042450,162966.952724,663.532566
55859.197651,162943.833149,664.502357
55856.490123,163047.115369,656.377796
55856.528432,163022.702287,659.183724
55856.566740,162998.289206,660.549215
55856.605049,162973.876125,662.898527
55860.594081,162910.891391,664.647487
55857.052722,163054.038770,655.397370
55857.091031,163029.625688,658.660773
55857.129339,163005.212607,660.146543
55857.167648,162980.799526,662.057848
55860.949219,162956.544281,664.390251
55857.915430,162961.837352,663.981440
55857.615321,163060.962171,654.140192
55857.653630,163036.549090,657.786735
55857.691938,163012.136008,659.927190
55857.730247,162987.722927,661.478013
55858.216229,163043.472491,656.835068
55858.254537,163019.059409,659.424343
55858.292846,162994.646328,660.927659
55861.762640,162923.838764,664.678629
55858.331154,162970.233247,663.311683
55858.778828,163050.395892,655.942085
55858.817136,163025.982811,658.892993
55858.855445,163001.569729,660.406104
55858.893753,162977.156648,662.593436
55858.447479,162891.038141,664.618474
55859.341427,163057.319293,654.894380
55859.379735,163032.906212,658.250256
55859.418044,163008.493130,660.023783
55859.456352,162984.080049,661.851757
55862.931199,162936.786137,664.594210
55859.904026,163064.242694,653.463880
55859.942334,163039.829613,657.306076
55859.980643,163015.416531,659.708423
55860.018951,162991.003450,661.287102
55860.057260,162966.590369,663.671246
55864.351378,162903.614450,664.403922
55860.504933,163046.753014,656.417887
55860.543242,163022.339933,659.118101
55860.581550,162997.926851,660.750967
55860.619859,162973.513770,663.079069
55860.690348,162895.104018,664.603409
55864.099759,162949.733510,664.548587
55861.067532,163053.676415,655.514496
55861.105841,163029.263334,658.586894
55861.144149,163004.850252,660.212362
55861.182458,162980.437171,662.321673
55864.535674,162917.314387,664.676913
55861.630131,163060.599816,654.323424
55861.668440,163036.186735,657.757340
55861.706748,163011.773654,659.864542
55861.745057,162987.360572,661.673049
55865.268318,162962.680883,664.099980
55862.231039,163043.110136,656.866523
55862.269347,163018.697055,659.382041
55862.307656,162994.283973,661.153022
55862.345964,162969.870892,663.494500
55861.946386,162891.125614,664.625281
55862.793638,163050.033537,655.974307
55862.831946,163025.620456,658.778536
55862.870255,163001.207374,660.525101
55862.908563,162976.794293,662.805716
55866.081739,162929.975366,664.612904
55867.250298,162942.922739,664.476706
55863.356237,163056.956938,655.044457
55863.394545,163032.543857,658.149829
55863.432854,163008.130776,660.009285
55864.612162,162895.193508,664.555534
55866.882538,162899.470798,664.520895
55863.471162,162983.717694,662.087131
55863.918836,163063.880339,653.609249
55863.957144,163039.467258,657.302431
55863.995453,163015.054177,659.664705
55864.033761,162990.641095,661.447022
55864.519743,163046.390659,656.396431
55864.558052,163021.977578,659.061516
55864.596360,162997.564497,660.853714
55868.063719,162910.217222,664.596973
55864.634669,162973.151415,663.288038
55868.418858,162955.870112,664.369932
55865.082342,163053.314060,655.573696
55865.120651,163028.900979,658.525727
55865.158959,163004.487898,660.234095
55865.197268,162980.074816,662.561884
55865.644941,163060.237461,654.409260
55865.683250,163035.824380,657.719585
55865.721558,163011.411299,659.828397
55865.759867,162986.998217,661.821180
55869.232278,162923.164595,664.646349
55865.445293,162891.213087,664.627063
55866.245849,163042.747781,656.834408
55866.284157,163018.334700,659.361618
55866.322466,162993.921619,661.187237
55866.360774,162969.508537,663.739131
55866.808448,163049.671182,655.973706
55866.846756,163025.258101,658.753070
55866.885065,163000.845020,660.543233
55866.923373,162976.431938,663.069740
55870.632889,162936.320266,664.586956
55867.371047,163056.594583,655.050074
55867.409355,163032.181502,658.131843
55867.447664,163007.768421,660.002189
55867.485972,162983.355340,662.282279
55867.933646,163063.517984,653.708478
55867.971954,163039.104903,657.289001
55868.010263,163014.691822,659.593199
55868.048571,162990.278741,661.518033
55871.560779,162949.097971,664.419281
55871.214259,162903.406451,664.512418
55868.534553,163046.028304,656.384737
55872.382818,162916.353824,664.621722
55868.572862,163021.615223,659.040951
55868.611170,162997.202142,660.871340
55868.609297,162895.344888,664.601283
55868.649479,162972.789060,663.556433
55869.097152,163052.951705,655.556131
55869.135461,163028.538624,658.517111
55869.173769,163004.125543,660.238277
55869.212078,162979.712462,662.782496
55872.737956,162962.006714,664.394835
55868.041717,162966.089785,664.148178
55868.944200,162891.300559,664.682247
55869.659751,163059.875106,654.420971
55869.698060,163035.462025,657.690501
55869.736368,163011.048944,659.779519
55869.774677,162986.635863,661.937914
55873.549356,162929.298160,664.557143
55870.260659,163042.385426,656.815580
55870.298967,163017.972345,659.343016
55870.337276,162993.559264,661.212507
55870.375584,162969.146183,663.935383
55870.823258,163049.308827,655.914504
55870.861566,163024.895746,658.718528
55872.472668,162896.381402,664.595743
55870.899875,163000.482665,660.479726
55870.938183,162976.069584,663.218557
55874.719937,162942.248570,664.490696
55871.385857,163056.232228,654.993637
55871.424165,163031.819147,658.033119
55871.462474,163007.406066,659.970112
55871.500782,162982.992985,662.401672
55871.948456,163063.155629,653.696296
55871.986764,163038.742548,657.215922
55872.025073,163014.329467,659.527538
55875.329505,162965.551967,664.304713
55872.063381,162989.916386,661.570835
55875.661214,162909.729890,664.630019
55875.888496,162955.195943,664.400542
55872.495771,163045.754220,656.309934
55872.587672,163021.252868,659.002398
55872.326465,162892.200717,664.727515
55872.625980,162996.839787,660.787935
55872.664289,162972.426706,663.634585
55873.111962,163052.589350,655.485571
55873.150271,163028.176269,658.363233
55873.188579,163003.763188,660.163319
55873.226888,162979.350107,662.841342
55876.701917,162922.490426,664.607521
55873.674561,163059.512751,654.329171
55873.712870,163035.099670,657.581502
55873.751178,163010.686589,659.715265
55873.789487,162986.273508,661.989916
55874.275469,163042.023071,656.716268
55874.313777,163017.609990,659.319788
55874.352085,162993.196909,661.204394
55874.390394,162968.783828,664.020806
55877.870476,162935.437799,664.516379
55874.838067,163048.946472,655.814181
55874.876376,163024.533391,658.646706
55874.914684,163000.120310,660.406751
55874.952993,162975.707229,663.253064
55876.336039,162897.417917,664.626747
55878.617141,162902.663044,664.617881
55875.400666,163055.869873,654.856052
55875.438975,163031.456792,657.949317
55875.477283,163007.043711,659.906895
55875.515592,162982.630630,662.435949
55879.163613,162948.129767,664.417321
55875.963265,163062.793274,653.571961
55876.001574,163038.380193,657.090395
55876.039882,163013.967112,659.489680
55876.078191,162989.554031,661.599699
55875.706915,162893.107667,664.662019
55879.852456,162915.679655,664.659987
55876.564173,163045.303594,656.214514
55876.602481,163020.890513,658.975266
55876.640790,162996.477432,660.737319
55876.679098,162972.064351,663.638431
55880.207595,162961.332546,664.340632
55877.126772,163052.226995,655.316352
55877.165080,163027.813914,658.301057
55877.203389,163003.400833,660.097273
55877.241697,162978.987752,662.836637
55881.021016,162928.627029,664.559563
55877.689371,163059.150396,654.212602
55877.727679,163034.737315,657.517584
55877.765988,163010.324234,659.739313
55877.804296,162985.911153,662.001888
55878.290278,163041.660716,656.629773
55878.328587,163017.247635,659.294370
55878.366895,162992.834554,661.150377
55878.405204,162968.421473,664.013941
55882.189575,162941.574402,664.535470
55878.852877,163048.584117,655.670956
55878.891186,163024.171036,658.610112
55878.929494,162999.757955,660.344954
55878.967803,162975.344874,663.229600
55879.415476,163055.507518,654.727770
55879.453785,163031.094437,657.906776
55879.492093,163006.681356,659.965077
55879.530402,162982.268275,662.406925
55883.002996,162908.868885,664.599276
55879.087365,162894.014617,664.643396
55883.358134,162954.521775,664.373297
55879.978075,163062.430920,653.364054
55880.016384,163038.017838,657.009539
55880.054692,163013.604757,659.548737
55880.093001,162989.191676,661.554369
55880.202229,162898.844474,664.653852
55880.578983,163044.941239,656.105185
55880.617291,163020.528158,658.926998
55880.655600,162996.115077,660.664089
55880.693908,162971.701996,663.604565
55884.171555,162921.816258,664.660160
55881.141582,163051.864640,655.163798
55881.179890,163027.451559,658.265922
55881.218199,163003.038478,660.069332
55881.256507,162978.625397,662.798978
55881.704181,163058.788042,654.068541
55881.742489,163034.374960,657.417192
55881.780798,163009.961879,659.775061
55881.819106,162985.548798,661.952951
55885.340114,162934.763631,664.555231
55882.305088,163041.298361,656.573217
55882.343397,163016.885280,659.240401
55882.381705,162992.472199,661.056533
55883.026444,162965.014198,664.225544
55882.420014,162968.059118,663.952758
55884.096350,162899.356577,664.675527
55885.937249,162903.367649,664.696512
55882.867687,163048.221763,655.551183
55882.905996,163023.808681,658.584586
55882.944304,162999.395600,660.303514
55882.982613,162974.982519,663.188343
55882.467815,162894.921567,664.610003
55885.893669,162895.638169,664.621353
55886.508674,162947.711004,664.483976
55883.430286,163055.145164,654.607573
55883.468595,163030.732082,657.816129
55883.506903,163006.319001,659.955909
55883.545212,162981.905920,662.352159
55887.322095,162915.005487,664.641010
55885.718991,163058.425687,653.940395
55884.031194,163037.655483,657.000001
55884.069502,163013.242402,659.525141
55884.107811,162988.829321,661.491749
55887.677233,162960.658377,664.152147
55884.593793,163044.578885,656.050446
55884.632101,163020.165803,658.924656
55884.670410,162995.752722,660.627530
55884.708718,162971.339641,663.573207
55888.490654,162927.952860,664.766503
55885.156392,163051.502286,655.086160
55885.194700,163027.089204,658.192701
55885.233009,163002.676123,660.066746
55885.271317,162978.263042,662.744127
55885.757299,163034.012606,657.351659
55885.795608,163009.599524,659.737445
55885.833916,162985.186443,661.903426
55889.659213,162940.900233,664.624072
55886.319898,163040.936007,656.526348
55886.358207,163016.522925,659.262027
55886.396515,162992.109844,661.017560
55886.434824,162967.696763,663.931910
55886.882497,163047.859408,655.533121
55886.920806,163023.446326,658.513358
55886.959114,162999.033245,660.347659
55886.997423,162974.620164,663.149595
55889.956763,162908.106664,664.681331
55891.291350,162953.946910,664.351395
55887.445096,163054.782809,654.528525
55887.483405,163030.369728,657.698911
55887.521713,163005.956646,659.883967
55887.560022,162981.543565,662.283537
55888.046004,163037.293129,656.917977
55888.084312,163012.880047,659.422188
55888.017666,162900.146056,664.691315
55888.122621,162988.466966,661.448059
55891.641193,162921.142089,664.670563
55888.608603,163044.216530,656.014230
55888.646911,163019.803449,658.820429
55888.685220,162995.390367,660.671395
55888.723528,162970.977286,663.531413
55889.171202,163051.139931,655.050312
55889.209510,163026.726850,658.076191
55889.247819,163002.313768,660.078175
55889.286127,162977.900687,662.679554
55892.809753,162934.089462,664.641955
55889.733801,163058.063332,653.872921
55889.772109,163033.650251,657.248641
55889.810418,163009.237169,659.563180
55889.848726,162984.824088,661.841531
55889.324821,162896.328963,664.623040
55891.938983,162900.935535,664.676355
55890.334708,163040.573652,656.463487
55890.373017,163016.160571,659.093952
55890.411325,162991.747489,661.023957
55890.950732,162963.976329,663.972034
55890.449634,162967.334408,663.824914
55893.978312,162947.036835,664.422332
55890.897307,163047.497053,655.539857
55890.935616,163023.083972,658.393020
55890.973924,162998.670890,660.356195
55891.012233,162974.257809,663.019428
55894.791733,162914.331318,664.661473
55891.459906,163054.420454,654.477345
55891.498215,163030.007373,657.619423
55891.536523,163005.594292,659.776559
55891.574832,162981.181210,662.178958
55895.146871,162959.984208,664.024718
55892.060814,163036.930774,656.807684
55892.099122,163012.517693,659.283723
55892.137431,162988.104611,661.406001
55895.960292,162927.278691,664.751263
55892.623413,163043.854175,655.970364
55892.661721,163019.441094,658.691103
55892.700030,162995.028012,660.669932
55892.738338,162970.614931,663.345960
55893.186012,163050.777576,655.007223
55893.224320,163026.364495,658.010111
55893.262629,163001.951414,660.098711
55893.300937,162977.538332,662.482188
55892.755973,162897.019758,664.608983
55897.065538,162940.398060,664.590449
55893.748611,163057.700977,653.848097
55893.786919,163033.287896,657.165869
55893.825228,163008.874815,659.442961
55893.863536,162984.461733,661.731368
55895.860299,162901.725014,664.668641
55897.942272,162907.520547,664.695714
55894.349518,163040.211297,656.345588
55894.387827,163015.798216,658.956249
55894.426135,162991.385135,660.976078
55894.464444,162966.972053,663.634968
55894.912117,163047.134698,655.477367
55894.950426,163022.721617,658.261538
55897.462949,162963.531668,663.737984
55894.988734,162998.308536,660.353793
55895.027043,162973.895454,662.814420
55898.297411,162953.173437,664.162523
55895.474716,163054.058099,654.433181
55895.513025,163029.645018,657.430518
55895.551333,163005.231937,659.673318
55895.589642,162980.818855,662.052768
55899.110832,162920.467920,664.729527
55896.187125,162897.710552,664.600042
55896.075624,163036.568419,656.650183
55896.113932,163012.155338,659.186684
55896.152241,162987.742257,661.282435
55896.638223,163043.491820,655.866368
55896.676531,163019.078739,658.530454
55896.714840,162994.665658,660.620114
55896.753148,162970.252576,663.132872
55900.279391,162933.415293,664.689185
55897.200822,163050.415221,654.961298
55897.239130,163026.002140,657.666824
55897.277439,163001.589059,660.070860
55897.315747,162977.175978,662.337981
55897.763421,163057.338622,653.748403
55897.801729,163032.925541,656.902163
55897.840038,163008.512460,659.404140
55897.878346,162984.099379,661.595577
55901.447950,162946.362666,664.341718
55898.364328,163039.848942,656.154154
55898.402637,163015.435861,658.775560
55898.440945,162991.022780,660.858285
55898.479254,162966.609698,663.425546
55902.261371,162913.657149,664.822171
55898.926927,163046.772343,655.319126
55898.965236,163022.359262,658.014012
55899.003544,162997.946181,660.301074
55899.041853,162973.533100,662.644009
55902.616510,162959.310039,663.929537
55899.489526,163053.695744,654.277313
55899.527835,163029.282663,657.148983
55899.566143,163004.869582,659.650023
55899.604452,162980.456501,661.918859
55899.618277,162898.401346,664.585887
55899.781615,162902.514494,664.638876
55903.429930,162926.604522,664.706159
55900.090434,163036.206064,656.392306
55900.128742,163011.792983,658.996057
55900.167051,162987.379902,661.161461
55900.653033,163043.129465,655.653168
55900.691341,163018.716384,658.308639
55900.729650,162994.303303,660.478393
55900.767958,162969.890222,662.942281
55904.840575,162939.086335,664.554052
55901.215632,163050.052866,654.723834
55901.253940,163025.639785,657.405550
55901.292249,163001.226704,659.952493
55901.330557,162976.813623,662.178944
55904.220169,162962.604466,663.588651
55902.494064,162966.247344,663.283236
55901.778231,163056.976267,653.644939
55901.816539,163032.563186,656.602149
55901.854848,163008.150105,659.251386
55901.893156,162983.737024,661.453031
55903.702932,162903.303973,664.620569
55905.457361,162908.301178,664.680844
55905.767049,162952.499268,664.073006
55902.379138,163039.486587,655.905973
55902.417447,163015.073506,658.557716
55902.455755,162990.660425,660.699790
55902.941737,163046.409988,655.039757
55902.980046,163021.996907,657.776570
55903.018354,162997.583826,660.124279
55903.056663,162973.170745,662.446432
55906.580470,162919.793751,664.857239
55903.504336,163053.333389,654.089915
55903.542645,163028.920308,656.845760
55903.580953,163004.507227,659.522750
55903.619262,162980.094146,661.730777
55903.049429,162899.092140,664.571674
55904.105244,163035.843709,656.086061
55904.143552,163011.430628,658.812927
55904.181861,162987.017547,661.048210
55907.749029,162932.741124,664.622140
55904.667843,163042.767110,655.301050
55904.706151,163018.354029,658.064410
55904.744460,162993.940948,660.369860
55904.782768,162969.527867,662.755459
55905.230442,163049.690511,654.401701
55905.268750,163025.277430,657.199376
55905.307059,163000.864349,659.796985
55905.345367,162976.451268,661.987763
55908.917589,162945.688497,664.151044
55905.793041,163056.613912,653.386471
55905.831349,163032.200831,656.339107
55905.869658,163007.787750,659.104245
55905.907966,162983.374669,661.336909
55909.731009,162912.982980,664.834802
55906.393948,163039.124232,655.559102
55906.432257,163014.711151,658.321375
55906.470565,162990.298070,660.658067
55906.508874,162965.884989,663.137818
55907.322306,162955.744635,664.016079
55908.234979,162962.242111,663.431176
55906.956547,163046.047633,654.681464
55906.994856,163021.634552,657.500650
55907.033164,162997.221471,660.025987
55906.480581,162899.782935,664.550061
55907.071473,162972.808390,662.269425
55910.429524,162925.927122,664.621945
55907.519146,163052.971034,653.754459
55907.557455,163028.557953,656.666337
55907.595763,163004.144872,659.409544
55907.634072,162979.731791,661.557911
55907.612080,162904.151651,664.601780
55908.120054,163035.481354,655.827429
55908.158362,163011.068273,658.620701
55908.196671,162986.655192,660.990579
55908.682653,163042.404755,654.959486
55908.720961,163017.991674,657.823918
55908.759270,162993.578593,660.304508
55908.797578,162969.165512,662.570666
55912.068128,162938.877726,664.172234
55909.245252,163049.328156,654.028623
55909.283560,163024.915075,657.016652
55909.321869,163000.501994,659.678819
55909.360177,162976.088913,661.792785
55911.343773,162905.591954,664.675042
55913.236687,162951.825099,663.715242
55911.687190,162954.956355,663.847434
55911.533956,163052.608680,653.345579
55909.846159,163031.838476,656.137345
55909.884468,163007.425395,658.957701
55909.922776,162983.012314,661.239272
55910.408758,163038.761877,655.240342
55910.447067,163014.348796,658.151785
55910.485375,162989.935715,660.637278
55909.850565,162900.728029,664.532871
55910.523684,162965.522634,662.885930
55914.050108,162919.119582,664.877129
55910.971357,163045.685278,654.314138
55911.009666,163021.272197,657.310049
55911.047974,162996.859116,659.982589
55911.086283,162972.446035,662.050117
55909.961085,162958.599233,663.672376
55911.572265,163028.195598,656.469524
55911.610573,163003.782517,659.317617
55911.648882,162979.369436,661.414085
55915.218668,162932.066955,664.432469
55912.134864,163035.118999,655.603070
55912.173172,163010.705918,658.491344
55912.211481,162986.292837,660.938851
55912.249789,162961.879756,663.164631
55912.697463,163042.042401,654.624879
55912.735771,163017.629319,657.646266
55912.774080,162993.216238,660.285688
55912.812388,162968.803157,662.336278
55916.387227,162945.014328,663.738288
55913.260062,163048.965802,653.622513
55913.298370,163024.552720,656.792976
55913.336679,163000.139639,659.623244
55913.374987,162975.726558,661.605743
55915.075465,162907.032256,664.999506
55917.200648,162912.308811,665.150692
55913.860969,163031.476121,655.963593
55913.115796,162901.988294,664.624797
55913.899278,163007.063040,658.862923
55913.937586,162982.649959,661.138745
55913.975895,162958.236878,663.347121
55914.423568,163038.399523,654.978478
55918.369207,162925.256184,664.643728
55914.461877,163013.986441,658.028334
55914.500185,162989.573360,660.532718
55914.538494,162965.160279,662.586127
55914.986167,163045.322924,653.980711
55915.024476,163020.909842,657.200006
55915.062784,162996.496761,659.901053
55915.101093,162972.083680,661.818967
55915.587075,163027.833244,656.321888
55915.625383,163003.420162,659.247337
55915.663692,162979.007081,661.274169
55915.702000,162954.594000,663.456820
55919.537766,162938.203557,663.985298
55916.149674,163034.756645,655.420302
55916.187982,163010.343563,658.436085
55916.226290,162985.930482,660.824142
55916.264599,162961.517401,662.816604
55916.712272,163041.680046,654.340603
55916.750581,163017.266964,657.574936
55916.788889,162992.853883,660.155774
55916.827198,162968.440802,662.027750
55916.381027,162903.248559,664.921709
55919.113076,162948.353880,663.371739
55919.000977,163044.960569,653.636293
55917.313180,163024.190366,656.662057
55917.351488,162999.777284,659.625429
55917.389797,162975.364203,661.384521
55917.875779,163031.113767,655.828443
55917.914087,163006.700685,658.897224
55917.952396,162982.287604,660.978782
55917.990704,162957.874523,662.968177
55921.953557,162917.947931,664.844566
55918.438378,163038.037168,654.791845
55918.476686,163013.624087,657.991874
55918.514995,162989.211005,660.381172
55918.553303,162964.797924,662.239176
55919.039285,163020.547488,657.118040
55919.077594,162996.134406,659.844162
55919.646258,162904.508823,665.222503
55918.807158,162908.472559,665.192534
55919.115902,162971.721325,661.538722
55922.531260,162931.656141,664.173516
55919.601884,163027.470889,656.211928
55919.640193,163003.057807,659.300946
55919.678501,162978.644726,661.067745
55919.716810,162954.231645,663.053551
55920.164483,163034.394290,655.294627
55920.202792,163009.981209,658.470676
55920.241100,162985.568127,660.597324
55920.279409,162961.155046,662.392065
55922.285115,162941.169160,663.651346
55923.169021,162946.945889,663.218667
55920.727082,163041.317691,654.104981
55920.765391,163016.904610,657.564284
55920.803699,162992.491528,660.030488
55920.842008,162968.078447,661.674720
55922.358787,162910.312649,665.142339
55921.327990,163023.828011,656.592953
55921.366298,162999.414930,659.530333
55921.404607,162975.001848,661.108303
55921.890589,163030.751412,655.743146
55921.928897,163006.338331,658.829673
55921.967206,162981.925249,660.739621
55922.005514,162957.512168,662.537913
55925.838845,162924.582015,664.557845
55922.453188,163037.674813,654.641124
55922.491496,163013.261732,657.996785
55922.529805,162988.848650,660.234663
55922.568113,162964.435569,661.831004
55922.612389,162906.616538,665.516856
55923.015787,163044.598214,653.348007
55923.054095,163020.185133,657.058537
55923.092404,162995.772052,659.707370
55921.442915,162950.588767,663.094196
55923.130712,162971.358970,661.204485
55927.007405,162937.529389,663.711180
55923.616694,163027.108534,656.150251
55923.655003,163002.695453,659.129179
55925.734907,162907.837496,665.369543
55923.693311,162978.282371,660.815927
55923.731620,162953.869290,662.691091
55924.179293,163034.031935,655.165568
55924.217602,163009.618854,658.382084
55924.255910,162985.205773,660.359193
55924.294219,162960.792691,661.950148
55924.741892,163040.955336,653.932358
55924.780201,163016.542255,657.530353
55924.818509,162992.129174,659.894165
55924.856818,162967.716092,661.284299
55925.342800,163023.465656,656.549209
55925.381108,162999.052575,659.356516
55925.419417,162974.639493,660.819159
55925.457725,162950.226412,662.795096
55925.905399,163030.389057,655.653067
55925.943707,163005.975976,658.690699
55925.570100,162912.697489,664.970092
55926.620687,162918.801318,664.654821
55925.982016,162981.562895,660.477645
55926.020324,162957.149813,662.100121
55924.895126,162943.303011,663.371991
55926.467998,163037.312458,654.511832
55926.506306,163012.899377,657.965352
55926.544615,162988.486296,660.061429
55930.157944,162930.718618,664.006542
55926.582923,162964.073214,661.347950
55931.045407,163043.873504,653.211139
55927.068905,163019.822778,657.028114
55927.107214,162995.409697,659.592408
55927.145522,162970.996616,660.844763
55927.183831,162946.583534,662.922066
55927.631504,163026.746179,656.099654
55927.669813,163002.333098,658.937790
55927.708121,162977.920017,660.580932
55927.746430,162953.506935,662.267317
55928.194103,163033.669580,655.081036
55928.232412,163009.256499,658.236625
55928.270720,162984.843418,660.153648
55928.309029,162960.430336,661.474898
55928.756702,163040.592981,653.850695
55928.795011,163016.179900,657.473316
55928.833319,162991.766819,659.767765
55928.871628,162967.353738,660.878926
55928.909936,162942.940656,663.091493
55929.357610,163023.103301,656.509498
55929.395918,162998.690220,659.182301
55929.434227,162974.277139,660.559812
55929.472535,162949.864057,662.341981
55928.544806,162909.924231,665.095480
55928.781414,162915.082330,664.695864
55933.308484,162923.907847,664.297938
55929.920209,163030.026702,655.596851
55929.958517,163005.613621,658.496979
55929.996826,162981.200540,660.264773
55930.035134,162956.787459,661.621458
55930.482808,163036.950103,654.478932
55930.521116,163012.537022,657.867854
55930.559425,162988.123941,659.873711
55930.597733,162963.710860,660.912012
55931.992728,162917.467170,664.486648
55932.362147,162935.654900,663.505334
55930.636042,162939.297778,663.253646
55931.083715,163019.460423,656.970483
55931.122024,162995.047342,659.384187
55931.160332,162970.634261,660.439269
55931.198641,162946.221179,662.471279
55931.646314,163026.383824,656.066927
55931.684623,163001.970743,658.801887
55931.722931,162977.557662,660.271360
55931.761240,162953.144581,661.737284
55932.208913,163033.307225,655.058488
55932.247222,163008.894144,658.103412
55932.285530,162984.481063,659.923972
55932.323839,162960.067982,661.008897
55931.028623,162912.899504,664.789782
55934.164605,162914.097702,664.572190
55932.771512,163040.230626,653.866486
55932.809821,163015.817545,657.387710
55932.848129,162991.404464,659.553762
55932.886438,162966.991383,660.387030
55932.924746,162942.578302,662.640745
55933.372420,163022.740946,656.469951
55933.410728,162998.327865,659.088862
55933.449037,162973.914784,660.140789
55933.487345,162949.501703,661.762389
55933.935019,163029.664347,655.600389
55933.973327,163005.251266,658.401373
55934.011636,162980.838185,659.905719
55934.049944,162956.425104,661.054640
55936.494582,162928.521999,664.040895
55935.699357,162934.584146,663.514746
55934.497618,163036.587748,654.478613
55934.535926,163012.174667,657.733674
55934.574235,162987.761586,659.652622
55934.612543,162963.348505,660.473714
55934.650852,162938.935424,663.038131
55935.060217,163043.511149,653.299498
55935.098525,163019.098068,656.921225
55935.136834,162994.684987,659.235303
55935.175142,162970.271906,660.036042
55935.213451,162945.858825,661.853988
55935.661124,163026.021469,656.047439
55935.699433,163001.608388,658.657156
55935.737741,162977.195307,659.863664
55935.776050,162952.782226,661.103538
55936.974505,162916.184438,664.510196
55935.204042,162919.852011,664.359209
55936.223723,163032.944870,655.082816
55936.262032,163008.531789,657.983042
55936.300340,162984.118708,659.638240
55936.338649,162959.705627,660.478737
55936.786322,163039.868271,653.938340
55936.824631,163015.455190,657.302906
55936.862939,162991.042109,659.348301
55936.901248,162966.629028,659.996577
55936.939556,162942.215947,662.056165
55938.415355,162922.236851,664.241650
55937.387230,163022.378591,656.437909
55937.425538,162997.965510,658.850406
55937.463847,162973.552429,659.786339
55937.502155,162949.139348,661.063164
55937.949829,163029.301992,655.539143
55937.988137,163004.888911,658.234777
55938.026446,162980.475830,659.619918
55938.064754,162956.062749,660.385767
55938.512428,163036.225393,654.549632
55938.550736,163011.812312,657.617728
55938.589045,162987.399231,659.433304
55938.627353,162962.986150,660.082739
55937.228822,162937.656314,663.221936
55937.772462,162940.698319,662.338155
55939.075027,163043.148794,653.455203
55939.113335,163018.735713,656.875948
55939.151644,162994.322632,659.018913
55939.189952,162969.909551,659.690420
55939.784404,162918.271173,664.433199
55939.228261,162945.496470,661.111678
55939.675934,163025.659114,655.980767
55939.304263,162932.234868,664.132274
55938.851767,162934.252591,663.839483
55939.714243,163001.246033,658.463408
55939.752551,162976.832952,659.595987
55939.790860,162952.419871,660.306449
55940.238533,163032.582515,655.137397
55940.276842,163008.169434,657.843038
55940.315150,162983.756353,659.383035
55940.353459,162959.343272,659.919475
55940.140910,162927.190022,664.076152
55940.177423,162930.517313,664.171925
55940.801132,163039.505916,654.084495
55940.839441,163015.092835,657.246770
55940.877749,162990.679754,659.156400
55940.916058,162966.266673,659.646615
55940.553966,162943.301192,661.223061
55941.402040,163022.016236,656.411196
55941.440348,162997.603155,658.632224
55941.478657,162973.190074,659.476597
55941.516965,162948.776993,660.168909
55941.964639,163028.939637,655.592961
55942.002947,163004.526556,658.040640
55942.041256,162980.113475,659.346881
55942.079564,162955.700394,659.719653
55942.594304,162920.357908,664.365228
55941.626669,162924.621691,664.184372
55942.527238,163035.863039,654.641599
55942.565546,163011.449957,657.519249
55942.603855,162987.036876,659.239920
55942.642163,162962.623795,659.746236
55943.089837,163042.786440,653.625337
55943.128145,163018.373358,656.816368
55943.166454,162993.960277,658.822004
55943.204762,162969.547196,659.352343
55942.565471,162945.534515,660.430422
55943.690744,163025.296759,656.017904
55943.729053,163000.883678,658.235167
55943.767361,162976.470597,659.302887
55943.805670,162952.057516,659.468422
55944.253343,163032.220161,655.177258
55944.291652,163007.807079,657.737973
55944.329960,162983.393998,659.218522
55944.368269,162958.980917,659.405853
55944.661176,162945.002437,659.954367
55944.815942,163039.143562,654.184468
55944.854251,163014.730480,657.078160
55944.892559,162990.317399,658.973323
55944.930868,162965.904318,659.225497
55945.416850,163021.653882,656.351156
55945.455158,162997.240800,658.420623
55945.493467,162972.827719,659.167727
55945.531775,162948.414638,659.210134
55945.979449,163028.577283,655.607675
55946.017757,163004.164201,657.886437
55946.056066,162979.751120,659.161232
55946.094374,162955.338039,659.056355
55946.542048,163035.500684,654.712904
55946.580356,163011.087602,657.287406
55946.618665,162986.674521,659.059537
55946.656973,162962.261440,659.162968
55947.104647,163042.424085,653.757021
55949.393351,163045.704608,653.344500
55947.142955,163018.011004,656.690087
55947.181264,162993.597922,658.632332
55947.219572,162969.184841,659.001873
55947.705554,163024.934405,655.973210
55947.743863,163000.521323,658.025700
55947.782171,162976.108242,659.047741
55947.820480,162951.695161,658.702159
55948.268153,163031.857806,655.215424
55948.306462,163007.444725,657.488520
55948.344770,162983.031643,659.004354
55948.383079,162958.618562,658.792491
55947.134681,162945.942160,659.110275
55948.830752,163038.781207,654.267725
55948.869061,163014.368126,656.948796
55948.907369,162989.955044,658.807962
55948.945678,162965.541963,658.818341
55949.431660,163021.291527,656.251327
55949.469968,162996.878445,658.206775
55949.508277,162972.465364,658.878021
55949.546585,162948.052283,658.430303
55949.994259,163028.214928,655.589922
55950.032567,163003.801847,657.639889
55950.070876,162979.388765,658.924003
55950.109184,162954.975684,658.389825
55950.556858,163035.138329,654.770945
55950.595166,163010.725248,657.159092
55950.633475,162986.312166,658.917299
55950.671783,162961.899085,658.643451
55951.119457,163042.061730,653.837360
55949.569186,162946.364882,658.487480
55951.157765,163017.648649,656.542850
55951.196074,162993.235568,658.412952
55951.234382,162968.822486,658.653341
55951.720364,163024.572050,655.865378
55951.758673,163000.158969,657.808165
55951.796981,162975.745887,658.812428
55951.835290,162951.332806,658.048171
55952.282963,163031.495451,655.208686
55952.321272,163007.082370,657.265120
55952.359580,162982.669288,658.815871
55952.397889,162958.256207,658.223786
55952.845562,163038.418852,654.286676
55952.883871,163014.005771,656.744702
55952.922179,162989.592690,658.586329
55952.960488,162965.179608,658.440671
55953.408161,163045.342253,653.469719
55953.446470,163020.929172,656.095143
55953.484778,162996.516091,657.974343
55953.523087,162972.103009,658.592572
55951.551146,162946.926577,658.484279
55954.009069,163027.852573,655.501329
55954.047377,163003.439492,657.419581
55954.085686,162979.026411,658.710532
55954.123994,162954.613329,657.820232
55954.571668,163034.775974,654.723040
55954.609976,163010.362893,656.872123
55954.648285,162985.949812,658.706823
55954.686593,162961.536730,658.170386
55955.134267,163041.699375,653.880014
55955.172575,163017.286294,656.273389
55955.210884,162992.873213,658.165721
55955.249192,162968.460131,658.333225
55954.392995,162948.028728,658.310964
55956.396351,162947.897050,658.098875
55955.735174,163024.209695,655.705815
55955.773483,162999.796614,657.558358
55955.811791,162975.383533,658.580428
55955.850100,162950.970451,657.482547
55956.297773,163031.133096,655.136142
55956.336082,163006.720015,657.001545
55956.374390,162982.306934,658.613445
55956.412699,162957.893852,657.741951
55956.860372,163038.056497,654.284741
55956.898681,163013.643416,656.417747
55956.936989,162989.230335,658.332086
55956.975298,162964.817254,658.048338
55957.422971,163044.979898,653.579853
55957.461280,163020.566817,655.900924
55957.499588,162996.153736,657.678881
55957.537897,162971.740655,658.356597
55958.023879,163027.490218,655.330949
55958.062187,163003.077137,657.127944
55958.100496,162978.664056,658.501984
55958.138804,162954.250974,657.390087
55958.586478,163034.413619,654.664757
55958.624786,163010.000538,656.537359
55958.663094,162985.587457,658.449009
55958.701403,162961.174376,657.730341
55959.149076,163041.337020,653.910733
55959.187385,163016.923939,656.020912
55959.225693,162992.510858,657.882834
55959.264002,162968.097777,658.040432
55959.749984,163023.847340,655.504449
55959.788292,162999.434259,657.250040
55959.826601,162975.021178,658.357583
55958.715805,162948.159173,657.791800
55959.864909,162950.608097,657.095315
55960.312583,163030.770741,654.989194
55960.350891,163006.357660,656.685766
55960.389200,162981.944579,658.365181
55960.427508,162957.531498,657.437273
55960.875182,163037.694142,654.288502
55960.913490,163013.281061,656.116062
55960.951799,162988.867980,658.055355
55960.990107,162964.454899,657.656563
55961.437781,163044.617543,653.554644
55961.476089,163020.204462,655.661647
55961.514398,162995.791381,657.369715
55961.552706,162971.378300,658.076397
55962.038688,163027.127863,655.110575
55962.076997,163002.714782,656.827270
55962.115305,162978.301701,658.235133
55962.153614,162953.888620,657.159137
55962.601287,163034.051264,654.537494
55962.639596,163009.638183,656.188807
55962.677904,162985.225102,658.142854
55962.716213,162960.812021,657.324596
55961.412771,162948.291528,657.525774
55963.163886,163040.974665,653.868109
55963.202195,163016.561584,655.758343
55963.240503,162992.148503,657.578633
55963.278812,162967.735422,657.691512
55963.764794,163023.484985,655.247718
55963.803102,162999.071904,656.953471
55963.841411,162974.658823,658.054283
55963.879719,162950.245742,656.918670
55964.327393,163030.408386,654.720001
55964.365701,163005.995305,656.286470
55964.404010,162981.582224,658.093710
55964.442318,162957.169143,657.116750
55964.889992,163037.331787,654.147538
55964.928300,163012.918706,655.819534
55964.966609,162988.505625,657.681921
55965.004917,162964.092544,657.337671
55963.907589,162948.383929,656.645374
55965.452591,163044.255188,653.479012
55965.490899,163019.842107,655.370346
55965.529208,162995.429026,657.049901
55965.567516,162971.015945,657.721250
55966.053498,163026.765508,654.789342
55966.091807,163002.352427,656.441261
55966.130115,162977.939346,657.928112
55966.168424,162953.526265,656.911895
55966.616097,163033.688909,654.301121
55966.654406,163009.275828,655.885486
55966.692714,162984.862747,657.713407
55966.731023,162960.449666,657.132386
55967.178696,163040.612310,653.759263
55967.217005,163016.199229,655.451561
55967.255313,162991.786148,657.193067
55967.293622,162967.373067,657.328352
55967.779604,163023.122630,654.891068
55967.817912,162998.709549,656.587574
55967.856221,162974.296468,657.634988
55967.204258,162949.371077,656.645374
55968.342203,163030.046031,654.329292
55968.380511,163005.632950,655.992160
55968.418820,162981.219869,657.671705
55968.457128,162956.806788,656.874244
55968.904802,163036.969432,653.906058
55968.943110,163012.556351,655.486868
55968.981419,162988.143270,657.248414
55969.019727,162963.730189,656.989935
55969.467401,163043.892834,653.374727
55969.505709,163019.479752,655.025041
55969.544018,162995.066671,656.682215
55969.582326,162970.653590,657.262909
55970.068308,163026.403153,654.387613
55970.106617,163001.990072,656.106595
55970.144925,162977.576991,657.479111
55970.183234,162953.163910,656.664233
55970.630907,163033.326554,653.995405
55970.669216,163008.913473,655.533027
55970.707524,162984.500392,657.244454
55970.745833,162960.087311,656.768890
55971.193506,163040.249956,653.633830
55970.315081,162950.449084,656.645374
55971.231815,163015.836874,655.083299
55971.270123,162991.423793,656.740050
55971.308432,162967.010712,656.928321
55971.794414,163022.760275,654.493213
55971.832722,162998.347194,656.156801
55971.871031,162973.934113,657.077585
55972.357013,163029.683677,653.910209
55972.395321,163005.270595,655.626333
55972.433630,162980.857514,657.127363
55972.471938,162956.444433,656.682869
55972.919612,163036.607078,653.647136
55972.957920,163012.193996,655.123730
55972.996229,162987.780915,656.754565
55973.034537,162963.367834,656.622889
55975.208316,163039.887601,653.348991
55973.520519,163019.117397,654.639734
55973.558828,162994.704316,656.219230
55973.597136,162970.291235,656.676602
55974.083118,163026.040799,653.963736
55974.121427,163001.627717,655.675394
55974.159735,162977.214636,656.803651
55973.027644,162953.201955,656.806318
55974.645717,163032.964200,653.588299
55974.684026,163008.551118,655.165389
55974.722334,162984.138037,656.692856
55974.760643,162959.724956,656.560652
55975.246625,163015.474520,654.700713
55975.284933,162991.061438,656.182493
55975.323242,162966.648357,656.604029
55975.809224,163022.397921,654.107876
55975.847532,162997.984839,655.646743
55975.885841,162973.571758,656.610838
55976.371823,163029.321322,653.553761
55976.410131,163004.908240,655.176453
55976.448440,162980.495159,656.461030
55975.193148,162956.667278,656.875540
55976.934422,163036.244723,653.319592
55976.972730,163011.831642,654.732977
55977.011039,162987.418560,656.146290
55975.416947,162962.512679,656.580925
55977.535329,163018.755043,654.268959
55977.573638,162994.341961,655.601981
55976.316646,162970.432580,656.629603
55978.097928,163025.678444,653.650345
55978.136237,163001.265363,655.114569
55978.174545,162976.852281,656.532903
55978.660527,163032.601845,653.279447
55978.698836,163008.188764,654.672434
55978.737144,162983.775682,655.985025
55979.261435,163015.112165,654.250856
55979.299743,162990.699083,655.513786
55979.824034,163022.035566,653.733897
55979.862342,162997.622485,655.020101
55980.386633,163028.958967,653.288340
55980.424941,163004.545886,654.606650
55980.463250,162980.132804,655.718083
55980.987540,163011.469287,654.195072
55981.025849,162987.056206,655.356486
55981.550139,163018.392688,653.802993
55981.588448,162993.979607,654.855292
55982.112738,163025.316089,653.341937
55982.151047,163000.903008,654.404557
55982.713646,163007.826409,654.070307
55982.185748,162983.653625,655.718083
55983.276245,163014.749810,653.730108
55983.314553,162990.336729,654.758086
55983.838844,163021.673211,653.368235
55983.877152,162997.260130,654.220189
55984.439751,163004.183531,653.917758
55985.040659,162986.693851,654.693646
55985.002350,163011.106932,653.590142
55985.564949,163018.030333,653.274154
55985.603258,162993.617252,654.037880
55986.165857,163000.540653,653.671853
55986.728456,163007.464054,653.411142
55987.329363,162989.974374,654.069089
55987.891962,162996.897775,653.417983
55988.454561,163003.821176,653.200965
