5.596390758904462564e+04,1.629483839286482544e+05,6.566453741026696207e+02
5.596141277104774053e+04,1.629482915279816953e+05,6.575257744110410840e+02
5.598042494123900542e+04,1.630045458856238110e+05,6.545140884757969388e+02
5.587768937096264563e+04,1.630049498062370403e+05,6.545140884758045559e+02
5.587997807543591625e+04,1.629984309195293172e+05,6.533640544841509836e+02
5.587596326548352226e+04,1.629987932743923739e+05,6.535719613210345642e+02
5.587367456101025891e+04,1.629955127512886538e+05,6.543291712278747809e+02
5.587138585653698829e+04,1.629922322281849338e+05,6.549936365079124698e+02
5.586909715206371766e+04,1.629889517050812137e+05,6.555561310623872942e+02
5.586680844759045431e+04,1.629856711819774937e+05,6.559737063983548069e+02
5.586451974311718368e+04,1.629823906588737736e+05,6.563964310277086724e+02
5.586223103864391305e+04,1.629791101357700536e+05,6.568665230048594594e+02
5.585994233417064970e+04,1.630398296126663336e+05,6.573060758061519664e+02
5.584287661203109747e+04,1.621159328051447519e+05,6.551145686298121973e+02
5.584165362969737907e+04,1.621405490895626135e+05,6.577867348520371706e+02
5.585536492522410845e+04,1.621372685664588935e+05,6.582643330638962880e+02
5.585307622075084510e+04,1.621339880433551734e+05,6.586196942950673474e+02
5.585078751627757447e+04,1.621307075202514534e+05,6.589094536619259088e+02
5.584849881180431112e+04,1.621274269971477333e+05,6.591519120525207427e+02
5.584621010733104049e+04,1.621241464740439842e+05,6.593472574559710893e+02
5.584392140285776986e+04,1.621208659509402642e+05,6.594543945193329364e+02
5.584163269838450651e+04,1.621175854278365441e+05,6.594987310822218660e+02
5.583934399390989711e+04,1.630103049047328241e+05,6.594571680238811950e+02
5.583705528943796526e+04,1.635902416970543272e+05,6.594199907226291089e+02
5.597584753229247144e+04,1.636059848394163710e+05,6.556467429245271887e+02
5.597076658496470191e+04,1.636117438585253840e+05,6.493159084230751432e+02
5.596847788049143128e+04,1.636084633354216639e+05,6.492562303800440304e+02
5.583018917601816065e+04,1.636051828123179439e+05,6.492556228371777252e+02
5.582790047154489730e+04,1.636019022892142239e+05,6.595472057133042654e+02
5.582561176707162667e+04,1.635986217661105038e+05,6.599437921684462935e+02
5.582332306259835605e+04,1.635953412430067838e+05,6.604101475062756208e+02
5.582103435812509269e+04,1.635920607199030637e+05,6.609117379328301922e+02
5.581874565365182207e+04,1.635887801967993437e+05,6.615023284291767141e+02
5.581645694917855144e+04,1.635854996736956236e+05,6.621247695718410569e+02
5.581416824470528809e+04,1.633841025515285728e+05,6.628096516582754703e+02
5.671905992171609250e+04,1.633787043163118360e+05,6.562192303714438140e+02
5.581187954023201746e+04,1.633869386274881836e+05,6.634597592703106557e+02
5.580959083575874683e+04,1.633836581043844635e+05,6.639845892158080005e+02
5.580730213128548348e+04,1.633803775812807435e+05,6.643460009733904599e+02
5.580328732133308949e+04,1.633807399361404532e+05,6.644304935522122832e+02
5.580557602580636012e+04,1.633840204592467053e+05,6.640649883982993060e+02
5.580786473027963075e+04,1.633873009823504253e+05,6.635880740859927300e+02
5.584727929674249026e+04,1.633905815054541454e+05,6.629707917287704504e+02
5.584444213922616473e+04,1.643166793108200654e+05,6.622538252882169445e+02
5.584673084369943535e+04,1.642931425516615855e+05,6.718595792678626140e+02
5.555700433221169806e+04,1.642964230747605907e+05,6.610161022747089419e+02
5.597127012334593746e+04,1.643034237932089309e+05,6.694527995342542681e+02
5.597130825264596933e+04,1.642997035978690255e+05,6.710656168589522395e+02
5.582159695711923996e+04,1.643029841209727456e+05,6.600419690904856225e+02
5.582388566159250331e+04,1.643062646440764656e+05,6.653425025338257228e+02
5.585263771283978713e+04,1.643095451671801857e+05,6.705492900436985337e+02
5.585246307053904457e+04,1.643128256902839057e+05,6.590549311393380094e+02
5.585475177501230792e+04,1.643161062133876258e+05,6.621373679299114201e+02
5.556236274830899492e+04,1.643193867364913458e+05,6.621449385194256365e+02
5.583532918395884917e+04,1.645228184563383693e+05,6.621884597266526953e+02
5.583761788843211252e+04,1.645179477826987859e+05,6.467143744714177274e+02
5.583990659290538315e+04,1.645212283058025059e+05,6.466484268737051480e+02
5.554724323140443448e+04,1.645241432701052108e+05,6.572484137683713925e+02
5.585799612893709127e+04,1.645245088289062260e+05,6.572340972387819420e+02
5.586048400185191713e+04,1.645277893520099751e+05,6.438348771101218517e+02
5.586277270632518776e+04,1.645310698751136952e+05,6.587885762334491346e+02
5.556772116440629907e+04,1.645343503982127004e+05,6.585361204037773177e+02
5.585135011527172173e+04,1.645376309213191562e+05,6.581190977085944951e+02
5.585363881974499236e+04,1.645409114444181614e+05,6.577708074165183234e+02
5.585592752421825571e+04,1.638891436870023899e+05,6.572676460047513274e+02
5.586335454503252549e+04,1.638754724906310730e+05,6.568350683831273500e+02
5.586050493316479697e+04,1.638787530137300782e+05,6.564178870279471312e+02
5.586279363763806032e+04,1.638820335368365340e+05,6.559743065921253447e+02
5.596669271439939621e+04,1.638820346201054635e+05,6.577134071500081518e+02
5.586508234211133095e+04,1.638853140599496546e+05,6.555736959687533272e+02
5.586737104658460157e+04,1.638885945830486598e+05,6.550500744461741078e+02
5.586965975105786492e+04,1.638918751061551156e+05,6.544209708646257013e+02
5.587194845553113555e+04,1.638951556292541209e+05,6.536962959378751066e+02
5.586793364557874884e+04,1.638955179841212812e+05,6.537084777551631305e+02
5.586564494110547821e+04,1.638922374610148254e+05,6.544092595151404339e+02
5.717919657784604351e+04,1.638889569379158202e+05,6.550444569500348280e+02
5.718106753215894423e+04,1.638856764148093644e+05,6.555144960005281973e+02
5.717877882768567360e+04,1.638823958917029086e+05,6.559420853983921234e+02
5.717649012321240298e+04,1.638791153686039033e+05,6.563777962400939714e+02
5.642342654109007708e+04,1.652690493178360048e+05,6.639896945630620166e+02
5.688356319721980981e+04,1.652518348454974475e+05,6.567654972171034160e+02
5.688391271426586900e+04,1.652485543223909917e+05,6.571931896655798937e+02
5.688162400979259837e+04,1.631420926181368413e+05,6.575959094698893068e+02
5.717383816175060201e+04,1.631619932761855307e+05,6.579747859814207231e+02
5.584504660084606439e+04,1.631587127530790749e+05,6.582985176560006266e+02
5.584275789637280104e+04,1.631554322299759369e+05,6.666574217197022563e+02
5.584046919189953041e+04,1.631521517068721878e+05,6.523137295404277438e+02
5.687820478112251294e+04,1.631488711837684677e+05,6.616576658803506916e+02
5.687589178295299644e+04,1.631455906606647477e+05,6.470998636734267393e+02
5.687360307847972581e+04,1.631423101375610277e+05,6.470132524586750833e+02
5.583751819574351975e+04,1.629783017007940507e+05,6.582351332663240555e+02
5.716847974565330514e+04,1.629790296144568420e+05,6.588519932581804142e+02
5.717302566953319183e+04,1.630077490913503862e+05,6.588065583479586849e+02
5.717073696505992120e+04,1.630044685682439303e+05,6.588950515840051594e+02
5.716844826058665058e+04,1.630011880451449251e+05,6.590426082378859292e+02
5.687284636525431415e+04,1.629979075220384693e+05,6.592754783156872236e+02
5.687587085164011660e+04,1.629946269989394641e+05,6.597217953007614142e+02
5.687358214716684597e+04,1.629913464758330083e+05,6.601566186948557515e+02
5.716312132955786365e+04,1.629880659527265525e+05,6.605738844634174711e+02
5.716500473822031199e+04,1.629847854296275473e+05,6.611715764434210314e+02
5.716271603374704137e+04,1.629815049065210915e+05,6.617493972565316653e+02
5.595982660097959160e+04,1.635894214886286354e+05,6.616967093071181125e+02
5.580842732927377801e+04,1.635862243834201072e+05,6.624252947929019228e+02
5.686748794893163722e+04,1.636149438603211020e+05,6.631677614775289840e+02
5.580384992032723676e+04,1.636116633372126671e+05,6.637495515253064013e+02
5.580156121585397341e+04,1.636083828141062113e+05,6.641473995709717428e+02
5.579927251138070278e+04,1.636051022910052270e+05,6.645585037157799206e+02
5.579754640590157942e+04,1.636087451689712179e+05,6.584095259515962653e+02
5.579983511037485005e+04,1.636120256920749380e+05,6.417428911535463385e+02
5.580212381484812067e+04,1.636153062151786580e+05,6.462935548566384796e+02
5.580441251932138402e+04,1.645022050002929464e+05,6.626743283195775120e+02
5.580670122379465465e+04,1.644858672613860981e+05,6.619410832301921346e+02
5.628920817373907630e+04,1.644862457416566031e+05,6.569186703427960765e+02
5.595753789650490944e+04,1.629717406545864360e+05,6.583565969824929880e+02
5.554942163658915524e+04,1.629531477844925539e+05,6.613199978538655159e+02
5.581127863274118863e+04,1.629564283075935382e+05,6.607656113070952415e+02
5.581356733721445926e+04,1.629597088306925434e+05,6.602966382011109090e+02
5.581585604168772988e+04,1.629629893539927143e+05,6.598620020950780827e+02
5.584505501721538894e+04,1.629662698769046983e+05,6.554718783782606124e+02
5.584443345063426386e+04,1.629695504000084184e+05,6.690209366442446708e+02
5.582272215510753449e+04,1.629728309231121384e+05,6.428628071458821296e+02
5.582501085958079784e+04,1.638685302312616550e+05,6.436612356440906524e+02
5.582729956405406847e+04,1.638433919693175994e+05,6.586754663735093800e+02
5.582608432917392929e+04,1.630146724924232985e+05,6.586721780229634078e+02
5.612779316048420151e+04,1.629684601314824249e+05,6.583332248051771103e+02
5.612787697300060245e+04,1.629539530155270186e+05,6.583645848391457776e+02
5.585041343331268581e+04,1.629572335386307386e+05,6.669888069463773945e+02
5.583645438194765302e+04,1.630245140617344587e+05,6.584464652629193324e+02
5.583874308642040705e+04,1.630277945848382078e+05,6.683212190056600548e+02
5.556013846878189361e+04,1.630310751079419279e+05,6.604136484191784575e+02
5.556332049536559498e+04,1.630343556310456479e+05,6.661822114428013037e+02
5.556560919984021166e+04,1.630376361541493679e+05,6.574334306153169791e+02
5.556789790431348229e+04,1.640746693767948891e+05,6.570800727522450870e+02
5.585577184940812731e+04,1.640681972003568080e+05,6.503761655476278065e+02
5.585247531326001626e+04,1.640714777234605281e+05,6.562914171230713691e+02
5.554188481528943521e+04,1.629651796083784429e+05,6.584406713664557174e+02
5.585476401773328689e+04,1.629547582465642481e+05,6.418985510759430326e+02
5.556549688487733511e+04,1.629580387696679682e+05,6.553973702124154670e+02
5.556334142667982087e+04,1.629613192927716882e+05,6.449613527799907615e+02
5.556563013115309150e+04,1.629645998158754082e+05,6.587966466766616804e+02
5.556791883562635485e+04,1.629678803389744135e+05,6.536092492522332122e+02
5.556390402567396814e+04,1.629682426938341232e+05,6.534638795992024143e+02
5.556161532120044285e+04,1.629649621707351180e+05,6.541401921977912934e+02
5.717161388222324604e+04,1.629616816476286622e+05,6.547285711040412934e+02
5.717160028113248700e+04,1.629592611569893197e+05,-8.406679563715771337e+02
5.595067178308623261e+04,1.629725699183018296e+05,-8.506434512287852385e+02
5.584846050330762955e+04,1.629518400783212273e+05,-8.481595785145656237e+02
5.584617179883435892e+04,1.629485595552222221e+05,-8.485380937757654465e+02
5.584388309436269628e+04,1.630412790321157663e+05,-8.489043610835142317e+02
5.584159438988782495e+04,1.633276183055685251e+05,-8.491601680025129326e+02
5.716625546643354028e+04,1.633227179859103053e+05,-8.493589519555854395e+02
5.716501698094129097e+04,1.633194374628041696e+05,-8.450400696392345026e+02
5.583472827646802034e+04,1.633161569397004205e+05,-8.448404713417577341e+02
5.583243957199449505e+04,1.633128764165967004e+05,-8.616838560695933893e+02
5.583015086752148636e+04,1.633095958934929804e+05,-8.630020148898648813e+02
5.582786216304821573e+04,1.633063153703892604e+05,-8.352535457606601312e+02
5.594838307861422800e+04,1.629586185621703044e+05,-8.507924908463867268e+02
5.594557345857655309e+04,1.630150348472855403e+05,-8.508113314266463476e+02
5.716089705003237032e+04,1.630117543241818203e+05,-8.542685088147497936e+02
5.716499604962841113e+04,1.630084738010781002e+05,-8.633227431408683969e+02
5.716270734515488584e+04,1.630371932779743802e+05,-8.528826547306468910e+02
5.716041864068187715e+04,1.622816652468934190e+05,-8.338180878054788536e+02
5.581412993620860652e+04,1.622946322317669401e+05,-8.639966179127020496e+02
5.581184123173508124e+04,1.622913517086632201e+05,-8.449384178141278881e+02
5.580955252726207254e+04,1.622880711855595000e+05,-8.339873906626978624e+02
5.715553863393346546e+04,1.622847906624557800e+05,-8.343160747900926708e+02
5.715697511831502197e+04,1.629855101393520599e+05,-8.390188989803516506e+02
5.594609437413998967e+04,1.629873380390680104e+05,-8.464268578827702640e+02
5.580268641384226794e+04,1.629822296162522107e+05,6.622124459252562474e+02
5.580039770936899731e+04,1.629789490931446198e+05,6.490793130055870961e+02
5.579810900489572668e+04,1.630076685700408998e+05,6.570376562208738278e+02
5.579582030042246333e+04,1.630043880469371798e+05,6.588958717804388243e+02
5.579353159594919271e+04,1.630011075238307239e+05,6.644853455635937962e+02
5.579180549047006934e+04,1.630047504017994215e+05,6.691506121519240651e+02
5.579409419494333997e+04,1.638479167760059645e+05,6.637860352274767592e+02
5.579638289941661060e+04,1.638433114480068616e+05,6.434061260104392659e+02
5.579867160388827324e+04,1.629825919711105817e+05,6.700735668444870043e+02
5.554183894096501172e+04,1.629858724942170375e+05,6.618313061965203588e+02
5.553853049089713022e+04,1.629520575159642613e+05,6.639161393082216591e+02
5.553924901283641520e+04,1.629571530173180217e+05,6.504565519448991608e+02
5.554153771730994049e+04,1.629604335404217418e+05,6.441278818053000350e+02
5.554382642178294918e+04,1.629637140635254618e+05,6.503426815665774257e+02
5.583747232159284613e+04,1.629669945866291819e+05,6.643289819456152827e+02
5.581469253520275379e+04,1.629735556328366220e+05,9.204408469702761977e+02
5.581698123967602442e+04,1.640540559207345068e+05,9.109938682224315016e+02
5.581926994414954970e+04,1.630121166790440620e+05,9.059689877199712100e+02
5.582155864862255839e+04,1.630153972021477821e+05,9.070059762763562503e+02
5.582384735309582902e+04,1.630186777252515021e+05,9.246353926842862165e+02
5.670834308921796037e+04,1.629487769928605412e+05,9.072406181204137283e+02
5.584283073770505143e+04,1.629579582483552222e+05,9.072287408742126900e+02
5.582842476204236300e+04,1.629612387714589422e+05,9.269624846386727768e+02
5.583071346651563363e+04,1.629645192945626623e+05,9.177697702753362137e+02
5.583300217098915891e+04,1.629677998176664114e+05,8.970749407070693451e+02
5.583529087546216761e+04,1.629710803407654166e+05,9.128779947775769870e+02
5.583757957993543823e+04,1.629743608638718724e+05,9.127388463290214986e+02
5.583986828440896352e+04,1.630416413869708776e+05,9.126286141733714885e+02
5.584818915378584643e+04,1.630449219100773335e+05,9.123718704849719643e+02
5.585244569335601409e+04,1.630482024331837893e+05,9.120157660613598409e+02
5.584673439782850619e+04,1.630514829562827945e+05,9.116356298473377819e+02
5.593922826072018506e+04,1.642230962577462196e+05,9.245896887241809736e+02
5.555791418925490143e+04,1.642067634793892503e+05,9.111137521916365358e+02
5.585131180677380326e+04,1.642100440024957061e+05,9.105400625002710058e+02
5.585360051124831080e+04,1.642133245255947113e+05,9.099603446772889583e+02
5.585588921572158142e+04,1.642166050487011671e+05,6.532326294057183986e+02
5.584958570129592408e+04,1.642136868804618716e+05,6.537301938960563348e+02
5.716403118660096516e+04,1.642104063573554158e+05,6.544555782305369576e+02
5.584500829235073616e+04,1.642071258342489600e+05,6.549683657523537477e+02
5.584271958787611948e+04,1.642038453111499548e+05,6.554743826935363131e+02
5.584043088340284885e+04,1.642005647880434990e+05,6.559327115155819001e+02
5.583814217892932356e+04,1.630452842649370432e+05,6.560980863143694251e+02
5.593693955624746741e+04,1.629422159466531011e+05,6.543782301564705222e+02
5.583585347445631487e+04,1.629140037418391439e+05,6.561423353047878209e+02
5.583356476998278958e+04,1.629427232187326881e+05,6.562700950428056785e+02
5.715867277050526900e+04,1.626733300818886491e+05,6.527774624004173347e+02
5.582898736103651026e+04,1.626801621725286241e+05,6.501224940120387146e+02
5.582669865656298498e+04,1.626768816494249040e+05,6.445103717147808311e+02
5.582440995208945969e+04,1.630256011263211840e+05,6.601123972318978304e+02
5.686303938987691799e+04,1.630223206032174639e+05,6.408492385528893465e+02
5.581983254314240912e+04,1.630190400801137439e+05,6.706854053805086551e+02
5.581754383867017168e+04,1.630157595570100239e+05,6.502355884779622102e+02
5.715331435411206621e+04,1.630124790339063038e+05,6.687414994450605263e+02
5.687511651866666216e+04,1.629535262647534837e+05,6.569118945641498613e+02
5.593465085177364381e+04,1.625434684286455740e+05,6.630381307172876859e+02
5.593296642972363043e+04,1.625291985108025838e+05,6.598697527739507223e+02
5.581067772525036708e+04,1.633070048509158660e+05,6.483794620578639751e+02
5.580838902077709645e+04,1.633226374645951437e+05,6.485912707393520122e+02
5.580610031630357116e+04,1.633193569414914236e+05,6.670643392278227566e+02
5.580381161183056247e+04,1.633160764183877036e+05,6.573597156229600387e+02
5.580152290735729184e+04,1.633127958952839836e+05,6.524621520388111549e+02
5.579923420288376656e+04,1.633095153721802635e+05,6.700680060583338218e+02
5.579694549841075786e+04,1.633062348490765435e+05,6.599501850841563737e+02
5.579465679393748724e+04,1.633029543259728234e+05,6.578855091325178819e+02
5.579236808946396195e+04,1.629796738028691034e+05,6.441865688139744179e+02
5.641270970895553910e+04,1.629356549004406552e+05,6.635053342065014022e+02
5.579007938499095326e+04,1.629123932797653833e+05,6.626578388145364897e+02
5.578779068051768263e+04,1.631008657053901115e+05,6.643884527596877660e+02
5.578606457503855927e+04,1.630727556346276542e+05,6.434180303651140775e+02
5.578835327951182990e+04,1.630760361577313743e+05,6.446608264374139026e+02
5.579064198398535518e+04,1.629833166808350943e+05,6.682549714895488933e+02
5.579293068845888047e+04,1.629865972039340995e+05,6.625706188290848786e+02
5.579395007575363707e+04,1.629898777270425344e+05,6.695665156676902825e+02
5.579750809740521800e+04,1.629931582501462544e+05,6.613828761356667201e+02
5.579979680187874328e+04,1.629964387732499745e+05,6.663227000909641902e+02
5.580208550635040592e+04,1.629997192963564303e+05,6.604152204551542127e+02
5.597082670632065128e+04,1.629392977784106042e+05,6.632536463018381028e+02
5.596998583676102862e+04,1.630029998194574146e+05,6.580078884824519037e+02
5.597466291529867158e+04,1.630062803425611346e+05,6.443701182890848713e+02
5.553961466128561005e+04,1.630095608656648546e+05,6.460065704945640164e+02
5.581124032424572215e+04,1.630128413887638599e+05,6.587924020149561102e+02
5.581352902871777769e+04,1.630161219118703157e+05,6.584427580733657805e+02
5.581581773319130298e+04,1.630194024349767715e+05,6.580306249215258276e+02
5.581810643766296562e+04,1.630226829580757767e+05,6.577481714844519729e+02
5.582039514213649090e+04,1.630259634811822325e+05,6.573842314320257856e+02
5.582268384661001619e+04,1.630292440042886883e+05,6.569303085775512727e+02
5.582497255108354148e+04,1.630325245273908949e+05,6.617916035772699388e+02
5.593292474629392382e+04,1.629425783015153429e+05,6.440307572679060968e+02
5.582726125555706676e+04,1.629398050504959247e+05,6.561125831998700733e+02
5.582954996003059205e+04,1.630390855735949299e+05,6.558230797312909317e+02
5.583183866450411733e+04,1.630423660967013857e+05,6.557368972293671732e+02
5.583412736897577997e+04,1.630456466198078415e+05,6.557302522336004813e+02
5.583641607344930526e+04,1.630489271429068467e+05,6.557834807128866714e+02
5.583870477792283054e+04,1.630522076660132443e+05,6.689953159333427948e+02
5.584099348239635583e+04,1.630554881891197001e+05,6.550281752705041072e+02
5.584328218687026674e+04,1.630587687122187053e+05,6.544225416445823384e+02
5.584557089134379203e+04,1.630620492353251611e+05,6.539487809802357106e+02
5.583240126349850470e+04,1.630492894977739488e+05,6.554575963323712813e+02
5.593521345076779107e+04,1.643158591024836933e+05,6.666208992754817473e+02
5.583011255902480480e+04,1.642940089746674930e+05,6.554149273799974935e+02
5.582782385455127951e+04,1.630427284515610372e+05,6.554818874542559115e+02
5.582553515007827082e+04,1.636986696859186923e+05,6.535182637910781978e+02
5.715109007488112547e+04,1.637081674053568568e+05,6.519662181850014804e+02
5.582095774113122025e+04,1.637048868822531367e+05,6.716166888217865107e+02
5.581866903665769496e+04,1.630296063591494167e+05,6.415076936896382449e+02
5.581638033218603232e+04,1.630263258360456966e+05,6.570514416288076518e+02
5.581409162771250703e+04,1.630230453129466914e+05,6.578637084240924651e+02
5.581180292323898175e+04,1.630197647898402356e+05,6.582679249123443697e+02
5.580951421876545646e+04,1.630164842667337798e+05,6.586889751246030755e+02
5.593750215524170198e+04,1.629491393477227830e+05,6.610631641151029498e+02
5.714573165887329378e+04,1.630132037436308165e+05,6.476940115989763171e+02
5.580493680981840589e+04,1.630099232205270964e+05,6.475114380995563579e+02
5.580264810534488061e+04,1.630066426974233764e+05,6.550661575476459575e+02
5.580035940087321796e+04,1.630033621743196563e+05,6.533411735785829251e+02
5.685009827816966572e+04,1.630000816512159363e+05,6.607103400010064433e+02
5.685178199192616739e+04,1.629968011281122162e+05,6.520883104059294055e+02
5.579349328745264211e+04,1.629935206050084962e+05,6.612846378538206409e+02
5.579120458297911682e+04,1.629902400819047762e+05,6.628940415311053584e+02
5.578891587850597716e+04,1.629869595588010561e+05,6.667919761779457986e+02
5.578662717403245188e+04,1.629836790356973361e+05,6.475184929388315140e+02
5.593979085971561290e+04,1.629524198708275508e+05,6.603064488371816196e+02
5.593633846956078924e+04,1.629803985125936160e+05,6.522403592702099786e+02
5.578204976508617256e+04,1.629771179894946108e+05,6.643300025439882575e+02
5.578032365960704919e+04,1.629807608674607764e+05,6.641517441352807509e+02
5.578261236408031982e+04,1.629840413905595778e+05,6.539794955855213630e+02
5.578490106855384511e+04,1.629873219136632979e+05,6.473203670835100638e+02
5.578718977302737039e+04,1.629906024367670179e+05,6.639433251326881873e+02
5.578947847750012443e+04,1.629938829598707380e+05,6.421299653952919471e+02
5.579176718197364971e+04,1.629971634829744580e+05,6.648886581292354094e+02
5.579405588644717500e+04,1.630004440060809138e+05,6.609959896114341973e+02
5.579634459092070028e+04,1.630037245291799190e+05,6.605938912689780409e+02
5.594207956418742106e+04,1.629557003939330461e+05,6.597196526158746792e+02
5.594263329539422557e+04,1.630070050522863748e+05,6.601675276980764693e+02
5.593692199986775086e+04,1.630102855753853801e+05,6.597075415580853814e+02
5.580321070434127614e+04,1.630135660984918359e+05,6.593576170639845486e+02
5.580549940881293878e+04,1.630168466215982917e+05,6.590064757399784412e+02
5.580778811328646407e+04,1.630201271446972969e+05,6.586477378068979078e+02
5.582766534631487593e+04,1.630234076678037527e+05,6.581440702955609368e+02
5.642306896059320570e+04,1.630346169068246963e+05,8.863358152890873498e+02
5.639591975963221194e+04,1.659237717247173714e+05,8.863486298324719428e+02
5.636464609547437431e+04,1.659329265426104539e+05,8.863614443758274319e+02
5.633629908300855459e+04,1.659301307541978022e+05,8.925585192071639540e+02
5.580149565518380405e+04,1.659420813604992290e+05,8.926242589192298738e+02
5.677714589703561069e+04,1.659512361783965898e+05,8.670908064307478753e+02
5.628525271618285478e+04,1.659603909962896723e+05,8.670248880059699559e+02
5.627349291583069862e+04,1.659695458141837735e+05,8.929127025493545489e+02
5.627555039575056435e+04,1.659777410320763011e+05,8.929110872099130347e+02
5.627914287963801326e+04,1.659612021922662389e+05,8.929133460179449457e+02
5.627479684577965236e+04,1.659534865743731789e+05,8.929141179980082370e+02
5.629775518928551173e+04,1.659602200459237501e+05,8.929013034546527479e+02
5.628271987615608668e+04,1.659351769385870430e+05,8.928884889112844121e+02
5.628548752109822817e+04,1.659260221206929418e+05,8.928756743678998191e+02
5.632970824658800848e+04,1.659301665152052010e+05,8.925713337505469553e+02
5.652242998225358315e+04,1.659168673028016055e+05,8.926128598245443300e+02
5.635511519560893066e+04,1.659077124849078245e+05,8.896115919741453126e+02
5.638292962130875094e+04,1.658985576670147420e+05,8.895872307378042478e+02
5.641421674912207527e+04,1.658894028491216595e+05,8.895744161944196549e+02
5.644791021795579582e+04,1.618554959944921429e+05,8.928116016510350619e+02
5.648434989455164759e+04,1.658710932133409078e+05,8.927987871076795727e+02
5.651729669608929544e+04,1.658619383954468067e+05,8.927859725642949797e+02
5.654086487279282301e+04,1.658527835775527055e+05,8.927731580209103868e+02
5.656048425565395155e+04,1.658436287596586044e+05,8.927603434775548976e+02
5.658247653920696757e+04,1.658344739417645033e+05,8.928725289341703046e+02
5.660931391852656088e+04,1.658345071426308423e+05,8.925500265150797077e+02
5.637595159536348365e+04,1.658342022762125998e+05,8.925841482939024445e+02
5.650037382335264556e+04,1.658253191238701693e+05,8.920868840502400872e+02
5.663116486277776858e+04,1.618340623301402084e+05,8.920968998474302225e+02
5.665928732432956895e+04,1.658070094880894176e+05,8.920840853040496086e+02
5.727574547090168198e+04,1.657978546701953164e+05,8.926962707606757021e+02
5.593262732664841315e+04,1.629951621882602922e+05,8.926834562173017957e+02
5.595019311825531622e+04,1.657795450344071141e+05,8.926706416739278893e+02
5.638331454762975773e+04,1.657703902165130130e+05,8.926578271305539829e+02
5.619604911229918798e+04,1.657612353986186499e+05,8.926450125871693899e+02
5.619386946384442854e+04,1.657687661002857203e+05,6.641634131144430739e+02
5.713101165584695264e+04,1.625620984233600611e+05,6.502380372200034344e+02
5.712620562158559187e+04,1.604232552872010565e+05,6.501743773925165897e+02
5.713183178649876936e+04,1.604232552872010565e+05,6.502101383999154223e+02
5.713265191739881266e+04,1.606502900829621649e+05,6.476208994073142549e+02
5.713347204817474267e+04,1.639093783130952215e+05,6.476566604147130874e+02
5.713429217895067268e+04,1.653454142780610418e+05,6.476924214221119200e+02
5.713511230972660269e+04,1.653454212290152791e+05,6.477281824295107526e+02
5.713593244050253270e+04,1.603063087349042180e+05,6.435695198421065015e+02
5.713675257127846271e+04,1.652246268291577580e+05,6.477997044442793140e+02
5.713757270205439272e+04,1.622332863947853330e+05,6.478354654516909932e+02
5.713839283283032273e+04,1.622333132038677286e+05,6.478712264590898258e+02
5.713921296360625274e+04,1.622332914036172442e+05,6.502737982274151136e+02
5.712702575236281700e+04,1.604076983579206280e+05,6.502808866697909025e+02
5.712403309438218275e+04,1.654618928329604678e+05,6.503177484738720295e+02
5.714085322515811276e+04,1.607791161262649111e+05,6.479785094812708621e+02
5.714167335593404277e+04,1.627345253669875674e+05,6.480142704886405909e+02
5.714249348671065673e+04,1.600909617682653479e+05,6.480500314960598871e+02
5.714331361748590280e+04,1.611111064837831073e+05,6.480857925034547407e+02
5.533023955503045727e+04,1.611110662228339934e+05,6.480317248184016989e+02
5.714495387903726805e+04,1.611110662228339934e+05,6.482725166705511128e+02
5.714577400981388200e+04,1.611037382778856263e+05,6.481930755256341854e+02
5.714659414059049595e+04,1.611036160020008683e+05,6.482220896580272438e+02
5.714664668386555422e+04,1.611038130724502553e+05,6.503095592347979164e+02
5.712784588313787390e+04,1.604045895975677122e+05,6.481661051275278851e+02
5.712350486008203734e+04,1.604045895975677122e+05,6.481303441201290525e+02
5.714668472930542339e+04,1.603997351215515810e+05,6.480945831127302199e+02
5.714586459852926055e+04,1.626801056144867616e+05,6.480588221053434381e+02
5.714504446775332326e+04,1.640568038757477480e+05,6.480230610979446055e+02
5.714422433697670931e+04,1.640487265387949592e+05,6.479873000905748768e+02
5.714340420620195800e+04,1.600424267738041526e+05,6.479516555593248768e+02
5.643176213873495726e+04,1.600424391873952991e+05,-7.008400616351520966e+02
5.646839486017582385e+04,1.658572843695011979e+05,-7.008272470917966075e+02
5.650508171977234451e+04,1.658481295516070968e+05,-7.008144325484120145e+02
5.654163262041559210e+04,1.618949073912677413e+05,-7.006354064674180790e+02
5.648012697172409389e+04,1.619029747337129957e+05,-7.008016180050274215e+02
5.657929372670187149e+04,1.658298199158188945e+05,-7.007888034616719324e+02
5.659536332016496453e+04,1.658206650979322440e+05,-7.007759889182873394e+02
5.661317461465201632e+04,1.658115102800381428e+05,-7.007631743749027464e+02
5.663027617233979981e+04,1.658023554621440417e+05,-7.007503598315472573e+02
5.664985840408678632e+04,1.657932006442499405e+05,-7.007375452881626643e+02
5.667471716632986499e+04,1.618037315471124894e+05,-7.007247307447848925e+02
5.594027991094732715e+04,1.657748910084617382e+05,-7.007119162014109861e+02
5.568126668150270416e+04,1.657657361905676371e+05,-7.006991016580370797e+02
5.665564037496889068e+04,1.657565813726809865e+05,-7.006862871146631733e+02
5.648835942680681183e+04,1.657565813726809865e+05,-7.006482210107833453e+02
5.647137160070719256e+04,1.657474265547868854e+05,-7.006734725712785803e+02
5.713201296405400353e+04,1.613891223994371539e+05,6.474596755889072028e+02
5.713283309482993354e+04,1.635953696318742877e+05,6.474954365963060354e+02
5.713365322560586355e+04,1.609682771426317340e+05,6.475311976037048680e+02
5.713447335638179356e+04,1.640115904353809601e+05,6.475669586110745968e+02
5.713529348715772358e+04,1.622115754800316936e+05,6.476027196184734294e+02
5.713611361793247488e+04,1.611601296546262747e+05,6.475134806258722620e+02
5.713693374870908883e+04,1.610767285589155799e+05,6.475492416332710945e+02
5.713775387948384014e+04,1.610008001934018976e+05,6.477100026406699271e+02
5.713857401026045409e+04,1.609233212722566968e+05,6.504168422569639461e+02
5.713030627546464530e+04,1.602925705566656834e+05,6.477457636480687597e+02
5.713939414103706804e+04,1.608558257114819135e+05,6.480703118031381109e+02
5.714021427181181934e+04,1.607484075354791130e+05,6.478172856628373211e+02
5.714103440258843330e+04,1.605989188116348232e+05,6.478530466702580952e+02
5.714185453336504725e+04,1.604447686463544378e+05,6.435347654791770537e+02
5.714267466413979855e+04,1.602955956817828119e+05,6.435495686850557604e+02
5.714349479491641250e+04,1.601389224882461131e+05,6.479603296924425422e+02
5.537662097699572769e+04,1.600080220491360815e+05,6.479960906998413748e+02
5.714513505646777776e+04,1.600166661246840376e+05,6.480318517072402074e+02
5.714595518724482099e+04,1.600166842881263874e+05,8.470668657952945750e+02
5.714677531802075100e+04,1.634947541142524860e+05,8.424526032643651661e+02
5.713112640624286723e+04,1.601745718235270760e+05,8.401033737220012654e+02
5.714759544879736495e+04,1.601757723144994816e+05,8.401280269169100166e+02
5.714823785478415084e+04,1.601757723144994816e+05,8.402296688177474380e+02
5.714925012406500173e+04,1.601757723144994816e+05,8.402014033239105402e+02
5.714850616828890634e+04,1.601759204312722431e+05,8.400406423165117076e+02
5.714768603751224146e+04,1.601759197374667565e+05,8.400048813091128750e+02
5.714686590673631144e+04,1.651587061040784756e+05,8.560947972418802010e+02
5.714604577595969749e+04,1.651687513050759444e+05,8.399333592943152098e+02
5.714522564518308354e+04,1.600018409469152102e+05,8.399058499933082658e+02
5.714440551440833224e+04,1.601114671918310341e+05,8.606303435564834672e+02
5.714358538363171829e+04,1.602501825905449805e+05,8.424883642717825296e+02
5.713194653701638890e+04,1.600494250843308982e+05,8.398260762721395167e+02
5.713476525285696698e+04,1.604117647137053427e+05,8.397903152647520528e+02
5.713394512208072410e+04,1.621717647137053427e+05,-6.567670421916419627e+02
5.712946863026624487e+04,1.621717647137055756e+05,-6.567670421916419627e+02
5.659552383084302710e+04,1.631756830322425521e+05,-6.688044489023751566e+02
5.661444085494322644e+04,1.657977014362048067e+05,-6.687916343589905637e+02
5.663328041185891198e+04,1.657885466183107055e+05,-6.687788198156350745e+02
5.665627399076973961e+04,1.657793918004166044e+05,-6.687660052722504815e+02
5.667744140393925773e+04,1.657702369825299538e+05,-6.687531907288949924e+02
5.670191497043914569e+04,1.657610821646358527e+05,-6.688653761855200628e+02
5.660377911047286761e+04,1.657705241252791602e+05,-6.686994791842696486e+02
5.636366177487953973e+04,1.657519273467373569e+05,-6.687275616421461564e+02
5.531245799375161005e+04,1.657427725288457877e+05,-6.687147470987722500e+02
5.587425119688569976e+04,1.657336177109516866e+05,-6.687019325553983435e+02
5.590803766539155913e+04,1.657244628930575855e+05,-6.686891180120137506e+02
5.590583355319446855e+04,1.629960570890418894e+05,6.641226781643094910e+02
5.590584249344631826e+04,1.629993376121479669e+05,6.684634766317071808e+02
5.576996702673263644e+04,1.630026181352516869e+05,6.570812794230046165e+02
5.577225573120616173e+04,1.630058986583554070e+05,6.514064848533930672e+02
5.577454443567968701e+04,1.630091791814618628e+05,6.623587667962751766e+02
5.577683314015321230e+04,1.630124597045608680e+05,6.620079640182998446e+02
5.597074583284846449e+04,1.630240873109641834e+05,6.448359222147014407e+02
5.597183272234008473e+04,1.630303471942785545e+05,6.561568006979001666e+02
5.597112184462540608e+04,1.630157402276638313e+05,6.616190957065197153e+02
5.578141054909866943e+04,1.630190207507702871e+05,6.615827591643602545e+02
5.578369925357033208e+04,1.630223012738740072e+05,6.571893500686556990e+02
5.578598795804385736e+04,1.630255817969777272e+05,6.646952823401362593e+02
5.578827666251847404e+04,1.630288623200814473e+05,6.648405714855463202e+02
5.579056536699199933e+04,1.630321428431851673e+05,6.536575371474892791e+02
5.579285407146552461e+04,1.630354233662916231e+05,6.590997294665131676e+02
5.579514277593827865e+04,1.630387038893926074e+05,6.523637866422060370e+02
5.579743148041180393e+04,1.630419844124963274e+05,6.581831321164492010e+02
5.579972018488481262e+04,1.630452649356000475e+05,6.522587398036840796e+02
5.597412142681501427e+04,1.630016277173780254e+05,6.556753937869208357e+02
5.580200888935833791e+04,1.630485454587037675e+05,6.451239747523205779e+02
5.580429759383186320e+04,1.630518259818102233e+05,6.568705474009612999e+02
5.580658629830461723e+04,1.630551065049166791e+05,6.565957898011755560e+02
5.552000071127992851e+04,1.630583870280156843e+05,6.562613543473333948e+02
5.581116370725166780e+04,1.630616675511221401e+05,6.559296012759385803e+02
5.581345241172442184e+04,1.630649480742285959e+05,6.554657998678102331e+02
5.581416691619733319e+04,1.630681270473296754e+05,6.551923427077928181e+02
5.581360876071856910e+04,1.630717699252958409e+05,6.548341737424708526e+02
5.581172630624529847e+04,1.630685909521947615e+05,6.553570745275284253e+02
5.580943760177177319e+04,1.630653104290883057e+05,6.558605674462961588e+02
5.597641013128661871e+04,1.630485095639149658e+05,6.551764534775212496e+02
5.580714889729876450e+04,1.630620299059818499e+05,6.562776176077533137e+02
5.580486019282523921e+04,1.630587493828771985e+05,6.712798963678288828e+02
5.580257148835171392e+04,1.630554688597734785e+05,6.625755402189898859e+02
5.580028278387895989e+04,1.630521883366697293e+05,6.416009841826963793e+02
5.579799407940729725e+04,1.630489078135660093e+05,6.505873699513832662e+02
5.579570537493377196e+04,1.630456272904622892e+05,6.642031593827924780e+02
5.579341667046024668e+04,1.630423467673585692e+05,6.715203621743640952e+02
5.579112796598672139e+04,1.630710662442521134e+05,6.589670616818985991e+02
5.578883926151262131e+04,1.627611446133927384e+05,6.595220391339317985e+02
5.578655055703909602e+04,1.630325051980466524e+05,6.601043822519351352e+02
5.597869883575988933e+04,1.630081887635887542e+05,6.546724341136614385e+02
5.597626185256568715e+04,1.630292246749401966e+05,6.605287617993344611e+02
5.598197314809281670e+04,1.630259441518337408e+05,6.607600606036176032e+02
5.577968444361929141e+04,1.630226636287347355e+05,6.611054758320424298e+02
5.577739573914576613e+04,1.630193831056282797e+05,6.615839475162247254e+02
5.578310703467224084e+04,1.630161025825218239e+05,6.620147972405575274e+02
5.577281833019871556e+04,1.630128220594228187e+05,6.624743911396002432e+02
5.577052962572519027e+04,1.630095415363163629e+05,6.628578732307581731e+02
5.576824092125320749e+04,1.633948193837181607e+05,6.646851458528184367e+02
5.681976749586487131e+04,1.630029804901139287e+05,6.547561793306016398e+02
5.717782681059494644e+04,1.629996999670102086e+05,6.640397679133612883e+02
5.657281029963150650e+04,1.629794692866935220e+05,6.541950719387848494e+02
5.656937480783306091e+04,1.629964194439112034e+05,6.643551265726913471e+02
5.656981112774356734e+04,1.629964194439112034e+05,-5.061631464921630368e+02
5.576193740682757925e+04,1.630033428449763742e+05,-5.080056863773462510e+02
5.576422611130081350e+04,1.630066233680828300e+05,-5.078593357376256563e+02
5.576651481577433879e+04,1.629779038911892858e+05,-5.076527663139885362e+02
5.576880352024786407e+04,1.630131844142882910e+05,-5.074733147888354097e+02
5.577109222471952671e+04,1.630164649373947468e+05,-5.072303875716778521e+02
5.577338092919305200e+04,1.630197454604937520e+05,-5.069942559935814188e+02
5.577566963366657728e+04,1.630230259836002078e+05,-5.067585104760735248e+02
5.577795833814010257e+04,1.630263065067066636e+05,-5.065362302118996922e+02
5.715871864484489197e+04,1.630147498097999778e+05,-5.028650540661557784e+02
5.715624704240501160e+04,1.630368343243351555e+05,-5.063409747090856285e+02
5.578253574708696397e+04,1.630328675529113389e+05,-5.062067146829151056e+02
5.578482445156048925e+04,1.630361480760177947e+05,-5.059672715650896748e+02
5.578711315603215189e+04,1.630394285991167999e+05,-5.057121442861254081e+02
5.578940186050676857e+04,1.645335352885699249e+05,-5.054474191517957706e+02
5.579169056498029386e+04,1.630459896453222609e+05,-5.052252658173830469e+02
5.578597926945330255e+04,1.630492701684287167e+05,-5.049698764350188185e+02
5.579626797392682784e+04,1.630525506915351725e+05,-5.048115579451888379e+02
5.579855667840035312e+04,1.630558312146357202e+05,-5.046719150956242856e+02
5.580084538287310716e+04,1.630591117377394403e+05,-5.047298516783386049e+02
5.598556494917969394e+04,1.630590391809878929e+05,-5.026370768078334663e+02
5.598713408734525729e+04,1.630623922608433350e+05,-5.043020291617966677e+02
5.598942279181964113e+04,1.630656727839423402e+05,-5.041186951806256502e+02
5.580771149629291176e+04,1.630689533070487960e+05,-5.038668659603816877e+02
5.581000020076643705e+04,1.630722338301549316e+05,-5.038416428475300677e+02
5.580887858831446647e+04,1.630861033519872872e+05,8.080400437462550371e+02
5.580978930780600786e+04,1.630861033519872872e+05,8.080042827388602973e+02
5.580896917703125655e+04,1.630865173466334818e+05,8.079685217314654437e+02
5.580814904625464260e+04,1.630873881742997328e+05,8.079327607240957150e+02
5.581532891547802865e+04,1.630873881742997328e+05,8.078969997166758503e+02
5.696224888408307015e+04,1.630884983846469841e+05,8.107474819328214153e+02
5.617108549583081185e+04,1.630853682347286085e+05,8.078612387092886138e+02
5.617368865392666339e+04,1.630888290128888329e+05,8.078254777018897812e+02
5.617286852315004944e+04,1.600553209585009026e+05,8.077897166944914034e+02
5.617204839237449050e+04,1.600553210332882300e+05,8.077802888894026410e+02
5.617122826159787655e+04,1.602250657646846666e+05,8.077181946796869170e+02
5.714640813082126260e+04,1.603318338308077946e+05,8.076824336723069564e+02
5.714558800004651130e+04,1.604666431174692407e+05,8.076466726649372276e+02
5.714476786926989735e+04,1.605959556035366550e+05,8.077359116575173630e+02
5.733062105492358387e+04,1.607276751138535037e+05,8.075751506501185304e+02
5.714312760771853209e+04,1.608431195272546902e+05,8.075393896427196978e+02
5.714230747694191814e+04,1.609239864847884746e+05,8.222005569067043780e+02
5.713859817194049538e+04,1.609239864847884746e+05,8.221286286353329160e+02
5.714148734616716683e+04,1.610070902047903510e+05,8.222178676279340834e+02
5.714066721539055288e+04,1.611348183884323807e+05,8.074321066205352508e+02
5.713984708461393893e+04,1.612635038482026430e+05,8.073963456131655221e+02
5.713902695383918763e+04,1.613818455010289617e+05,8.283096590764957909e+02
5.713820682306257368e+04,1.615009711645702191e+05,8.073248235983678569e+02
5.713738669228740036e+04,1.630735034865001508e+05,8.072890625909690243e+02
5.713656656151078641e+04,1.617083789577424759e+05,8.072533015835701917e+02
5.713574643073417246e+04,1.617875409422307857e+05,8.236903874952017759e+02
5.713492629995942116e+04,1.618696944403066882e+05,8.071905701780538038e+02
5.713583701945110079e+04,1.618763237966909655e+05,8.106759599180318219e+02
5.712977804116359766e+04,1.618702508564355958e+05,8.072263311854571839e+02
5.576077390034156997e+04,1.610376186956453312e+05,8.071728532002548491e+02
5.713829741177740652e+04,1.615869313639092434e+05,8.072086142076536817e+02
5.713911754255482083e+04,1.636424131468224514e+05,8.073693752150525142e+02
5.713993767333143478e+04,1.613499328286188829e+05,8.074051362224513468e+02
5.714075780410618609e+04,1.612231772417488683e+05,8.074408972298501794e+02
5.714157793488261086e+04,1.622115091089668858e+05,8.074766582372199082e+02
5.714239806565854087e+04,1.659297052072945226e+05,8.075124192446187408e+02
5.714321819643447088e+04,1.657660220746237028e+05,8.075481802520175734e+02
5.714403832721040089e+04,1.657660523046521412e+05,8.105786646456640483e+02
5.712484195851609547e+04,1.657766228893647494e+05,8.106401989106369683e+02
5.712095791038945754e+04,1.657766228893647494e+05,8.107089412594203850e+02
5.714485845798633090e+04,1.642939098366151156e+05,8.076197022668192176e+02
5.578594964954845636e+04,1.630499948781527637e+05,8.217459340862104682e+02
5.578823835402179247e+04,1.630532754012564837e+05,8.299909979424545554e+02
5.579052705849345512e+04,1.630565559243602038e+05,8.306060441722792120e+02
5.550483531988795585e+04,1.630598364474639529e+05,8.044592101042788954e+02
5.550710446744159708e+04,1.630631169705629582e+05,8.169957773198829045e+02
5.579739317191512237e+04,1.630663974936694140e+05,8.166634269715567598e+02
5.579968187638864765e+04,1.630696780167758698e+05,8.163904502529757110e+02
5.579397058086140169e+04,1.640853862076938385e+05,8.158774542742748963e+02
5.700711060695393098e+04,1.640645511184498901e+05,8.151653885516270748e+02
5.700425928533492697e+04,1.630762390629813308e+05,8.150923473399298018e+02
5.580654798980793566e+04,1.630795195860877866e+05,8.140939789373942403e+02
5.580198758548565820e+04,1.630831624640465016e+05,8.138773233858510139e+02
5.580253317985554895e+04,1.630798819409474963e+05,8.147921013200345897e+02
5.580024447538227832e+04,1.630766014178410405e+05,8.155635292081549323e+02
5.682067735244602954e+04,1.630733208947420353e+05,8.161416652594518837e+02
5.681966706643574435e+04,1.633383351391643519e+05,8.093974017073226150e+02
5.579337836196221906e+04,1.633547598485336348e+05,8.085416425904143125e+02
5.711095231749810773e+04,1.630634793254299148e+05,8.092178558772313863e+02
5.578880095301593974e+04,1.630601988023261656e+05,8.142010446864180722e+02
5.642120226156364515e+04,1.631412724088172545e+05,8.156263329296774600e+02
5.641851224854241445e+04,1.631529182792224456e+05,8.156775769501394961e+02
5.641622354406888917e+04,1.630536377561187255e+05,8.208082662879891132e+02
5.578193483959536388e+04,1.630503572330150055e+05,8.182441500707931255e+02
5.577964613512183860e+04,1.630470767099112854e+05,8.213108523319236838e+02
5.577735743064831331e+04,1.630437961868075654e+05,8.119546556985582129e+02
5.710559390087078646e+04,1.630405156637038453e+05,8.238615824642469079e+02
5.710878002170312539e+04,1.630692351406001253e+05,8.129021915999759358e+02
5.710649131722960010e+04,1.630339546174964053e+05,8.055193933529366177e+02
5.576820261275652592e+04,1.630306740943926852e+05,8.080579624233354252e+02
5.576591390828300064e+04,1.630273935712936800e+05,8.220736348512285758e+02
5.597010661686096137e+04,1.630367265237196989e+05,8.161065945827309633e+02
5.597162520380947535e+04,1.630241130481883592e+05,8.225370791803021575e+02
5.576133649933595007e+04,1.630208325250819034e+05,8.230206286612398117e+02
5.575904779486242478e+04,1.630175520019778050e+05,8.299997357356793373e+02
5.575675909039018734e+04,1.630142714788713492e+05,8.238684472799383229e+02
5.575447038591666205e+04,1.630109909557723440e+05,8.242959977362794461e+02
5.575274428043713851e+04,1.630146338337385096e+05,8.241574899560527001e+02
5.575503298491066380e+04,1.630179143568375148e+05,8.236675764112450224e+02
5.575732168938418909e+04,1.630211948799437669e+05,8.295522613986112219e+02
5.575961039385771437e+04,1.630244754030427721e+05,8.227504058950707986e+02
5.578216917262053175e+04,1.630277559261492279e+05,8.223053555685903575e+02
5.729738557133650465e+04,1.629987095491385844e+05,8.165875737704620860e+02
5.576418780280413921e+04,1.629990364492556837e+05,8.217905204842384137e+02
5.576647650727766450e+04,1.630023169723546889e+05,8.212969543442006852e+02
5.576876521175067319e+04,1.630055974954611447e+05,8.208932779554736499e+02
5.577105391622394382e+04,1.640647727540976193e+05,8.205119630818397809e+02
5.577334262069746910e+04,1.630441585416666057e+05,8.200523023960730598e+02
5.577563132517047779e+04,1.630474390647730615e+05,8.196181686010703515e+02
5.577792002964374842e+04,1.630507195878720668e+05,8.190822052360480257e+02
5.578020873411727371e+04,1.630540001109785226e+05,8.185649029799122900e+02
5.578249743859028240e+04,1.630572806340849784e+05,8.181088865838272568e+02
5.578478614306305099e+04,1.630689553170202416e+05,8.177204459194934998e+02
5.596552920791361976e+04,1.629954290260372800e+05,8.170499005915797852e+02
5.578707484753657627e+04,1.629998416802955908e+05,8.173085085887313426e+02
5.578936355201008701e+04,1.630031222034020466e+05,8.169280663220878296e+02
5.579165225648361229e+04,1.630704027265010518e+05,8.166005346340560891e+02
5.579394096095527493e+04,1.630736832496075076e+05,8.163169921213146836e+02
5.579622966542989161e+04,1.630769637727139634e+05,8.158340352138355911e+02
5.579851836990341690e+04,1.630802442958129686e+05,8.151882407882102370e+02
5.580080707437642559e+04,1.630835248189194244e+05,8.143797128479119465e+02
5.580309577884969622e+04,1.630868053420184297e+05,8.135523481033516191e+02
5.579908096889664739e+04,1.630871676968855900e+05,8.137872255317116696e+02
5.579679226442403888e+04,1.630838871737791342e+05,8.146576876231475808e+02
5.596324050344131683e+04,1.629921485029382748e+05,8.175786333843199145e+02
5.579450355995076825e+04,1.629846066506801290e+05,8.154027127241780590e+02
5.579221485547724296e+04,1.630773261275736731e+05,8.159848050093343090e+02
5.578992615100423427e+04,1.630740456044672173e+05,8.164088373465702944e+02
5.578763744653070898e+04,1.631027650813682121e+05,8.166638501979521152e+02
5.578534874205718370e+04,1.630674845582581474e+05,8.090375363476684925e+02
5.578306003758442967e+04,1.630642040351516916e+05,8.174475991785636779e+02
5.578077133311090438e+04,1.630609235120526864e+05,8.178450874539610140e+02
5.577848262863737909e+04,1.630576429889462306e+05,8.183054291876958359e+02
5.577619392416462506e+04,1.630543624658397748e+05,8.188230527292814713e+02
5.577390521969109977e+04,1.630510819427407696e+05,8.193360862611914399e+02
5.553966053577907587e+04,1.630528679798296944e+05,8.141709866129565398e+02
5.553961651521809108e+04,1.630478014196357981e+05,8.142019569794578047e+02
5.576932781074482045e+04,1.630445208965320780e+05,8.309158910404297558e+02
5.709801120565372548e+04,1.630412403734283580e+05,8.216729459504934994e+02
5.576475040179828648e+04,1.633177216831104888e+05,8.319587874378415790e+02
5.576246169732501585e+04,1.633226793272209179e+05,8.096287805403920856e+02
5.576017299285335321e+04,1.633193988041144621e+05,8.219969470954023336e+02
5.575788428837982792e+04,1.630281182810080063e+05,8.224959159199719352e+02
5.575559558390630264e+04,1.630248377579090011e+05,8.229408327464335571e+02
5.575330687943277735e+04,1.630215572348025453e+05,8.234215291785222917e+02
5.575101817495925206e+04,1.630215572348025453e+05,6.638999939094708225e+02
5.575116561275070853e+04,1.603709462966260326e+05,6.470738979763179941e+02
5.574576173189454857e+04,1.630186390665645595e+05,6.642757756845699078e+02
5.574929206947968487e+04,1.630219195896635647e+05,6.636655281995539326e+02
5.574577961239824799e+04,1.630252001127700205e+05,6.631390012315008562e+02
5.575386947842548398e+04,1.630284806358764763e+05,6.626083220608765032e+02
5.575615818289900926e+04,1.630317611589754815e+05,6.622264229337509960e+02
5.575844688737253455e+04,1.630350416820831597e+05,6.660635221059259266e+02
5.576073559184589249e+04,1.630383222051896155e+05,6.613300416331670704e+02
5.576302429631916311e+04,1.642502984423972666e+05,6.587520266067634793e+02
5.576531300079243374e+04,1.642288832513943198e+05,6.670870449435363980e+02
5.595637439002135216e+04,1.654545750066891196e+05,6.586134451137189671e+02
5.595960170526468573e+04,1.630481637744980399e+05,6.595061318234805867e+02
5.576989040973896772e+04,1.630514442976017599e+05,6.422812667958936572e+02
5.577217911421223835e+04,1.630547248207054799e+05,6.554669392066574574e+02
5.577446781868576363e+04,1.630580053438092000e+05,6.554179406621409498e+02
5.576875652315877232e+04,1.630612858669129200e+05,6.414269065045667730e+02
5.577904522763229761e+04,1.630645663900166401e+05,6.522019430816147860e+02
5.578133393210396025e+04,1.630678469131203892e+05,6.406638216420982417e+02
5.578362263657857693e+04,1.630711274362241093e+05,6.671698533117745455e+02
5.578591134105210222e+04,1.630744079593278293e+05,6.561274439857082825e+02
5.578820004552562750e+04,1.630776884824315493e+05,6.605557761058884125e+02
5.597532324179594434e+04,1.629666483571732824e+05,6.566040293844559983e+02
5.582993550023024000e+04,1.629470264105180686e+05,6.587105320576663416e+02
5.579048874999838154e+04,1.629529014105180686e+05,-7.031416759825139025e+02
5.578594053693152819e+04,1.629562495286370104e+05,-6.868409230684770819e+02
5.578706615894491551e+04,1.629595300517434662e+05,-6.859899402410516132e+02
5.578534005346539197e+04,1.629631729297096317e+05,-6.852932459051035039e+02
5.579105134899252880e+04,1.629598924066031759e+05,-6.862033270322090175e+02
5.578876264451925817e+04,1.629566118835041707e+05,-6.870169525750343382e+02
5.578647394004573289e+04,1.630813313603975112e+05,-6.728842104506575197e+02
5.578418523557272420e+04,1.630780508372937911e+05,-7.009435319808208078e+02
5.578189653110106156e+04,1.630747703141900711e+05,-6.849663153570973009e+02
5.577960782662753627e+04,1.630714897910863510e+05,-6.822086013165198892e+02
5.595179698107552395e+04,1.629757458874196163e+05,-6.908124279799556007e+02
5.594531912215291959e+04,1.629722092679826019e+05,-6.725294086160754432e+02
5.577503041767939430e+04,1.629689287448788818e+05,-6.953577271896099319e+02
5.577274171320586902e+04,1.630616482217751618e+05,-7.029140282767509689e+02
5.577045300873311498e+04,1.630583676986714418e+05,-7.029015892699725327e+02
5.576816430425958970e+04,1.630550871755677217e+05,-6.772109280184275804e+02
5.576587559978658101e+04,1.630518066524640017e+05,-7.028980396569139657e+02
5.576358689531331038e+04,1.630485261293602816e+05,-6.744606672766866495e+02
5.576129819083978509e+04,1.630452456062565616e+05,-6.748166815150660796e+02
5.576414949430731212e+04,1.630554495304281882e+05,-6.914922611725240813e+02
5.576643819878083741e+04,1.630587300535346440e+05,-6.909942283923433024e+02
5.670611880999636924e+04,1.629351332632209233e+05,-6.908780210535319384e+02
5.576872690325250005e+04,1.630620105766410998e+05,-6.904819764420376487e+02
5.577101560772602534e+04,1.630652910997401050e+05,-6.899482815741489503e+02
5.577330431219955062e+04,1.630685716228465608e+05,-6.894144428848799180e+02
5.577559301667307591e+04,1.630718521459530166e+05,-6.889285766917441833e+02
5.577788172114660119e+04,1.630751326690520218e+05,-6.884815211415975682e+02
5.578017042562012648e+04,1.630784131921584776e+05,-6.880818491837403599e+02
5.578245913009365177e+04,1.630816937152649334e+05,-6.876927035438407074e+02
5.577790917122876999e+04,1.630849742383639386e+05,-6.871108240159535399e+02
5.577903653904004750e+04,1.630882547614703944e+05,-6.863727077667733738e+02
5.578132524351357279e+04,1.630915352845709131e+05,-6.740558821310421536e+02
5.594721957212827692e+04,1.620953193479101465e+05,-6.910018734399070581e+02
5.578531043356239388e+04,1.620998976394380734e+05,-6.856411096044248552e+02
5.709356264656364510e+04,1.620966171163316176e+05,-6.864601785873019253e+02
5.578073302461534331e+04,1.630853365932326124e+05,-6.871472299987769929e+02
5.577844432014181803e+04,1.630820560701261566e+05,-6.876756971800029987e+02
5.577615561566829274e+04,1.630787755470197008e+05,-6.881199319882987311e+02
5.577386691119476745e+04,1.630754950239206955e+05,-6.885808096779480820e+02
5.577157820672124217e+04,1.630722145008142397e+05,-6.890927557493530458e+02
5.576928950224813161e+04,1.630550982917840884e+05,-6.896366656308207439e+02
5.576700079777646897e+04,1.630656534546087787e+05,-6.901825366826349182e+02
5.576756339677047072e+04,1.630725768556739495e+05,-6.892583522940399234e+02
5.553430211968530057e+04,1.612555054350043938e+05,-6.912254965121387613e+02
5.576985210124399600e+04,1.630758573787768255e+05,-6.925554378519295824e+02
5.577214080571565864e+04,1.630791379018805455e+05,-6.834770069012879503e+02
5.577442951018918393e+04,1.630824184249842656e+05,-6.828328588793515337e+02
5.577671821466270922e+04,1.630856989480879856e+05,-7.032254306639074457e+02
5.577900691913623450e+04,1.630889794711917057e+05,-7.020532389949071330e+02
5.578129562360975979e+04,1.630922599942954257e+05,-7.020793955321419162e+02
5.577728081365671096e+04,1.630926223491576675e+05,-6.885718307043421191e+02
5.577499210918296012e+04,1.630893418260539474e+05,-6.762146190325725001e+02
5.577270340471129748e+04,1.630860613029502274e+05,-6.995593627612101955e+02
5.576985318242279754e+04,1.630827807798465074e+05,-6.911916862200009746e+02
5.594264216318174294e+04,1.604156915197451890e+05,-6.917462356429998636e+02
5.593612599576271168e+04,1.630795002567400516e+05,-6.882656665992444687e+02
5.679034657014167897e+04,1.630762197336335958e+05,-6.888489364787574232e+02
5.576639989028318814e+04,1.630831431347062171e+05,-6.877871877277257227e+02
5.576868859475731006e+04,1.630864236578126729e+05,-6.871028005571615722e+02
5.577097729923083534e+04,1.630897041809116781e+05,-6.865452744349021259e+02
5.577326600370436063e+04,1.630929847040181339e+05,-6.858852883811340462e+02
5.577153989822483709e+04,1.630966275819859002e+05,-6.894114165242061745e+02
5.576925119375131180e+04,1.630933470588821801e+05,-6.894778878067231744e+02
5.707839725517175248e+04,1.630900665357784601e+05,-6.894582685750870041e+02
5.576752508827178826e+04,1.630969899368436309e+05,-6.854723268269522123e+02
5.594035345870881429e+04,1.629593432718889089e+05,-6.919194747881170997e+02
5.709042851001649251e+04,1.630419650831521722e+05,-6.932017141205047892e+02
5.575672078189320018e+04,1.630386845600457164e+05,-6.935855464935830241e+02
5.575443207741967490e+04,1.630354040369392605e+05,-6.940274171042783564e+02
5.575214337294614961e+04,1.630321235138402553e+05,-6.944274918290848291e+02
5.574985466847369389e+04,1.630288429907337995e+05,-6.948563120911620672e+02
5.574756596400203125e+04,1.630255624676273437e+05,-6.954259011393495484e+02
5.574527725952850597e+04,1.630222819445283385e+05,-6.960153663045401800e+02
5.574303049036474840e+04,1.630190758514927002e+05,-6.965148482200655735e+02
5.574126244957545714e+04,1.630226442993880482e+05,-6.963155687433226149e+02
5.574355115404898243e+04,1.630259248224945040e+05,-6.957768671336724537e+02
5.593806475423520897e+04,1.630259221201124601e+05,-6.923857671896020065e+02
5.574583985852135811e+04,1.630292053455966525e+05,-6.952248170261935911e+02
5.574812856299488340e+04,1.630324858687031083e+05,-6.947896838761715799e+02
5.575041726746840868e+04,1.630357663918095641e+05,-6.943410352097033638e+02
5.575270597194007132e+04,1.630390469149085693e+05,-6.938911521398312061e+02
5.575499467641359661e+04,1.630423274380150251e+05,-6.934745695538117616e+02
5.575728338088712189e+04,1.630456079611214809e+05,-6.930255498574811099e+02
5.575957208536064718e+04,1.630488884842204861e+05,-6.925282837700328855e+02
5.576186078983417246e+04,1.630521690073269419e+05,-6.920000137909487421e+02
5.576471209330169950e+04,1.630623729314996745e+05,-6.921867409049705202e+02
5.576242338882817421e+04,1.630590924083959544e+05,-6.986386752500370676e+02
5.593577604976138537e+04,1.630685343055690755e+05,-6.931035377131888708e+02
5.576013468435435061e+04,1.630558118852922344e+05,-6.934380746604988417e+02
5.575784597988082533e+04,1.630525313621885143e+05,-6.915279268892595610e+02
5.575555727540730004e+04,1.630492508390847943e+05,-6.779453604289560644e+02
5.575326857093377475e+04,1.630459703159810742e+05,6.612688880012830168e+02
5.708284581426186924e+04,1.630426897928773542e+05,6.584801328973372847e+02
5.574869116198858683e+04,1.630714092697736342e+05,6.531602277555613227e+02
5.574640245751506154e+04,1.630681287466699141e+05,6.558056048923282333e+02
5.574411375304153626e+04,1.630648482235661941e+05,6.592084496342687316e+02
5.574182504856801097e+04,1.630295677004671888e+05,6.636206635004832606e+02
5.574182504856801097e+04,1.652484358626223402e+05,6.617623891138405270e+02
5.573552153414325585e+04,1.652666495322204428e+05,6.643774737049325267e+02
5.572981023861491849e+04,1.652699300553268986e+05,6.638899124057288645e+02
5.574009894308844378e+04,1.652732105784333544e+05,6.633841580948292176e+02
5.574238764756196906e+04,1.652764911015323596e+05,6.629220530899414143e+02
5.546914612143510749e+04,1.652797716246388154e+05,6.625256406771308093e+02
5.574696505650901963e+04,1.630430521477452712e+05,6.619264611104405276e+02
5.574925376098254492e+04,1.630463326708442764e+05,6.614747339752753987e+02
5.575154246545607020e+04,1.630496131939507322e+05,6.609896484879096761e+02
5.574578840300753654e+04,1.630528937170571880e+05,6.603953696942440956e+02
5.575611987440228404e+04,1.630561742401561933e+05,6.598755311299323694e+02
5.537706144468426646e+04,1.629704325802765088e+05,6.566296028370420572e+02
5.593119864081540436e+04,1.629462211794845061e+05,6.624712790655762547e+02
5.575840857887589664e+04,1.629634547632626491e+05,6.593963498619418715e+02
5.576069728334942192e+04,1.629667352863616543e+05,6.588899427080618807e+02
5.576298598782294721e+04,1.629700158094681101e+05,6.583844884827420856e+02
5.576527469229575217e+04,1.631478611387527781e+05,6.578446786720168120e+02
5.576354858681622864e+04,1.630729392105407314e+05,6.573981389700639966e+02
5.576125988234270335e+04,1.631016586874342756e+05,6.579686811615102897e+02
5.575897117786917806e+04,1.630663781643278198e+05,6.585035875997108405e+02
5.575668247339565278e+04,1.630630976412288146e+05,6.590145372244422788e+02
5.575439376892399014e+04,1.630598171181223588e+05,6.595026416135495992e+02
5.575210506445046485e+04,1.630565365950233536e+05,6.600175189276177434e+02
5.592890993634115875e+04,1.629429406563775847e+05,6.634222935412961988e+02
5.574981635997693957e+04,1.630532560719164321e+05,6.605767542201479046e+02
5.574752765550341428e+04,1.630499755488099763e+05,6.611901335106971374e+02
5.574523895102988899e+04,1.630466950257109711e+05,6.616719280189003030e+02
5.574295024655636371e+04,1.630434145026045153e+05,6.622103249367950184e+02
5.574066154208394437e+04,1.630401339794980595e+05,6.627365142989973492e+02
5.573837283761228173e+04,1.630368534563990543e+05,6.631599499389657240e+02
5.573608413313875644e+04,1.630335729332925985e+05,6.637231930099613919e+02
5.573379542866413976e+04,1.630302924101861427e+05,6.642125201324887485e+02
5.573206932318501640e+04,1.630339352881529485e+05,6.647864400530887679e+02
5.573435802765828703e+04,1.630372158112594043e+05,6.635666941851198999e+02
5.592489512638974702e+04,1.636615708775588428e+05,6.633719910082694469e+02
5.573664673213128845e+04,1.636768769388060900e+05,6.630000623138733999e+02
5.573893543660481373e+04,1.630437768574591610e+05,6.624374764803618518e+02
5.574122414107833902e+04,1.630470573805656168e+05,6.618580866162486700e+02
5.574351284555000166e+04,1.630503379036720726e+05,6.613370644869395392e+02
5.574580155002352694e+04,1.630536184267752687e+05,6.700121053429433005e+02
5.574809025449705223e+04,1.630568989498789888e+05,6.445677184583731787e+02
5.575037895897116687e+04,1.630601794729779940e+05,6.595923616616749996e+02
5.575266766344469215e+04,1.630634599960844498e+05,6.590788616261382913e+02
5.575495636791770085e+04,1.630667405191909056e+05,6.585644402226138254e+02
5.575724507239097147e+04,1.630700210422899108e+05,6.580368902068988746e+02
5.592718383086301765e+04,1.645013847919504624e+05,6.580488600787178939e+02
5.575953377686424210e+04,1.641732007423441391e+05,6.581120808402305329e+02
5.576182248133750545e+04,1.641645820885013090e+05,6.492376828065429208e+02
5.576411118581077608e+04,1.641678626116050291e+05,6.427477174943600176e+02
5.576467378480492334e+04,1.641747860126776504e+05,6.552414116152034467e+02
5.576238508033165272e+04,1.641715054895711946e+05,6.558997286463094269e+02
5.576009637585838937e+04,1.641682249664672709e+05,6.559597292127840547e+02
5.575780767138511874e+04,1.641649444433608151e+05,6.570154844972533965e+02
5.575551896691184811e+04,1.641616639202543593e+05,6.575381825721236737e+02
5.575323026243832282e+04,1.641903833971553540e+05,6.581068743031468102e+02
5.575094155796531413e+04,1.625863357573085523e+05,6.586075883839333756e+02
5.592947253533628100e+04,1.653411987066798902e+05,6.623419813721378659e+02
5.574865285349204350e+04,1.653358223509424424e+05,6.591366528001784673e+02
5.574636414901851822e+04,1.653325418278434372e+05,6.597148223974912753e+02
5.574407544454499293e+04,1.630572613047369814e+05,6.603119636469554052e+02
5.673480907186432887e+04,1.630541857098721957e+05,6.608267881996497408e+02
5.573949803559980501e+04,1.630507002585315204e+05,6.614725302279611014e+02
5.573720933112627972e+04,1.630474197354250646e+05,6.620883767179246888e+02
5.573492062665243429e+04,1.630441392123260594e+05,6.626695250005785738e+02
5.573263192217890901e+04,1.630408586892196035e+05,6.633293248997860019e+02
5.573034321770538372e+04,1.630695781661131477e+05,6.639009027646887944e+02
5.572632840775350633e+04,1.633127733711832261e+05,6.662440773936021969e+02
5.593176123980955163e+04,1.633127857210177754e+05,6.617372841893728719e+02
5.572861711222677695e+04,1.632972210440849012e+05,6.636276563044549448e+02
5.573090581670030224e+04,1.630445015671913570e+05,6.629572571189636392e+02
5.573319452117382752e+04,1.630477820902978128e+05,6.622975240235535921e+02
5.573548322564735281e+04,1.630510626133968181e+05,6.616932048475935062e+02
5.574961411077155935e+04,1.630543431365032739e+05,6.610682199647633297e+02
5.574806063459440338e+04,1.630576236596097297e+05,6.604902392766014145e+02
5.574234933906792867e+04,1.630609041827087349e+05,6.598999608076626373e+02
5.574463804353965679e+04,1.630641847058109415e+05,6.536448400243750712e+02
5.574692674801131943e+04,1.630674652289146616e+05,6.633153759687772890e+02
5.574921545248619077e+04,1.630707457520183816e+05,6.471711772828928133e+02
5.593404994428282225e+04,1.630706735355611308e+05,6.610546395429626045e+02
5.575150415695946140e+04,1.643587264312635525e+05,6.450197859321704072e+02
5.575497252678054792e+04,1.643573067982252105e+05,6.571358793328033698e+02
5.575608156590651197e+04,1.630805873213295417e+05,6.598918318251596702e+02
5.575837027037926600e+04,1.630838678444332618e+05,6.507160211081134094e+02
5.576065897485279129e+04,1.630871483675369818e+05,6.497426025892125381e+02
5.576294767932579998e+04,1.630904288906407019e+05,6.709410651276336921e+02
5.576523638379907061e+04,1.630937094137444219e+05,6.694688067833410514e+02
5.576351027831994725e+04,1.630973522917105875e+05,6.536480720385368386e+02
5.576122157384642196e+04,1.630940717686115822e+05,6.543022967710492139e+02
5.575893286937289668e+04,1.630907912455051264e+05,6.549444596297905719e+02
5.593633864875608560e+04,1.630908113501045154e+05,6.604787374309887582e+02
5.575664416490034637e+04,1.630875107224035310e+05,6.556061248162251331e+02
5.575435546042682108e+04,1.630842301992970752e+05,6.562243109194051840e+02
5.575206675595360866e+04,1.630809496761906194e+05,6.561492887992600345e+02
5.574977805148033804e+04,1.630776691530916141e+05,6.572949664568833441e+02
5.574748934700681275e+04,1.630743886299851583e+05,6.577904779843767074e+02
5.574520064253380406e+04,1.636116753597977804e+05,6.583240181750472857e+02
5.706545614349676180e+04,1.636118275837796973e+05,6.589113571780794700e+02
5.706862323358675349e+04,1.636085470606732415e+05,6.595149249239361779e+02
5.573833452911399945e+04,1.636052665375694633e+05,6.467918273528807731e+02
5.573604582464047417e+04,1.630579860144630075e+05,6.607236160399967275e+02
5.596860242671617016e+04,1.605084543639197946e+05,6.600827394073763799e+02
5.573375712016694888e+04,1.604947054913565516e+05,6.613035338662208460e+02
5.573146841569342359e+04,1.630514249682575464e+05,6.619205478419950168e+02
5.572917971122176095e+04,1.630481444451510906e+05,6.625555024292021926e+02
5.572689100674765359e+04,1.630448639220446348e+05,6.632069112983932655e+02
5.572460230227412831e+04,1.630415833989456296e+05,6.637917724803651254e+02
5.572058749232199625e+04,1.630419457538093848e+05,6.639055556303827643e+02
5.572287619679552154e+04,1.630452262769158406e+05,6.633345789696212478e+02
5.572516490126802091e+04,1.630689082296875422e+05,6.627655775812053207e+02
5.572745360574154620e+04,1.630517873231184785e+05,6.621233473369683225e+02
5.572974231021507148e+04,1.630550678462249343e+05,6.615482390505966350e+02
5.573291605770262686e+04,1.613482682799560134e+05,6.596466145846978861e+02
5.573203101468878594e+04,1.630583483693239396e+05,6.609570776235822223e+02
5.573431971916044859e+04,1.630616288924303954e+05,6.603890170441635519e+02
5.573660842363397387e+04,1.630649094155294006e+05,6.597639363394170005e+02
5.573889712810814672e+04,1.630681899386358564e+05,6.591620505300867308e+02
5.574118583258167200e+04,1.630714704617423122e+05,6.585613226834153693e+02
5.574347453705468070e+04,1.645442521199149196e+05,6.579837638060613472e+02
5.574576324152795132e+04,1.645500021199149196e+05,7.436558666567966611e+02
5.574576322249540681e+04,1.645500021199149196e+05,7.436558666567966611e+02
5.574714813853831583e+04,1.645604497754631157e+05,7.431348336710586864e+02
5.574796826931492978e+04,1.645598221539772931e+05,7.468020212993076257e+02
5.713149359343977267e+04,1.645580690889128600e+05,7.461125744089982845e+02
5.693102054856748873e+04,1.606021997771167953e+05,7.460455946784383059e+02
5.715678840009154374e+04,1.605911953287015494e+05,7.432063556858482798e+02
5.715760853091658646e+04,1.605911953287015494e+05,7.432421166932431333e+02
5.715842866164290899e+04,1.605899141054473002e+05,7.431436242803422374e+02
5.715769911958308512e+04,1.605899141054473002e+05,7.636129978715864581e+02
5.715687898880647117e+04,1.605914765396270668e+05,7.430721022655526440e+02
5.715605885802985722e+04,1.605914765396270668e+05,7.430363412581577904e+02
5.715523872725510591e+04,1.605926913897578197e+05,7.430005802507629369e+02
5.715441859647849196e+04,1.600487458955899638e+05,7.589937263052096341e+02
5.715359846570187801e+04,1.601774949237287801e+05,7.589290582359733435e+02
5.715277833492712671e+04,1.603132789844752115e+05,7.461483354163931381e+02
5.714097402698950464e+04,1.605549380253039999e+05,7.461432972285784899e+02
5.733330026276068384e+04,1.604677094582997961e+05,7.461517872508638902e+02
5.733513807337389881e+04,1.606157993336186046e+05,7.461967752137943535e+02
5.715031794259914750e+04,1.607740561207100982e+05,7.427860142063940430e+02
5.714949781182253355e+04,1.609288476167932386e+05,7.427502531989952104e+02
5.714867768104778224e+04,1.610780080872308463e+05,7.589100010528703706e+02
5.714785755027116829e+04,1.612202164681758732e+05,7.426787311841975452e+02
5.714703741949455434e+04,1.613480345042105764e+05,7.426429701767987126e+02
5.714621728871980304e+04,1.614957184395696968e+05,7.426072091694198889e+02
5.714539715794318909e+04,1.616350257894154638e+05,7.425714481620501601e+02
5.714457702716790664e+04,1.616464265120330092e+05,7.511286844897234687e+02
5.565534026058427116e+04,1.605405650679138198e+05,6.653438836107418410e+02
5.571255787241721555e+04,1.605146704635338974e+05,6.652594046676570088e+02
5.571484657689074083e+04,1.605179509866329026e+05,6.633485658561163518e+02
5.571364505969282618e+04,1.630492315097393584e+05,6.628142574078707412e+02
5.571942398583624890e+04,1.630525120328458142e+05,6.623165519762738995e+02
5.572171269030977419e+04,1.630557925559448195e+05,6.618833700528672352e+02
5.572400139478329947e+04,1.630590730790512753e+05,6.613795408668595428e+02
5.572629009925682476e+04,1.630623536021577311e+05,6.608467810243384974e+02
5.572857880373035005e+04,1.630656341252567363e+05,6.602833383942854653e+02
5.573086750820387533e+04,1.630689146483631921e+05,6.596166080368059284e+02
5.595007087559569482e+04,1.647075239375325036e+05,6.589240034328615820e+02
5.573315621267663664e+04,1.638899638956504059e+05,6.549169288309133208e+02
5.573544491715016193e+04,1.630754756945710978e+05,6.406203755767858183e+02
5.573773362162317062e+04,1.630787562176748179e+05,6.625562205122625983e+02
5.574002232609669591e+04,1.630820367407785379e+05,6.503168871476448203e+02
5.574231103057022119e+04,1.630853172638822580e+05,6.462735062240756179e+02
5.573659973504374648e+04,1.630885977869859780e+05,6.692806110222084044e+02
5.603544051625559950e+04,1.630918783100896981e+05,6.505541867230278967e+02
5.574917714399079705e+04,1.630951588331934181e+05,6.472148969633055913e+02
5.574400751614550973e+04,1.630823990956422058e+05,6.576934973496611292e+02
5.573371881167078391e+04,1.630791185725357500e+05,6.582554233981720699e+02
5.595235958006838337e+04,1.629826692884814111e+05,6.588158713333034484e+02
5.573143010719725862e+04,1.629798380494292942e+05,6.587294704002846402e+02
5.572914140272373334e+04,1.630725575263302890e+05,6.592516830157250070e+02
5.572685269825097930e+04,1.631429128253262606e+05,6.598374069467660092e+02
5.572456399377745402e+04,1.630659964801173774e+05,6.604468367165951577e+02
5.572227528930392873e+04,1.630627159570183721e+05,6.609693251965051104e+02
5.572798658483226609e+04,1.630594354339119163e+05,6.614024389683742129e+02
5.571769788035874080e+04,1.630561549108129111e+05,6.618331891383375023e+02
5.571540917588521552e+04,1.630528743877064553e+05,6.622556345320512037e+02
5.571312047141169023e+04,1.630495938645999995e+05,6.627579025838962252e+02
5.571083176693816495e+04,1.630463133414998592e+05,6.632848725054283250e+02
5.597396084294219327e+04,1.629859498115867318e+05,6.587068230829537470e+02
5.596961149633774767e+04,1.629790328183934034e+05,6.637948345349907413e+02
5.596939693029338378e+04,1.629643002639055194e+05,6.654466254577894233e+02
5.565091144901255029e+04,1.629619885038673820e+05,6.659302391820276625e+02
5.564695464447254199e+04,1.629621680954113544e+05,6.664816946185057986e+02
5.564959609412329155e+04,1.629646676775380911e+05,6.664762188168577950e+02
5.565188804962785798e+04,1.629679431418716849e+05,6.654780541702392611e+02
5.566552234376073466e+04,1.629726706615612493e+05,6.647781232207246376e+02
5.566790898093991564e+04,1.629909068035930977e+05,6.647237879040815187e+02
5.567007538835817104e+04,1.629942989325151430e+05,6.647162549877878064e+02
5.568621861672629166e+04,1.629942857460485247e+05,6.643485358936643479e+02
5.595693698901538301e+04,1.629892303346948174e+05,6.583320863200981421e+02
5.568850732119981694e+04,1.630204315115319041e+05,6.643936160989806012e+02
5.569308473014609626e+04,1.630269925577373651e+05,6.643825451735583556e+02
5.569537343461962155e+04,1.630302730808438209e+05,6.644357028151107443e+02
5.569995084356590087e+04,1.630368341270509409e+05,6.535174833232713354e+02
5.569758687323452614e+04,1.630081146501546609e+05,6.613033114293766630e+02
5.570452825251342438e+04,1.630113951732536661e+05,6.636226594345706644e+02
5.570681695698570547e+04,1.655489782688042033e+05,6.631997994722669318e+02
5.570561369399006799e+04,1.630499562194665777e+05,6.626693534225388476e+02
5.570562263424191769e+04,1.630532367425655830e+05,6.621850858854642183e+02
5.570568307040501531e+04,1.630565172656720388e+05,6.617561185776851289e+02
5.714577753327656683e+04,1.629925108577927458e+05,6.578828336471472085e+02
5.571597177487837325e+04,1.630049523351124080e+05,6.613289888548154067e+02
5.571826047935189854e+04,1.630630783118807012e+05,6.453710426958698463e+02
5.572054918382532196e+04,1.630663588349871570e+05,6.453197102991819065e+02
5.572283788829884725e+04,1.630696393580861622e+05,6.599553628390842732e+02
5.572512659277185594e+04,1.640754895854421193e+05,6.594460724955845308e+02
5.572741529724512657e+04,1.640682004042990739e+05,6.589570777500468921e+02
5.571882307834688982e+04,1.630700017129533226e+05,6.599083499314132268e+02
5.571653437387336453e+04,1.630667211898468668e+05,6.603843440246986347e+02
5.571424566939983924e+04,1.630634406667478615e+05,6.608168561721962533e+02
5.571195696492631396e+04,1.630601601436414057e+05,6.612390555551086209e+02
5.596151439796240447e+04,1.630687023100816295e+05,6.573697151178188278e+02
5.570966826045179187e+04,1.630568796205334947e+05,6.616260351215008768e+02
5.570737955598012923e+04,1.630535990974344895e+05,6.620405043318095295e+02
5.570509085150660394e+04,1.630503185743280337e+05,6.625620183270065127e+02
5.703734964056910394e+04,1.630470380512215779e+05,6.629482911327494321e+02
5.570051344256004813e+04,1.630437575281225727e+05,6.633594164744787349e+02
5.569757119038314704e+04,1.630404770050169318e+05,6.550026845232420101e+02
5.569593603361384157e+04,1.630371964819132118e+05,6.444564892099075450e+02
5.569364732914024353e+04,1.630339159588142065e+05,6.639050901310180279e+02
5.569135862466697290e+04,1.630306354357077507e+05,6.639461177797999198e+02
5.568906992019344762e+04,1.630273549126087455e+05,6.639733669645571581e+02
5.596380310243530403e+04,1.615544074238239555e+05,6.569534706717058725e+02
5.568678121572043892e+04,1.615520743895022897e+05,6.639996000593673671e+02
5.568449251124716830e+04,1.615487938663958339e+05,6.640331417527213489e+02
5.568220380677364301e+04,1.615455133432968287e+05,6.639445522600017284e+02
5.567991510230011772e+04,1.630142328201903729e+05,6.640480758160865662e+02
5.567762639782659244e+04,1.630109522970839171e+05,6.642639992582717241e+02
5.567533769335306715e+04,1.630076717739849119e+05,6.643110531759540436e+02
5.567304898888082971e+04,1.630043912508784560e+05,6.643676812087161352e+02
5.567062174126157333e+04,1.630008357243015198e+05,6.644813475862196128e+02
5.566847157993377914e+04,1.629978302046729950e+05,6.644696200008496589e+02
5.566618287546102511e+04,1.629945496815665392e+05,6.644639519248615898e+02
5.598504065868173348e+04,1.629866938506587176e+05,6.546936458625299338e+02
5.596609180690821813e+04,1.630023524271099595e+05,6.564412607359284948e+02
5.566389417098749982e+04,1.629912691584675340e+05,6.645303981641940254e+02
5.566160546651397453e+04,1.629879886353610782e+05,6.646165123569252273e+02
5.565928629142519640e+04,1.629851096314265160e+05,6.646874170680764564e+02
5.565693664778497623e+04,1.629815112927405862e+05,6.649747132375139245e+02
5.565016194414821075e+04,1.629715860198437003e+05,6.654587043176231873e+02
5.564790828941229847e+04,1.629725948781411280e+05,6.657383450522011117e+02
5.564569456187475589e+04,1.629647019233967294e+05,6.662924203842685529e+02
5.564130142114527553e+04,1.629660039537365665e+05,6.664496126420044675e+02
5.564385842972278624e+04,1.629686678516010870e+05,6.659314142816065214e+02
5.564671264639930450e+04,1.629721578221286763e+05,6.655027984398539047e+02
5.596838051138134324e+04,1.630056329502130975e+05,6.559921597220300100e+02
5.564841067785458290e+04,1.629752235100756516e+05,6.653007747317860776e+02
5.565072454314181232e+04,1.629785094209055533e+05,6.652405474506704195e+02
5.564939458299849503e+04,1.629817899440120091e+05,6.649259543217522150e+02
5.565530195208873920e+04,1.629850704671184649e+05,6.645742319860033831e+02
5.570211277719263308e+04,1.629883484650051396e+05,6.539766659067132650e+02
5.570054250020210020e+04,1.629912611499770719e+05,6.538835883950729340e+02
5.570222149080227973e+04,1.629948874878040515e+05,6.605287477633306708e+02
5.541293311542462470e+04,1.629981925595304929e+05,6.641878845662782851e+02
5.540944822450958600e+04,1.630014730826369487e+05,6.641857212927048977e+02
5.566903417892799189e+04,1.630047536057359539e+05,6.641289555468744084e+02
5.597066921585470845e+04,1.630089134733132087e+05,6.555330269650936543e+02
5.567132288340151717e+04,1.630080341288424097e+05,6.640474558277430788e+02
5.570856649616778304e+04,1.630113146519488655e+05,6.640439319284425892e+02
5.567541432021545188e+04,1.630145182431689464e+05,6.638103367473147500e+02
5.567818899682151095e+04,1.630178756981543265e+05,6.636067665323408846e+02
5.541829153111563937e+04,1.630211562212607823e+05,6.635148216810686108e+02
5.568276640576856153e+04,1.630244367445609532e+05,6.565916798960034839e+02
5.568505511024208681e+04,1.630277172674642934e+05,6.566050448433753672e+02
5.568734381471561210e+04,1.630309977905680134e+05,6.565391071304703701e+02
5.568963251918913738e+04,1.630342783136717335e+05,6.550730897352124202e+02
5.569192122366266267e+04,1.630375588367781893e+05,6.632348857252266043e+02
5.569064436687628040e+04,1.630121939964196936e+05,6.551237304617582140e+02
5.569420992813439079e+04,1.640548761290735856e+05,6.630968473334886539e+02
5.542364994726509758e+04,1.640361198829836503e+05,6.629416909755180995e+02
5.569878733708027721e+04,1.640394004060866137e+05,6.626326909207723475e+02
5.570107604155419540e+04,1.640426809291856189e+05,6.622277507699385524e+02
5.569759126853916678e+04,1.630539614522940537e+05,6.595020467481866717e+02
5.570565345050182077e+04,1.630572419754005095e+05,6.614465246040548436e+02
5.570794215497534606e+04,1.630605224984995148e+05,6.610857563562673249e+02
5.571023085944887134e+04,1.630638030216059706e+05,6.607177051806862664e+02
5.571251956392053398e+04,1.630670835447124264e+05,6.603317685832076904e+02
5.571480826839405927e+04,1.630703640678114316e+05,6.598612879900825874e+02
5.597524662480164261e+04,1.657534769981092832e+05,6.547007128232140758e+02
5.571709697286631854e+04,1.630736445909178874e+05,6.593952776965376188e+02
5.571537086738679500e+04,1.630772874688840529e+05,6.589021473789395031e+02
5.571308216291326971e+04,1.630740069457775971e+05,6.593558631021511474e+02
5.571079345844160707e+04,1.631027264226711413e+05,6.598306325792724465e+02
5.570850475396808179e+04,1.630674458995721361e+05,6.602602570891245932e+02
5.570621604949455650e+04,1.630641653764656803e+05,6.605779060876444646e+02
5.570392734502103121e+04,1.630608848533666751e+05,6.609202247860590660e+02
5.570163864054750593e+04,1.630576043302602193e+05,6.612553236065065221e+02
5.569934993607398064e+04,1.630543238071537635e+05,6.615668881411762641e+02
5.569706123160180869e+04,1.630510432840547583e+05,6.619536149151605287e+02
5.597753532927491324e+04,1.630510420118852344e+05,6.542689585401600425e+02
5.569477252712853806e+04,1.630689053232849401e+05,6.623052871117175755e+02
5.569248382265501277e+04,1.630444822378412646e+05,6.623799154100339592e+02
5.569019511818148749e+04,1.630412017147422594e+05,6.624932548648135935e+02
5.568790641370796220e+04,1.630699211916358036e+05,6.625986970746522502e+02
5.568561770923443692e+04,1.630346406685339753e+05,6.625986970746420184e+02
5.568561770923435688e+04,1.630205000002312008e+05,6.627014426861363745e+02
5.568332900476219947e+04,1.630313601454302552e+05,6.628323457566766592e+02
5.568104030028892885e+04,1.630280796223265352e+05,6.628739637014249411e+02
5.567875159581565822e+04,1.630247990992228151e+05,6.629213665200651349e+02
5.567646289134239487e+04,1.630215185761190951e+05,6.630603393595038142e+02
5.567417418686912424e+04,1.630182380530153750e+05,6.633039862512963509e+02
5.597982403374818387e+04,1.630220355657291366e+05,6.537338965604470786e+02
5.567188548239585361e+04,1.630149575299116550e+05,6.635269878751140595e+02
5.566959677792259026e+04,1.630116770068079350e+05,6.637891714224369935e+02
5.566730807344931964e+04,1.630083964837042149e+05,6.638229434713447290e+02
5.566501936897604901e+04,1.630051159606004949e+05,6.638531570639132724e+02
5.566273066450277838e+04,1.630018354374967748e+05,6.639284922846818517e+02
5.566044196002951503e+04,1.629985549143930548e+05,6.639010850022596060e+02
5.565821103023234173e+04,1.629953388059201534e+05,6.639429061323747874e+02
5.565583712987967010e+04,1.629920673319310299e+05,6.638901927672701504e+02
5.565357584660971042e+04,1.629887133450818947e+05,6.640974149739374752e+02
5.565128714213643980e+04,1.629854328219781746e+05,6.644356038046378217e+02
5.686086098469172430e+04,1.600809187412153115e+05,6.533419367261384423e+02
5.685699843766316917e+04,1.600701522988744546e+05,6.647726257334984439e+02
5.564669492372853711e+04,1.600669032398913405e+05,6.650956143031419288e+02
5.564442102871663519e+04,1.629755912526670145e+05,6.652234710000456062e+02
5.564213232424336456e+04,1.629723107295632944e+05,6.654867510071434253e+02
5.563984361977009394e+04,1.629690302064595744e+05,6.660509790989601697e+02
5.563845168536316487e+04,1.629676457287175581e+05,6.662734083894914647e+02
5.563582880981770722e+04,1.629693925613192841e+05,6.658907702878096870e+02
5.563811751429097785e+04,1.629726730844255362e+05,6.658994576990502310e+02
5.539999200364681019e+04,1.629759536075292563e+05,6.585195535293736384e+02
5.539469492323751183e+04,1.646679374420492386e+05,6.696318116743772180e+02
5.641897798203731509e+04,1.610134954998342728e+05,6.532883396893460031e+02
5.642098362771078246e+04,1.609985146537366963e+05,6.646098491900170302e+02
5.642327233218405308e+04,1.610017951768404164e+05,6.642623066508399461e+02
5.569562538427304389e+04,1.610050756999441364e+05,6.406861564808946241e+02
5.569220738327412982e+04,1.610082627674307150e+05,6.524126458534460653e+02
5.569413844560385769e+04,1.610116367461515765e+05,6.699753181923019838e+02
5.540535041974411433e+04,1.610149172692580323e+05,6.634495477225029845e+02
5.565871585455039167e+04,1.610181977923590166e+05,6.634034656098019695e+02
5.566100455902366230e+04,1.610214783154627366e+05,6.634170007819785724e+02
5.566329326349692565e+04,1.640342626730179472e+05,6.634491062587121633e+02
5.570098380037034076e+04,1.640360393616701767e+05,6.633911032330888702e+02
5.583306963687958341e+04,1.640496784436996386e+05,6.536503445925708320e+02
5.583587067244346690e+04,1.640393198847766325e+05,6.631575174150094654e+02
5.567015937691673753e+04,1.640426004078776168e+05,6.699400443885571121e+02
5.541070883584141848e+04,1.640458809309813369e+05,6.625796878202274911e+02
5.567473678586327151e+04,1.640491614540850569e+05,6.624052921388787354e+02
5.567702549033654213e+04,1.640524419771887769e+05,6.621841875169528748e+02
5.567931419480980549e+04,1.640557225002924970e+05,6.621509321127772409e+02
5.570634221646764490e+04,1.640590030233962170e+05,6.620874559851674803e+02
5.570789160375634674e+04,1.640622835464999371e+05,6.619558494718028214e+02
5.571018030822961737e+04,1.630415640696036571e+05,6.618612716823082565e+02
5.568846901270288072e+04,1.630448445927101129e+05,6.617311352572328360e+02
5.687955136641214631e+04,1.657993280296298617e+05,6.557180828882968626e+02
5.597580922379578988e+04,1.657993062418772897e+05,6.541078762847074586e+02
5.597075771717615135e+04,1.658001251158110972e+05,6.570610641079157404e+02
5.597304642164942197e+04,1.658034056389148172e+05,6.554751147162070311e+02
5.597533512612294726e+04,1.630546861620212730e+05,6.613077358142961657e+02
5.714791253506922658e+04,1.630612472082259774e+05,6.607166140684818174e+02
5.715020123954275186e+04,1.630645277313324332e+05,6.604025005833283331e+02
5.715020123954275186e+04,1.630678082544334175e+05,6.600870566772792927e+02
5.714677864848903118e+04,1.630710887775371375e+05,6.597047464869807527e+02
5.714906735296255647e+04,1.630743693006408575e+05,6.593115086532811802e+02
5.715135605743608176e+04,1.630776498237445776e+05,6.588753576755181030e+02
5.670925294664582907e+04,1.630191173974916164e+05,6.546397336981964372e+02
5.571364476190905407e+04,1.630809303468482976e+05,6.584912835201432699e+02
5.571991865642971243e+04,1.630845732248144632e+05,6.580660663643001271e+02
5.571762995195644908e+04,1.630812927017080074e+05,6.584211409794686460e+02
5.571534124748317845e+04,1.630780121786015516e+05,6.587371711036419129e+02
5.570505254300990782e+04,1.630747316555025463e+05,6.591309176600068440e+02
5.570276383853664447e+04,1.636994898933412915e+05,6.595130195612374564e+02
5.570047513406337384e+04,1.637081706092970853e+05,6.598060444868107197e+02
5.569818642959010322e+04,1.637048900861906295e+05,6.601582067523505657e+02
5.731781762990925927e+04,1.637016095630841737e+05,6.604808337548629424e+02
5.731760902064356924e+04,1.636983290399845282e+05,6.701041910445082976e+02
5.612334460156474233e+04,1.630158368743817846e+05,6.550832989784580604e+02
5.569132031617029861e+04,1.630230485168780724e+05,6.610319831375488775e+02
5.568903161169702798e+04,1.630197679937716166e+05,6.611840073878199746e+02
5.702218424928488821e+04,1.630164874706726114e+05,6.611899695614976054e+02
5.702045420275049401e+04,1.630132069475661556e+05,6.611151226020575677e+02
5.568216549827722338e+04,1.630099264244596998e+05,6.612070199318008008e+02
5.731245921381195512e+04,1.634933507484953443e+05,6.612781482060200915e+02
5.731758808933068940e+04,1.635153653782542387e+05,6.613860401172152024e+02
5.731529938485741877e+04,1.635120848551547679e+05,6.614030968825032915e+02
5.731301068038414815e+04,1.635088043320483121e+05,6.615781865993670863e+02
5.567072197591088479e+04,1.635055238089473278e+05,6.469966671002079011e+02
5.553743625625356799e+04,1.634925563512803346e+05,6.554868677567530995e+02
5.554043327143761417e+04,1.635022432858436077e+05,6.495362870033961826e+02
5.553814456696434354e+04,1.634989627627398877e+05,6.623212905165755728e+02
5.566385586249108019e+04,1.634956822396361677e+05,6.626614221571386452e+02
5.566156715801780956e+04,1.634924017165324476e+05,6.628641471612177156e+02
5.565927845354453893e+04,1.634891211934259918e+05,6.629670582801087448e+02
5.565698974907126831e+04,1.632872116036585358e+05,6.630237037636477453e+02
5.565241234012473433e+04,1.632872796241175674e+05,6.630359825515643024e+02
5.565012363565146370e+04,1.632839991010138474e+05,6.631154845792993910e+02
5.564783493117820035e+04,1.632807185779101274e+05,6.477522658538441647e+02
5.699952791099082242e+04,1.632652758281788847e+05,6.558854856634252428e+02
5.699754622670467506e+04,1.629894380548064073e+05,6.637160330370786596e+02
5.699525752223165910e+04,1.629861575317026873e+05,6.719577580435104665e+02
5.699296881775838847e+04,1.629828770085989672e+05,6.545902748895712193e+02
5.563868011328486318e+04,1.629795964854952472e+05,6.685943842024969399e+02
5.563639140881185449e+04,1.629763159623915271e+05,6.629693842024969399e+02
5.715426811442111648e+04,1.627419987226301746e+05,5.812916453645739239e+02
5.715298971008937224e+04,1.627384928160085692e+05,5.813274063719687774e+02
5.715380984086530225e+04,1.627349670885911328e+05,5.813631673793636310e+02
5.715462997164123226e+04,1.630903094691148144e+05,5.812739283867584845e+02
5.715545010241716227e+04,1.630883619523778616e+05,5.934628057159887931e+02
5.713549882626756153e+04,1.630883619523778616e+05,5.912804849032426091e+02
5.713227023319309228e+04,1.646448491502538382e+05,5.814704504015480779e+02
5.539776772412184800e+04,1.646636419789850770e+05,6.622558457689057150e+02
5.539776772409694240e+04,1.646669225020835293e+05,6.623653728401413900e+02
5.539697493911888159e+04,1.646702030251899851e+05,6.623857246231020781e+02
5.539926364359215222e+04,1.642197883618751657e+05,6.623039775306873480e+02
5.565755234806541557e+04,1.641967640713954461e+05,6.622813219269780802e+02
5.565984105253868620e+04,1.642000445945019019e+05,6.620096287752716080e+02
5.566212975701195683e+04,1.642033251176021295e+05,6.640313507790891663e+02
5.566441846148522745e+04,1.642066056407058495e+05,6.492699534176830412e+02
5.582771122090371500e+04,1.630027147819662350e+05,6.568272701381398520e+02
5.582670716595849080e+04,1.629938861638095696e+05,6.538683140231920561e+02
5.566899587043176143e+04,1.629971666869132896e+05,6.608827097881575128e+02
5.567128457490503206e+04,1.630004472100170096e+05,6.607576614677581119e+02
5.569875952084510936e+04,1.630037277331234654e+05,6.606907699932974083e+02
5.569986198385156604e+04,1.630070082562224707e+05,6.605632800327778114e+02
5.567815068832483666e+04,1.644259275080146035e+05,6.719227012040257705e+02
5.568043939279810729e+04,1.644215693024318898e+05,6.719639442494014929e+02
5.568272809727137064e+04,1.644248498255356099e+05,6.719817531618950852e+02
5.568501680174464127e+04,1.644281303486393299e+05,6.719434725377101358e+02
5.568730550621791190e+04,1.644314108717430499e+05,6.718787848853713740e+02
5.595978829248404509e+04,1.629994342588653672e+05,6.572500401077855940e+02
5.568959421069117525e+04,1.629946913948451984e+05,6.603418760865793047e+02
5.569188291516444588e+04,1.629979719179504900e+05,6.452783142352168397e+02
5.569417161963771650e+04,1.630012524410542101e+05,6.665252816626493768e+02
5.568846032411097985e+04,1.630045329641606659e+05,6.594948675959068396e+02
5.569874902858425048e+04,1.630078134872616502e+05,6.672528275125997652e+02
5.570103773305752111e+04,1.646398134872616502e+05,-7.842061287687466802e+02
5.570103773305752111e+04,1.646143745334671112e+05,6.585279474262774784e+02
5.570103773305752111e+04,1.646143745330761885e+05,6.579598376294636637e+02
5.713303843393955322e+04,1.601737935362126445e+05,6.464805492178866189e+02
5.713378487596248306e+04,1.652485255861546611e+05,6.464447882104917653e+02
5.713017774099820235e+04,1.652645784576424921e+05,6.570195257822909980e+02
5.731559335038588324e+04,1.652612979345387721e+05,6.571033915263818699e+02
5.570160033205166837e+04,1.652580174114350521e+05,6.699958049278633325e+02
5.569931162757839775e+04,1.652547368883285963e+05,6.582898371466774279e+02
5.569702292310513440e+04,1.652514563652276120e+05,6.484942475878972346e+02
5.569473421863186377e+04,1.652481758421238919e+05,6.585288730057993689e+02
5.569244551415859314e+04,1.630452016691666504e+05,6.551744628193894187e+02
5.569015680968532251e+04,1.630656147959164518e+05,6.714880912396231452e+02
5.595521088353687810e+04,1.629928732126585383e+05,6.581657214566000675e+02
5.731023493424946355e+04,1.630623342728127318e+05,6.542002412713989088e+02
5.730957940073878854e+04,1.630590537497090118e+05,6.488449911250133937e+02
5.730729069626551791e+04,1.630557732266052917e+05,6.488330089910861034e+02
5.730500199179225456e+04,1.630524927035015717e+05,6.487914472404262369e+02
5.701460155366049003e+04,1.630492121803978516e+05,6.488712076655920100e+02
5.701242458284571330e+04,1.630459316572941316e+05,6.488587319135240250e+02
5.567413587837218802e+04,1.630426511341904115e+05,6.487576791884766862e+02
5.567184717389917932e+04,1.636788764381979418e+05,6.488697145394488643e+02
5.566955846942590870e+04,1.636760900879849505e+05,6.599726371333906627e+02
5.566726976495238341e+04,1.636728095648792514e+05,6.447808630243614516e+02
5.643859193234892882e+04,1.629801328044515976e+05,6.447900953478431347e+02
5.713139817238787509e+04,1.604061001034435758e+05,6.457653290699902300e+02
5.713338226044388284e+04,1.603959525545201031e+05,6.667694240244247794e+02
5.713256212966795283e+04,1.600677569273075787e+05,6.456938070551925648e+02
5.713174199889202282e+04,1.615752389410099713e+05,6.456580460478057830e+02
5.713092186811727152e+04,1.610322088317076850e+05,6.713049703452184076e+02
5.713010173734065756e+04,1.610999168926576676e+05,6.713365240330160759e+02
5.712928160656423279e+04,1.618502906525904837e+05,6.713007630256463472e+02
5.713646147578948148e+04,1.611760093393499556e+05,6.455150020182264825e+02
5.564667142469322425e+04,1.611472848569494381e+05,6.615180029101525179e+02
5.564438272021969897e+04,1.611440043338429823e+05,6.615636173866137142e+02
5.595063347458912176e+04,1.629863121664504870e+05,6.508285371350852984e+02
5.594609401574617368e+04,1.629967238107378944e+05,6.619031497042074079e+02
5.563980531127217546e+04,1.629967238107378944e+05,6.619636555426180848e+02
5.563751660680014902e+04,1.629901627645324334e+05,6.633839405838464245e+02
5.563522790232848638e+04,1.629868822414259776e+05,6.640761293590715013e+02
5.563579050132103293e+04,1.629938056424985989e+05,6.622551959874929253e+02
5.563807920579455822e+04,1.629970861656050547e+05,6.613408549111833281e+02
5.539018502849742799e+04,1.630003666887040599e+05,6.608501664280980776e+02
5.564265661474083754e+04,1.630036472118105157e+05,6.606342704340264618e+02
5.564494531921436283e+04,1.630069277349169715e+05,6.606216049123845551e+02
5.564723402368737152e+04,1.644053140512164100e+05,6.606060026801715139e+02
5.640826114952279022e+04,1.629830316433514818e+05,6.590043540952947296e+02
5.640937219528009882e+04,1.609280227903257473e+05,6.590595536349037502e+02
5.713819232605485013e+04,1.608951120116914972e+05,6.455953146422996269e+02
5.713901245683146408e+04,1.608349399991835817e+05,6.455060756496944805e+02
5.565867754605371738e+04,1.607546108735281450e+05,6.597437141713138544e+02
5.566096625052724266e+04,1.630298913966346008e+05,6.595694729259225824e+02
5.566325495500025136e+04,1.630331719197410566e+05,6.593326162076368746e+02
5.566554365947352198e+04,1.630364524428400618e+05,6.592112897417698605e+02
5.566783236394678534e+04,1.630397329659465177e+05,6.591674177526163021e+02
5.567012106842005596e+04,1.646114531979564053e+05,6.590539377321056236e+02
5.582235280508005962e+04,1.629797511202430469e+05,6.590362323411122816e+02
5.540090186069177435e+04,1.629822940121552092e+05,6.589782683335383808e+02
5.567469847736659722e+04,1.629855745352616650e+05,6.589931120645510418e+02
5.567698718184012250e+04,1.629888550583606702e+05,6.590633307558306342e+02
5.567927588631313120e+04,1.629921355814671260e+05,6.591208220308468526e+02
5.568156459078640182e+04,1.629954161045735818e+05,6.590998314073669917e+02
5.568385329525992711e+04,1.629986966276725871e+05,6.590310719439014520e+02
5.568614199973293580e+04,1.630019771507790429e+05,6.590094637610287691e+02
5.540626027678907849e+04,1.630052576738854987e+05,6.588796567797513717e+02
5.540271940867812373e+04,1.630725381969845039e+05,6.586784160100053214e+02
5.540500811315274041e+04,1.630758187200909597e+05,6.584209900813423246e+02
5.594376736117100518e+04,1.629764705971393269e+05,6.535390580686055273e+02
5.569529681762601103e+04,1.629830992431927007e+05,6.580357313390834406e+02
5.569758552209928166e+04,1.629863797662991565e+05,6.577479806132453177e+02
5.569987422657280695e+04,1.629896602894056123e+05,6.574647575094552394e+02
5.570216293104633223e+04,1.630889408125046175e+05,6.572626350682722887e+02
5.541161869288689923e+04,1.630922213356110733e+05,6.569904136814612912e+02
5.570674033999152016e+04,1.630955018587175291e+05,6.566373996079229300e+02
5.570501423451323353e+04,1.630991447366781649e+05,6.561646905269665240e+02
5.701773569023069285e+04,1.630958642135717091e+05,6.564780869221776811e+02
5.570043682556669228e+04,1.630925836904652533e+05,6.567186671045097910e+02
5.569814812109316699e+04,1.630893031673670048e+05,6.589113424268040262e+02
5.594147865669685416e+04,1.629731900740356068e+05,6.660088677552017771e+02
5.569585941662015830e+04,1.629580226442606072e+05,6.571970649791531969e+02
5.569357071214688767e+04,1.629547421211595647e+05,6.626782287272857275e+02
5.569128200767362432e+04,1.629514615980605595e+05,6.578508501054077442e+02
5.568899330320035369e+04,1.629481810749521246e+05,6.411342413575678165e+02
5.568670459872708307e+04,1.629449005518484046e+05,6.412341131240954155e+02
5.568441589425355778e+04,1.629736200287446845e+05,6.442337658362356478e+02
5.568212718978054909e+04,1.623909134440899361e+05,6.633899431985754518e+02
5.730265223866418091e+04,1.623910589825372444e+05,6.634155202256467874e+02
5.730154978083349852e+04,1.623877784594335244e+05,6.634690688928178588e+02
5.729926107636074448e+04,1.623844979363298044e+05,6.634121686282389874e+02
5.593918995222429658e+04,1.629699095509318868e+05,6.567475339534514660e+02
5.567297237188747386e+04,1.629572174132260843e+05,6.577659776779121330e+02
5.700701885803608457e+04,1.629539368901223643e+05,6.577551321417788586e+02
5.566839496294042328e+04,1.630466563670186442e+05,6.717027881324986538e+02
5.566610625846766925e+04,1.630433758439149242e+05,6.717346846890516190e+02
5.566381755399439862e+04,1.630400953208112041e+05,6.543609846440024285e+02
5.566152884952087334e+04,1.630688147977074841e+05,6.543113484021971544e+02
5.565924014504734805e+04,1.630688147977074841e+05,6.409381723862836679e+02
5.565695144057459402e+04,1.630622537514945725e+05,6.587904197384527833e+02
5.565740102631289483e+04,1.630589732283955673e+05,6.589550986756844395e+02
5.565237403162806004e+04,1.630556927052891115e+05,6.592120179694940134e+02
5.552671942385523289e+04,1.629666290278281667e+05,6.711237174978051598e+02
5.552208532715478941e+04,1.629564121821891167e+05,6.594899785867887658e+02
5.729193540646957263e+04,1.629531316590901115e+05,6.596680563508703017e+02
5.564550791820773884e+04,1.630138511359836557e+05,6.597551486429870238e+02
5.564321921373498481e+04,1.630105706128846505e+05,6.597410214158885537e+02
5.564093050926145952e+04,1.630392900897781947e+05,6.597383527923088877e+02
5.563864180478979688e+04,1.630360095666717389e+05,6.596421278028426514e+02
5.563635310031627159e+04,1.630007290435727336e+05,6.600106539982223239e+02
5.563406439584274631e+04,1.629974485204628436e+05,6.653556281509661403e+02
5.563233829036322277e+04,1.630010913984290091e+05,6.591849109394386232e+02
5.563462699483674805e+04,1.630043719215354649e+05,6.588570870915862088e+02
5.593461254327585630e+04,1.629633485047244467e+05,6.652707093442293171e+02
5.563691569930932747e+04,1.629756524446331896e+05,6.588582821272319734e+02
5.563920440378285275e+04,1.630109329677396454e+05,6.588526815282419875e+02
5.564149310825586144e+04,1.630142134908386506e+05,6.588635119633750037e+02
5.564378181272913207e+04,1.630174940139451064e+05,6.588054888854985620e+02
5.564607051720265736e+04,1.630207745370515622e+05,6.586264214753191482e+02
5.564835922167566605e+04,1.630240550601505674e+05,6.584211327502474660e+02
5.565064792614893668e+04,1.630273355832570232e+05,6.581349321790092972e+02
5.565293663062246196e+04,1.630306161063634790e+05,6.580013945644076330e+02
5.565522533509598725e+04,1.630338966294624843e+05,6.578468304971228235e+02
5.565751403956874128e+04,1.630371771525697259e+05,6.446860466698179835e+02
5.593232383880219277e+04,1.629600679816187767e+05,6.610088969819825024e+02
5.565980274404201191e+04,1.639571649724052695e+05,6.610246875755572091e+02
5.566209144851553719e+04,1.630437381987771660e+05,6.626224283076905976e+02
5.566438015298854589e+04,1.630470187218808860e+05,6.625402958620713889e+02
5.566666885746181651e+04,1.630502992449846060e+05,6.625406170872763596e+02
5.566895756193508714e+04,1.630535797680883261e+05,6.625812278587861783e+02
5.567124626640861243e+04,1.630568602911920461e+05,6.506514988516016729e+02
5.567353497088162112e+04,1.630601408142957662e+05,6.506978500368447840e+02
5.567582367535328376e+04,1.630634213373994862e+05,6.503902466925235331e+02
5.567811237982680905e+04,1.630667018605032063e+05,6.503887109389786474e+02
5.567240108430142573e+04,1.630699823836069263e+05,6.504370056973679084e+02
5.585268358742947748e+04,1.629768522813450254e+05,6.565329030524287646e+02
5.581699438893551996e+04,1.629567874585222162e+05,6.616214583836251677e+02
5.568268978877469635e+04,1.641633041179310239e+05,6.648183933965617598e+02
5.568497849324822164e+04,1.630765434298143664e+05,6.606540079213434637e+02
5.568726719772123033e+04,1.630798239529180864e+05,6.558024891115480841e+02
5.568955590219450096e+04,1.630831044760218065e+05,6.561317738236673449e+02
5.569184460666777159e+04,1.630863849991255265e+05,6.718517544807680224e+02
5.569413331113943423e+04,1.630896655222319823e+05,6.566018591393859651e+02
5.540403599726223911e+04,1.630929460453329666e+05,6.705197745655806330e+02
5.569871072008757619e+04,1.630962265684366866e+05,6.441647202734803841e+02
5.570099942456110148e+04,1.630995070915404067e+05,6.412946948473310158e+02
5.570328812903462676e+04,1.631027876146468625e+05,6.555278451149698640e+02
5.712237673385365633e+04,1.613484330930529104e+05,6.555511456106379455e+02
5.715298461460845283e+04,1.613718694464026485e+05,6.551320301405579585e+02
5.701015299439208320e+04,1.613685889232989284e+05,6.662013455517084140e+02
5.569240720566326490e+04,1.630933084001952084e+05,6.667728037647397059e+02
5.569011850118864822e+04,1.630900278770914883e+05,6.704537520221859950e+02
5.569582979671512294e+04,1.630867473539877683e+05,6.440845905057580012e+02
5.568554109224159765e+04,1.630834668308840482e+05,6.446835353878635715e+02
5.568325238776884362e+04,1.630801863077803282e+05,6.643131282951584353e+02
5.568096368329557299e+04,1.630769057846766082e+05,6.619415770660056069e+02
5.700479457824262499e+04,1.630736252615728881e+05,6.516219697411073639e+02
5.592545772538478195e+04,1.629502264123091009e+05,6.627950962313233276e+02
5.592438627435038507e+04,1.630703447384691681e+05,6.628545148502643087e+02
5.567409756987576839e+04,1.630670642153654480e+05,6.627793797498933372e+02
5.567180886540224310e+04,1.630637836922617280e+05,6.559354123643032608e+02
5.566952016092871781e+04,1.630605031691580079e+05,6.688659079319230614e+02
5.566723145645596378e+04,1.630572226460542879e+05,6.688149304267620892e+02
5.566494275198269315e+04,1.630539421229505679e+05,6.667492119547581524e+02
5.566265404750812013e+04,1.630506615998468478e+05,6.658058806535458416e+02
5.566036534303615917e+04,1.630473810767431278e+05,6.658093224344579539e+02
5.565807663856288855e+04,1.630441005536394077e+05,6.657986598525699264e+02
5.565578793408940692e+04,1.630408200305356877e+05,6.658559213382054622e+02
5.592316902091014344e+04,1.629469458892076509e+05,6.632186674137869886e+02
5.565349922961588163e+04,1.630375395074319676e+05,6.446474952434459738e+02
5.565121052514308394e+04,1.630342589843282476e+05,6.574982476865211538e+02
5.564892182066955866e+04,1.630309784612245276e+05,6.636419197951713613e+02
5.564663311619654996e+04,1.630276979381208075e+05,6.519794898142376951e+02
5.564434441172327934e+04,1.630244174150170875e+05,6.515275378728788382e+02
5.564205570725000871e+04,1.630211368919133674e+05,6.408687941078192125e+02
5.728435271099604142e+04,1.630178563688096474e+05,6.407668233830577265e+02
5.563747829830347473e+04,1.630145758457059273e+05,6.408252133519658855e+02
5.563518959382994944e+04,1.630112953226022073e+05,6.407641709597178306e+02
5.563290088935642416e+04,1.630080147994984873e+05,6.408474963357534762e+02
5.592144291543102736e+04,1.629505887671713717e+05,6.630974963357534762e+02
-5.245712998152554064e+04,1.629680170879803190e+05,6.631230768853661175e+02
-5.153059737493127614e+04,1.630050966312579403e+05,6.568212471139945592e+02
-5.153288607940480142e+04,1.630083771543643961e+05,6.567239317944136019e+02
-5.153517478387781739e+04,1.630116576774708519e+05,6.568634576011712625e+02
-5.157465301769205689e+04,1.630149382005698571e+05,6.569308041149664632e+02
-5.153975219282435137e+04,1.630182187236763129e+05,6.569472305070115681e+02
-5.154204089729762200e+04,1.630214992467753182e+05,6.568527202800007672e+02
-5.128437805359339836e+04,1.630247797698817740e+05,6.566618702330717952e+02
-5.154661830624415597e+04,1.630280602929882298e+05,6.564890115272112325e+02
-5.154890701071742660e+04,1.630313408160872350e+05,6.563841934399596312e+02
-5.215529469562146551e+04,1.630312885519151168e+05,6.626910907837944933e+02
-5.155119571518908924e+04,1.630346213391904312e+05,6.563232428006070904e+02
-5.158001143383990711e+04,1.630379018622968870e+05,6.562570806587231118e+02
-5.155577312413723121e+04,1.641426906618807989e+05,6.560682538766791367e+02
-5.155806182861075649e+04,1.630444629085016786e+05,6.700171857344189448e+02
-5.128973646974311123e+04,1.630477434316081344e+05,6.558404746590289278e+02
-5.129075598867727967e+04,1.630684762376276194e+05,6.457019990942235381e+02
-5.129157611945320969e+04,1.630656947170150816e+05,6.457377601015932669e+02
-5.305239625022913970e+04,1.630505826070774638e+05,6.460214039060838331e+02
-5.305321638100506971e+04,1.605378518022094213e+05,6.460592821164079851e+02
-5.305403651178099972e+04,1.605261701545355609e+05,6.640812975166388696e+02
-5.302728745334439736e+04,1.613056309946043184e+05,6.458450431238068177e+02
-5.305485664255692973e+04,1.613056693384539976e+05,6.457558041312056503e+02
-5.305567677333354368e+04,1.612966366583452036e+05,6.459165651385924320e+02
-5.132720745208262815e+04,1.612966116333341633e+05,6.459523261459872856e+02
-5.132131703488490894e+04,1.612965674509490200e+05,6.459880871533570144e+02
5.568152628228972026e+04,1.612918291857401200e+05,6.563170142320196874e+02
5.568381498676299088e+04,1.612951097088465758e+05,6.561475941939607992e+02
5.568610369123651617e+04,1.630903902319530316e+05,6.558765683347338609e+02
5.568839239571004146e+04,1.630936707550520368e+05,6.556266823539373263e+02
5.569068110018279549e+04,1.630969512781584926e+05,6.552980658101479321e+02
5.592830902885142859e+04,1.629604303364837833e+05,6.614748978576559466e+02
5.593296980465632078e+04,1.631002318012649484e+05,6.550813800021302313e+02
5.569525850912984606e+04,1.631035123243639537e+05,6.548865309264098187e+02
5.569754721360119584e+04,1.631011359095604275e+05,6.546233519160765582e+02
5.569353240365021338e+04,1.630751552023346012e+05,6.542667050093747321e+02
5.569124369917694276e+04,1.631038746792355960e+05,6.544795790560930300e+02
5.591296934735929244e+04,1.631038746792355960e+05,6.690988813789978167e+02
5.593820637548124068e+04,1.653935103430285526e+05,6.690860668356239103e+02
5.701592890775357955e+04,1.653843555251344515e+05,6.690732522922500038e+02
5.588928261992117041e+04,1.636353810549959016e+05,6.690604377488760974e+02
5.655419071194311255e+04,1.636259155895831937e+05,6.685769955452686872e+02
5.663436879063924425e+04,1.653660458893493342e+05,6.685476232055021910e+02
5.580088658858617418e+04,1.653568910714562517e+05,6.685348086621175980e+02
5.632148076582225622e+04,1.653477362535621505e+05,6.690219941187543782e+02
5.632296091420660377e+04,1.653385814356680494e+05,6.690091795753804718e+02
5.541460874695787788e+04,1.653294266177770332e+05,6.710694481936924376e+02
5.541097580811279477e+04,1.653202717998829321e+05,6.711085504886326589e+02
5.697198828694122494e+04,1.653111169819962815e+05,6.689707359452587525e+02
5.687064867827194394e+04,1.652928073462047323e+05,6.689451068585109397e+02
5.666358679768341244e+04,1.652836525283106312e+05,6.689322923151370333e+02
5.582624304291504086e+04,1.652744977104185964e+05,6.689194777717631268e+02
5.599199040298062027e+04,1.606517123043059255e+05,6.685898100886544171e+02
5.660076990671540261e+04,1.652653428925255139e+05,6.685316632283892204e+02
5.660302457246268750e+04,1.652561880746314127e+05,6.688938486850153140e+02
5.660468128846670152e+04,1.652470332567447622e+05,6.688810341416598249e+02
5.627308360177544819e+04,1.652378784388462955e+05,6.702642171590329099e+02
5.627987324646754132e+04,1.652287236209521943e+05,6.703554050548906389e+02
5.628860573498239683e+04,1.652195688030601596e+05,6.703425905115351497e+02
5.629302795340387092e+04,1.652104139851670770e+05,6.703297759681505568e+02
5.630001288326719077e+04,1.652012591672739945e+05,6.703169614247659638e+02
5.630918865388174891e+04,1.651921043493809120e+05,6.703041468814104746e+02
5.631651217533124145e+04,1.635710800608979480e+05,6.702913323380258817e+02
5.632098245196824428e+04,1.635626232162623201e+05,6.686155146806473795e+02
5.635909363495965954e+04,1.635619871115979622e+05,6.686117290024686781e+02
5.657830670484781876e+04,1.635737947136011790e+05,6.687785177946772137e+02
5.631392930645563320e+04,1.651646398957070778e+05,6.687657032512926207e+02
5.630243313683004817e+04,1.651554850778129767e+05,6.687528887079080278e+02
5.629616790928685805e+04,1.651394258380007814e+05,6.687543041566078728e+02
5.623819967775786063e+04,1.651485806558948825e+05,6.687671186999633619e+02
5.623463481771381339e+04,1.651577354737852293e+05,6.687799332433479549e+02
5.625131085027653899e+04,1.651668902916793304e+05,6.687927477867034440e+02
5.626105202380925039e+04,1.651760451095713652e+05,6.688055623300880370e+02
5.626230059748778149e+04,1.641471814308999456e+05,6.688183768734726300e+02
5.625658792297245964e+04,1.651943547453521169e+05,6.688311914168281191e+02
5.624909478973673686e+04,1.651940228726053610e+05,6.686154391753822210e+02
5.589137542270945414e+04,1.652035095632505836e+05,-7.102993967459904070e+02
5.589297674513684615e+04,1.652035095632505836e+05,-7.187293753998742432e+02
5.566842873835267528e+04,1.652146265720186057e+05,-7.186142058480686501e+02
5.566774350423255964e+04,1.630419070951250615e+05,-7.185110565675927319e+02
5.564603220870572113e+04,1.630451876182261622e+05,-7.186362246973944821e+02
5.564832091317924642e+04,1.630484681413298822e+05,-7.209963779918539331e+02
5.565060961765090906e+04,1.630517486644363380e+05,-7.182047700903126497e+02
5.565289832212552574e+04,1.630550291875353432e+05,-7.182892236440474107e+02
5.565518702659879636e+04,1.630583097106417990e+05,-7.185277786127841182e+02
5.625969549951826048e+04,1.630648707568472601e+05,-7.192287721143944736e+02
5.593975255121786904e+04,1.629768329520052648e+05,-7.235959866609333631e+02
5.566205314001860097e+04,1.630041512799537159e+05,-7.194336624984422315e+02
5.566434184449212626e+04,1.630714318030601717e+05,-7.195743561749255832e+02
5.566663054896378890e+04,1.630747123261591769e+05,-7.196294970135928679e+02
5.566891925343840558e+04,1.630779928492656327e+05,-7.196117031703612383e+02
5.567120795791167620e+04,1.630812733723720885e+05,-7.195199289152657229e+02
5.567349666238520149e+04,1.630845538954710937e+05,-7.194341859255069949e+02
5.567578536685821018e+04,1.630878344185775495e+05,-7.193010129872211564e+02
5.567807407133148081e+04,1.630911149416765547e+05,-7.191123986362156302e+02
5.568036277580500609e+04,1.630943954647830105e+05,-7.188835224883598585e+02
5.568265148027853138e+04,1.630976759878894663e+05,-7.185177613254720654e+02
5.594204125569068856e+04,1.629801134751042700e+05,-7.233468814522286721e+02
5.568494018475128541e+04,1.630049565109884716e+05,-7.181750962082962815e+02
5.568722888922481070e+04,1.631042370340949274e+05,6.539788838511194626e+02
5.568153717810037779e+04,1.631075175572013832e+05,6.538596206814452216e+02
5.615995814995962428e+04,1.653797014991989709e+05,6.691145268197340101e+02
5.617936987536725064e+04,1.624439504139175988e+05,6.691017122763494172e+02
5.620348696346650831e+04,1.624493918634107686e+05,6.690888977329648242e+02
5.622187699564429931e+04,1.653522370455166674e+05,6.690760831896093350e+02
5.623783003652579646e+04,1.636050502703091479e+05,6.690632686462247420e+02
5.624759999755136232e+04,1.653339274097284651e+05,6.690504541028401491e+02
5.625371260060160421e+04,1.641778792091211653e+05,6.686538828055039403e+02
5.682826892603724264e+04,1.653247725918418146e+05,6.690376395594925043e+02
5.626184336739511491e+04,1.653156177739477134e+05,6.690248250161079113e+02
5.626697983284549991e+04,1.624225167493200279e+05,6.690120104727524222e+02
5.626752210165256838e+04,1.652973081381595111e+05,6.691241959293678292e+02
5.626088069813581387e+04,1.652881533202654100e+05,6.689863813859832362e+02
5.624466809008712153e+04,1.652515340486925561e+05,6.689351232125030720e+02
5.615734111797692458e+04,1.652423792307994736e+05,6.689223086691184790e+02
5.615517760716075281e+04,1.652214422828629031e+05,6.689094941257629898e+02
5.616726384713756124e+04,1.652214422828629031e+05,9.769787943369886989e+02
5.617074190830694715e+04,1.652149147771202552e+05,9.768838650389810709e+02
5.617962663117865304e+04,1.651941659166349564e+05,9.886666973488758003e+02
5.610800929976137559e+04,1.651966051413341193e+05,6.677084037799568250e+02
5.618834296368317882e+04,1.651782955055479542e+05,6.677076068655069321e+02
5.619760092035936395e+04,1.651691406876538531e+05,6.676947923221223391e+02
5.620349107749829273e+04,1.651599858697618183e+05,6.676819777787377461e+02
5.620600940587068180e+04,1.651508310518677172e+05,6.687941632353822570e+02
5.620134114481950382e+04,1.652720940804521379e+05,6.688627968346746684e+02
5.620645782724464516e+04,1.652812488983483636e+05,6.402377968346746684e+02
5.648100280920272053e+04,1.630754370358841552e+05,8.293449588346371684e+02
5.648488963353303552e+04,1.630787175589878752e+05,8.094407280537376437e+02
5.594890736911071872e+04,1.630859550444164488e+05,8.148383434715757403e+02
5.566317833800798689e+04,1.630819980820915953e+05,8.148548817172955978e+02
5.566546704248151218e+04,1.630852786051953153e+05,8.141058817044209945e+02
5.566775574695503747e+04,1.630885591282990354e+05,8.126063663199853409e+02
5.567004445142670011e+04,1.630918396514027554e+05,8.120713383619400929e+02
5.538128791039435600e+04,1.630951201745064755e+05,8.012268567449024204e+02
5.537862186037375068e+04,1.630984006976101955e+05,8.260787663525512698e+02
5.567691056484727596e+04,1.631016812207139155e+05,8.097632735586336139e+02
5.566831834594903921e+04,1.630954825293687172e+05,8.098569871000890998e+02
5.566602964147431339e+04,1.630922020062649972e+05,8.317828766016991722e+02
5.727767987226759578e+04,1.630889214831612771e+05,8.118101276919132943e+02
5.713819483732496883e+04,1.629932355675201688e+05,8.097156330063826317e+02
5.566145223252726282e+04,1.629896409600575571e+05,8.042476368337756867e+02
5.565916352805373754e+04,1.630823604369538371e+05,8.084101865753418679e+02
5.565687482358123816e+04,1.630790799138501170e+05,8.084431789335740177e+02
5.565458611910957552e+04,1.630757993905499461e+05,8.165562189780089284e+02
5.565229741463470418e+04,1.630725188676426769e+05,8.043705357275816823e+02
5.564828260468165536e+04,1.630728812225023867e+05,8.136148400099978062e+02
5.565057130915518064e+04,1.630761617456088425e+05,8.139198733268917749e+02
5.565286001362870593e+04,1.630794422687078477e+05,8.141061439720519957e+02
5.565514871810223121e+04,1.630827227918143035e+05,8.140833911811364487e+02
5.564943742257389385e+04,1.630860033149207593e+05,8.139377563833260183e+02
5.567610318261417706e+04,1.629965160906238889e+05,8.254317137423787472e+02
5.624988852445627708e+04,1.629932838380260800e+05,8.137029059757770710e+02
5.566201483152094443e+04,1.629965643611325359e+05,8.134845818352770266e+02
5.565571131709623296e+04,1.629936461928857898e+05,8.134270845970456776e+02
5.565342261262270767e+04,1.630863656697867846e+05,8.135622098324556646e+02
5.565113390814918239e+04,1.630830851466803288e+05,8.137356685719596499e+02
5.564884520367565710e+04,1.630798046235813235e+05,8.135743150898806562e+02
5.564655649920213182e+04,1.630765241004748677e+05,8.133955020311246926e+02
5.576582266350495775e+04,1.629556495059354638e+05,8.250264575738825670e+02
5.565407755592125613e+04,1.629570205546020006e+05,8.257527454358993282e+02
5.565031986706364114e+04,1.629583916032650159e+05,6.664451510214491918e+02
5.626201152794468362e+04,1.629997966137268231e+05,6.575583579084524217e+02
5.625737138383855927e+04,1.629601136339568184e+05,6.667564758041154391e+02
5.564280448934642482e+04,1.629611337005980895e+05,6.670894804176679145e+02
5.563928431860750425e+04,1.629630332789648673e+05,6.670484132727762017e+02
5.563589130647500861e+04,1.629651516435820959e+05,6.667277492672475319e+02
5.563249829434065032e+04,1.629672700081993244e+05,6.665215004792590889e+02
5.563215658350495505e+04,1.629633911810819409e+05,6.672102392649926514e+02
5.563565132651374006e+04,1.629611753433499835e+05,6.672056934800007184e+02
5.563904433864809835e+04,1.629590569787253044e+05,6.675093887638308843e+02
5.564270486427366995e+04,1.629574443559725187e+05,6.678232832919115936e+02
5.564646255313128495e+04,1.629560733073059819e+05,6.674431077983995237e+02
5.597359713631588238e+04,1.629702912351344130e+05,6.566766022461929424e+02
5.684791987305599469e+04,1.630030771368313290e+05,6.407537816935623596e+02
5.586438194924312847e+04,1.629547022586408712e+05,6.667807812859956584e+02
5.586997793084672594e+04,1.629533312099743343e+05,6.659439487565961144e+02
5.565773561970434093e+04,1.629519601613077975e+05,6.650474267259543240e+02
5.563181460436164343e+04,1.629656644080821134e+05,6.669886707468959912e+02
5.563363045207886898e+04,1.629686761847629095e+05,6.661478993617459992e+02
5.563394660707852745e+04,1.629710572003048146e+05,6.486749609284564713e+02
5.563436900657518709e+04,1.629747541008439148e+05,6.652202436822811933e+02
5.563447785607229162e+04,1.643309827518906677e+05,6.650288607092337543e+02
5.563446125556963671e+04,1.629819127019118750e+05,6.645967665125612029e+02
5.563452305506604898e+04,1.629847315524440492e+05,6.643959421205912577e+02
5.596035089147712279e+04,1.630063576599350490e+05,6.555559818882142054e+02
5.596288245456355799e+04,1.629886634529820003e+05,6.638990532310966728e+02
5.563514360405939806e+04,1.629916822035154619e+05,6.629825666691043580e+02
5.563434359858061362e+04,1.629953854814833321e+05,6.615927529928316062e+02
5.563243634310241032e+04,1.629985250594457902e+05,6.600602878290235367e+02
5.677158083191390324e+04,1.630016243374115147e+05,6.585686930119707085e+02
5.562779947990800429e+04,1.630035666038310446e+05,6.575456397219393239e+02
5.562502967219117272e+04,1.630063543702429452e+05,6.561986556636575187e+02
5.703768690584662545e+04,1.638437597829168953e+05,6.553892543569845657e+02
5.596263959595064807e+04,1.630096381830415048e+05,6.561888071491148366e+02
5.596492830042359856e+04,1.630129187061479606e+05,6.558195337356182790e+02
5.596721700489686918e+04,1.630161992292469658e+05,6.554515612116838383e+02
5.596950570937013254e+04,1.630194797523534216e+05,6.550250408119054555e+02
5.597179441384340316e+04,1.630227602754598774e+05,6.544932127628594571e+02
5.597408311831667379e+04,1.630260407985588827e+05,6.539637363280395448e+02
5.539118663441851095e+04,1.630293213216653385e+05,6.535537609764775198e+02
5.597866052726320777e+04,1.630326018447643437e+05,6.532794474199232582e+02
5.597130843184261175e+04,1.615387422806835093e+05,6.536502052303163737e+02
5.596893442178449186e+04,1.615642447227305092e+05,6.533195915453594580e+02
5.597464571731096657e+04,1.630329641996315040e+05,6.535882991113227263e+02
5.597235701283755043e+04,1.630296836765250482e+05,6.539102090389337718e+02
5.597006830836427980e+04,1.630264031534260430e+05,6.543876132210217520e+02
5.728757859564913088e+04,1.630231226303195872e+05,6.548910680688942421e+02
5.596549089941774582e+04,1.630198421072131314e+05,6.553703458432365778e+02
5.596320219494447520e+04,1.630165615841141262e+05,6.557583425639396637e+02
5.596091349047121184e+04,1.630132810610076704e+05,6.561160620040401454e+02
5.595862478599794122e+04,1.630100005379012146e+05,6.565373587138975608e+02
5.595633608152441593e+04,1.630067200147972908e+05,6.403954274706567276e+02
5.596901972736887546e+04,1.629637301889301743e+05,6.404413669316944606e+02
5.595404737705089065e+04,1.630034394916908350e+05,6.574195806503211088e+02
5.595175867257813661e+04,1.630001589685843792e+05,6.578081649425820387e+02
5.594946996810647397e+04,1.629968784452842083e+05,6.565711202131221853e+02
5.594718126363294868e+04,1.629935979223789182e+05,6.586323320140727446e+02
5.594489255915942340e+04,1.629903173992799129e+05,6.589733232277285424e+02
5.594260385468442109e+04,1.629870368761749705e+05,6.694195447432648507e+02
5.594031515021089581e+04,1.629837563530712505e+05,6.420569221767436829e+02
5.593802644573737052e+04,1.629804758299722453e+05,6.596199176992701041e+02
5.715826610409308341e+04,1.629859601411998738e+05,6.686168546240628530e+02
5.701914186131049064e+04,1.629604496658251155e+05,6.571323860728576847e+02
5.593116033231865731e+04,1.629706342606563703e+05,6.564529579081269048e+02
5.592887162784513202e+04,1.629673537375526503e+05,6.410049608596297048e+02
5.592658292337160674e+04,1.629640732144461945e+05,6.613479504306147874e+02
5.592429421889808145e+04,1.629607926913471892e+05,6.619501482118247395e+02
5.592200551442455617e+04,1.629575121682407334e+05,6.625379132639244517e+02
5.591971680995103088e+04,1.629542316451417282e+05,6.630535512982495447e+02
5.591570199999984470e+04,1.629546066451417282e+05,-6.102752819488422347e+02
5.591570199999984470e+04,1.629578745231078938e+05,-6.309681765873876884e+02
5.591227940894503263e+04,1.629611550462068990e+05,-6.303920645732916910e+02
5.592256811341855791e+04,1.629644355693133548e+05,-6.298310037450185064e+02
5.596444231842280715e+04,1.629571691427202895e+05,-6.251167496488390043e+02
5.592485681789190858e+04,1.629677160924148920e+05,-6.167806297288236692e+02
5.592714552236543386e+04,1.629709966155213478e+05,6.608447631575436390e+02
5.592247435244858934e+04,1.629742771386278037e+05,6.605598116367519879e+02
5.592248329270043905e+04,1.629775576617268089e+05,6.602713601863405302e+02
5.592249223295228876e+04,1.629808381848297722e+05,6.478641022047421529e+02
5.593630034025760688e+04,1.629841187079334923e+05,6.433894771760723188e+02
5.593858904473113216e+04,1.629873992310372123e+05,6.549257970502993658e+02
5.594087774920465745e+04,1.629906797541409323e+05,6.480383141911050870e+02
5.594316645367920864e+04,1.629939602772446524e+05,6.584329107215788781e+02
5.566852048703574110e+04,1.629972408003483724e+05,6.516793742513444840e+02
5.596215361395024229e+04,1.629652408003483724e+05,6.593043742513444840e+02
5.639418475684255827e+04,1.629541834978535189e+05,6.687207864197306435e+02
5.639455481471522944e+04,1.630038018465558125e+05,6.438116688454826999e+02
5.595232127157228388e+04,1.630070823696595326e+05,6.438706875616987872e+02
5.595460997604394652e+04,1.630103628927632526e+05,6.712635702366312671e+02
5.595689868051747180e+04,1.630136434158669726e+05,6.509432609403809238e+02
5.595918738499208848e+04,1.630169239389734284e+05,6.560209121236764531e+02
5.596147608946535911e+04,1.630202044620798843e+05,6.556616472110979430e+02
5.596376479393862246e+04,1.630234849851788895e+05,6.552477182190702933e+02
5.596605349841189309e+04,1.630267655082853453e+05,6.547893417924390178e+02
5.538360393872332497e+04,1.630300460313843505e+05,6.543292918172879808e+02
5.537831508073244913e+04,1.629504490843327658e+05,6.566453741026696207e+02
5.730941682586108072e+04,1.629506080965163128e+05,6.570953148597970994e+02
5.597063090735842707e+04,1.629693265544908063e+05,6.539954045257838970e+02
5.597291961183169769e+04,1.629726070775972621e+05,6.536471364570973037e+02
5.597520831630522298e+04,1.630398876006962673e+05,6.533489905683748020e+02
5.597119350635217415e+04,1.630402499555634276e+05,6.536338304211328705e+02
5.596890480187931098e+04,1.630689694324569718e+05,6.539060578055157293e+02
5.596661609740604035e+04,1.630656889093505160e+05,6.543011209129997496e+02
5.596432739293276973e+04,1.630624083862478437e+05,6.643201905913535938e+02
5.596203868845950637e+04,1.630591278631441237e+05,6.683071280730307535e+02
5.727999590047735546e+04,1.630558473400404037e+05,6.411389412072837786e+02
5.595746127951296512e+04,1.630525668169366836e+05,6.466365849909723238e+02
5.595871580500307027e+04,1.629481591734098911e+05,6.577918000942970593e+02
5.595517257503970177e+04,1.629532862938302278e+05,6.562733886474692326e+02
5.595288387056643114e+04,1.629500057707292435e+05,6.706438010560181056e+02
5.698436252018267260e+04,1.630107252476255235e+05,6.707275335630350810e+02
5.698830646161938057e+04,1.630074447245218034e+05,6.690611079325848323e+02
5.594601775714662654e+04,1.630041642014227982e+05,6.578864368360613071e+02
5.594372905267310125e+04,1.630008836783163424e+05,6.582351666036360029e+02
5.594144034819957596e+04,1.629976031552173372e+05,6.586322237769148842e+02
5.593915164372682193e+04,1.629943226321108814e+05,6.590189127217112173e+02
5.593686293925355130e+04,1.629910421090044256e+05,6.593483014955729686e+02
5.697900410403321439e+04,1.629877615859054204e+05,6.596526224686842852e+02
5.595639635052973608e+04,1.648376448790572758e+05,6.580988749640839615e+02
5.593228553030709008e+04,1.629844810627989646e+05,6.599239721519718387e+02
5.592999682583356480e+04,1.629812005396920431e+05,6.437819866685042598e+02
5.592770812136003951e+04,1.629779200165883231e+05,6.607185288402272363e+02
5.592541941688651423e+04,1.629746394934846030e+05,6.577046860265566011e+02
5.592313071241298894e+04,1.629713589703781472e+05,6.612044845770017218e+02
5.592084200794132630e+04,1.629680784472791420e+05,6.616747203800207444e+02
5.591855330346780102e+04,1.629647979241726862e+05,6.622391755462469973e+02
5.591626459899427573e+04,1.629615174010736810e+05,6.628166041785872267e+02
5.591397589452075044e+04,1.629582368779672252e+05,6.633471205076049273e+02
5.591168719004760351e+04,1.629549563548607694e+05,6.638474338743391172e+02
5.595155114605570998e+04,1.629469265772041108e+05,6.679754059630932943e+02
5.590996108456807997e+04,1.629585992328237917e+05,6.636723763728651875e+02
5.591224978904160525e+04,1.629618797559302475e+05,6.631646312154035741e+02
5.591453849351513054e+04,1.629651602790367033e+05,6.625861272197063272e+02
5.591682719798865583e+04,1.629684408021357085e+05,6.620277495314504677e+02
5.591911590246218111e+04,1.629717213252421643e+05,6.615387216703812783e+02
5.592140460693570640e+04,1.629750018483411695e+05,6.611083025801191297e+02
5.592369331140736904e+04,1.629782823714505648e+05,6.568773749398379778e+02
5.592598201588089432e+04,1.629815628945542849e+05,6.662772338450732832e+02
5.536530441072876420e+04,1.629848434176580049e+05,6.473339924276652937e+02
5.593055942482789396e+04,1.629881239407644607e+05,6.598737113651433219e+02
5.594017742268470465e+04,1.629305173127562739e+05,6.641719246756830444e+02
5.593284812930116459e+04,1.629274044638654450e+05,6.537631004404821624e+02
5.593513683377468988e+04,1.629946849869691650e+05,6.682374892708459129e+02
5.593742553824821516e+04,1.629979655100756208e+05,6.588504064147847430e+02
5.593971424272096920e+04,1.630012460331766051e+05,6.626325044547694461e+02
5.594200294719449448e+04,1.630045265562803252e+05,6.504037997563856379e+02
5.594429165166801977e+04,1.630078070793840452e+05,6.689210610059809596e+02
5.594658035614077380e+04,1.646304262368697091e+05,6.495758149844615446e+02
5.594886906061429909e+04,1.630143681255895062e+05,6.569487958286036928e+02
5.595115776508782437e+04,1.630176486486952053e+05,6.509695921201338251e+02
5.595344646956057841e+04,1.630209291717942106e+05,6.560951433689190253e+02
5.595756918610291177e+04,1.630103648820663511e+05,6.687949564889861449e+02
5.595573517403384903e+04,1.630242096949065744e+05,6.557058152058600626e+02
5.595802387850711239e+04,1.630274902180130302e+05,6.553309492340924862e+02
5.596031258298038301e+04,1.630307707411120355e+05,6.549891938268121976e+02
5.596260128745365364e+04,1.630340512642184913e+05,6.545374942993951208e+02
5.596488999192717893e+04,1.630373317873174965e+05,6.541475382252394866e+02
5.596717869640018762e+04,1.639967514669592201e+05,6.537592629105640754e+02
5.596946740087345825e+04,1.639718928335304081e+05,6.533747269475572921e+02
5.596545259092040942e+04,1.630442551883901178e+05,6.534790116754159044e+02
5.596316388644780091e+04,1.630409746652836620e+05,6.538681092441100873e+02
5.596087518197453028e+04,1.632497003980870068e+05,6.542885018701589388e+02
5.590860673314487940e+04,1.632360287282759964e+05,6.583109637891565171e+02
5.595858647750100499e+04,1.632584136190782010e+05,6.546647566735356349e+02
5.595629777302799630e+04,1.632551330959791958e+05,6.551361421715720326e+02
5.595400906855472567e+04,1.632518525728727400e+05,6.555013285968919945e+02
5.727241320473560336e+04,1.632485720497662842e+05,6.558653779713725953e+02
5.727743165960819169e+04,1.632452915266672790e+05,6.562513265529063347e+02
5.727514295513492107e+04,1.632420110035608232e+05,6.566900874504875674e+02
5.594485425066139578e+04,1.630147304804537271e+05,6.600089311430286898e+02
5.594256554618787050e+04,1.630114499573500070e+05,6.449277226727803054e+02
5.594027684171511646e+04,1.630081694342462870e+05,6.638177528035242858e+02
5.593798813724159118e+04,1.630368889111425669e+05,6.681030207898814979e+02
5.595585009952275868e+04,1.629509704513844044e+05,6.574825473886097598e+02
5.593569943276806589e+04,1.630016083880388469e+05,6.482320046287144351e+02
5.593341072829531186e+04,1.629983278649323911e+05,6.590888617551241850e+02
5.593112202382178657e+04,1.629950473418314068e+05,6.423518627060690278e+02
5.592883331934826128e+04,1.629917668187276868e+05,6.445478513984122628e+02
5.592654461487473600e+04,1.629884862956212310e+05,6.600614291773232480e+02
5.592425591040307336e+04,1.629852057725222257e+05,6.603591927107321453e+02
5.592196720592954807e+04,1.629819252494157699e+05,6.607396213563079073e+02
5.592243624414630904e+04,1.629786447263093141e+05,6.610677449282993621e+02
5.592538979698286130e+04,1.629753642032103089e+05,6.613845208027435092e+02
5.592310109250933601e+04,1.629720836801038531e+05,6.618189667472126985e+02
5.595813880399741902e+04,1.629542509744794515e+05,6.573900868129660466e+02
5.591281238803581073e+04,1.629688031569973973e+05,6.623362779259958870e+02
5.591440048313891020e+04,1.629655226338983921e+05,6.628859300463562931e+02
5.590823497908940044e+04,1.629622421107919363e+05,6.634311756702126104e+02
5.590422016913635161e+04,1.629626044656590966e+05,6.635886513598715055e+02
5.590650887360987690e+04,1.629658849887581018e+05,6.631378175625621907e+02
5.590879757808340219e+04,1.629691655118645576e+05,6.625706661072080124e+02
5.591108628255678195e+04,1.629724460349635629e+05,6.620501167098453834e+02
5.591337498703030724e+04,1.629757265580700187e+05,6.616057427930981021e+02
5.591566369150383252e+04,1.629790070811764745e+05,6.612741689633156739e+02
5.591795239597735781e+04,1.629822876042754797e+05,6.609787824916173804e+02
5.596042750847143907e+04,1.629575376042754797e+05,5.697706585269041852e+02
5.661422871627462882e+04,1.629537895282019163e+05,5.726751900409725522e+02
5.659101842674976069e+04,1.629538252892093151e+05,5.726880045843280413e+02
5.656922658863467950e+04,1.629538610502166848e+05,5.727008191277126343e+02
5.654991409494904656e+04,1.629538968112240836e+05,5.727136336710972273e+02
5.652366724815768976e+04,1.629539325722314825e+05,5.727264482144527165e+02
5.649932078242556599e+04,1.629678933091578365e+05,5.727392627578373094e+02
5.647368785766346991e+04,1.641083205247340084e+05,5.727520773011927986e+02
5.644691467799561360e+04,1.641062029449460388e+05,5.727648918445773916e+02
5.642353459466191271e+04,1.641062029449460388e+05,5.727777063879619845e+02
5.639979328697489836e+04,1.641065785569344589e+05,5.725359451368420878e+02
5.637160436946541449e+04,1.641068648517747642e+05,5.725656719558027135e+02
5.637233114902603120e+04,1.641061113772684766e+05,5.727905209313174737e+02
5.637224752635064215e+04,1.641061471382758464e+05,5.728033354747020667e+02
5.634247400672661752e+04,1.641061471382758464e+05,5.728161500180866597e+02
5.631828546852658474e+04,1.641199770344093558e+05,5.728289645614421488e+02
5.629375498103949212e+04,1.641062544212980429e+05,5.728417791048267418e+02
5.626935591810050391e+04,1.641062901823054417e+05,5.728545936481822309e+02
5.623827453720225458e+04,1.641154414880927070e+05,5.728674081915668239e+02
5.621022339619448030e+04,1.641245963059868081e+05,5.728802227349514169e+02
5.618628692633224273e+04,1.641063974653276091e+05,5.728930372783069060e+02
5.616349724142564082e+04,1.641063347339221218e+05,5.728944527270067510e+02
5.616511062208873773e+04,1.641064532018346363e+05,5.725784864991873064e+02
5.640561096781623201e+04,1.641085370661733323e+05,5.728816381836221581e+02
5.618432086473261734e+04,1.640993822482792311e+05,5.729938236402375651e+02
5.621034724116850703e+04,1.623622221778599196e+05,5.728560090968820759e+02
5.624134048843722849e+04,1.623622221778599196e+05,5.728431945534974830e+02
5.626978716116186843e+04,1.623439177945969277e+05,5.728303800101419938e+02
5.629489121743400756e+04,1.635233220369262272e+05,5.728175654667574008e+02
5.632114583712448075e+04,1.635416081588136440e+05,5.728047518986421665e+02
5.593911333522950008e+04,1.630187357132819598e+05,8.322427569328029904e+02
5.593682463075687701e+04,1.630154551901782397e+05,8.455440230351269975e+02
5.696919712860418076e+04,1.630121746670717839e+05,8.497336736623293518e+02
5.697529362189022504e+04,1.616315051266665105e+05,8.493283522477499901e+02
5.697224722181072138e+04,1.630088941439707996e+05,8.584735278612129150e+02
5.696995851733719610e+04,1.630056136208670796e+05,8.632265772497407852e+02
5.592766981286380178e+04,1.630023330977633595e+05,8.480741988189179210e+02
5.592538110839027649e+04,1.629990525746596395e+05,8.592680506400424747e+02
5.592309240391675121e+04,1.629957720515559195e+05,8.530866292256755514e+02
5.592080369944399717e+04,1.629924915284521994e+05,8.398049657606529763e+02
5.696383871264284971e+04,1.629892110053484794e+05,8.335801007040786317e+02
5.591622629049694660e+04,1.629859304822447593e+05,8.509804720916795304e+02
5.591393758602342132e+04,1.629826499591457541e+05,8.531387447470692678e+02
5.591164888155175868e+04,1.629793694360392983e+05,8.534140847011773303e+02
5.570107554905577126e+04,1.624713190400737221e+05,8.492629094476184264e+02
5.590936017707823339e+04,1.629760889129328425e+05,8.537927854782140002e+02
5.590707147260470811e+04,1.630048083898298501e+05,8.369727731621062503e+02
5.590478276813118282e+04,1.629695278667233943e+05,8.547554591902119228e+02
5.590249406365765753e+04,1.629662473436224100e+05,8.405084180467349597e+02
5.589847925370460871e+04,1.629666096984846517e+05,8.449397668207350307e+02
5.590076795817813399e+04,1.629698902215911075e+05,8.549422807538178404e+02
5.590305666265165928e+04,1.629731707446901128e+05,8.544464318503271443e+02
5.590534536712518457e+04,1.629764512677965686e+05,8.539877629733057347e+02
5.590763407159870985e+04,1.629797317908955738e+05,8.535579114368704268e+02
5.590992277607223514e+04,1.629830123140020296e+05,8.532392717613751074e+02
5.628698389421118918e+04,1.630059341131029651e+05,8.490775851329922261e+02
5.535013901982917014e+04,1.629862928371070011e+05,8.483459194099664273e+02
5.591450018501742306e+04,1.629895733602107211e+05,8.403757536953448835e+02
5.591678888949094835e+04,1.629928538833144412e+05,8.398780239394068303e+02
5.591907759396447364e+04,1.629961344064181612e+05,8.561054727604746404e+02
5.592136629843814444e+04,1.629994149295218813e+05,8.397652654221415105e+02
5.592365500291141507e+04,1.630026954526256013e+05,8.330699169545509903e+02
5.592594370738494035e+04,1.630059759757246065e+05,8.506906994233972910e+02
5.592823241185794905e+04,1.641616637012611318e+05,8.605760965149052026e+02
5.593052111633121967e+04,1.641645370219367614e+05,8.621706286272633406e+02
5.593280982080288231e+04,1.630158175450404815e+05,8.352538057467568251e+02
5.597415973530896008e+04,1.629772146362131170e+05,8.488036505323211713e+02
5.597509852527640760e+04,1.630190980681442015e+05,8.438336479928652807e+02
5.593738722975102428e+04,1.630223785912479216e+05,8.481046069529215856e+02
5.593967593422454956e+04,1.630256591143516416e+05,8.590763935637037321e+02
5.594196463869807485e+04,1.630289396374553617e+05,8.557979445200721784e+02
5.594425334317082888e+04,1.630322201605618175e+05,8.471772576510225008e+02
5.594654204764435417e+04,1.630355006836608227e+05,8.467129039981477945e+02
5.594883075211736286e+04,1.630387812067672785e+05,8.462677246793132326e+02
5.595111945659063349e+04,1.643678028456375177e+05,8.458373597404820430e+02
5.595340816106415878e+04,1.630453422529727395e+05,6.534697190282795418e+02
5.594939335111151013e+04,1.630457046078324493e+05,6.533445002160939339e+02
5.541080058452668163e+04,1.649907607830643828e+05,6.564610301426351953e+02
5.594710464663984749e+04,1.630424240847334440e+05,6.537570210009479297e+02
5.594481594216497615e+04,1.636207517767653044e+05,6.541844677490422555e+02
5.696697284907707945e+04,1.636438630385279830e+05,6.546415992475064058e+02
5.594023853321792558e+04,1.636405825154215272e+05,6.551373969846878254e+02
5.593794982874517154e+04,1.636373019923150714e+05,6.555391425323447265e+02
5.593566112427190092e+04,1.636340214692138834e+05,6.521444455399592925e+02
5.593337241979837563e+04,1.636307409461101633e+05,6.643073904454191734e+02
5.593108371532536694e+04,1.636274604230064433e+05,6.644435273572286178e+02
5.592879501085209631e+04,1.636241798999027233e+05,6.651688065537142620e+02
5.696161443309712195e+04,1.630128993767990032e+05,6.631300053604769573e+02
5.579364367465901159e+04,1.630239850253246841e+05,-9.058159000297744115e+02
5.579240471342382079e+04,1.643042453288219986e+05,-9.057801390223755789e+02
5.579765315786180145e+04,1.608694421004437027e+05,-9.057443780149767463e+02
5.579876445187245554e+04,1.605890422564454493e+05,-9.057086170075779137e+02
5.713394432109603076e+04,1.638681412363954005e+05,-9.056728560001951109e+02
5.713312419032010075e+04,1.655474114924378810e+05,-9.056370949927962783e+02
5.713230405954417074e+04,1.655451360519957962e+05,-9.219415002648032669e+02
5.713148392876824073e+04,1.646446530483794631e+05,-9.055655729779986132e+02
5.713066379799231072e+04,1.632225587357116165e+05,-9.055298119705997806e+02
5.712984366721569677e+04,1.611102486569267930e+05,-9.054940509632009480e+02
5.712902353644094546e+04,1.612110788387564244e+05,-9.054535288864002496e+02
5.713076405119619449e+04,1.612110788387564244e+05,-9.054582899558021154e+02
5.712820340566433151e+04,1.613258097009194316e+05,-9.054225289484323866e+02
5.712738327488771756e+04,1.614448663009238662e+05,-9.053867679410335541e+02
5.712656314411296626e+04,1.615700152875689091e+05,-9.053510069336417700e+02
5.712574301333635231e+04,1.616985518919731840e+05,-9.052882755281253822e+02
5.712583360205314239e+04,1.617471779491058551e+05,-9.053240365355242147e+02
5.712665373282789369e+04,1.616245656682155095e+05,-9.053597975429230473e+02
5.712747386360450764e+04,1.614884915808200894e+05,-9.012629888858729146e+02
5.712829399437925895e+04,1.613665231282621680e+05,-9.054313195577207125e+02
5.712911412515587290e+04,1.612592278405487596e+05,-9.054670805650904413e+02
5.712993425593248685e+04,1.611399759374544083e+05,-9.067392898938061307e+02
5.713158418215534766e+04,1.611347580856679415e+05,-9.055028415724892739e+02
5.713075438670787844e+04,1.611323417858977627e+05,-9.055386025798881064e+02
5.713157451748380845e+04,1.611322830665832444e+05,-9.055743635872869390e+02
5.713239464825973846e+04,1.611323045075448463e+05,-9.056101245946857716e+02
5.713321477903566847e+04,1.626989409058602760e+05,-9.056458856020846042e+02
5.713403490981228242e+04,1.606715505508246133e+05,-9.056816466094786620e+02
5.713485504058752849e+04,1.636654643086405704e+05,-9.057174076168483907e+02
5.713567517136227980e+04,1.604856894307570765e+05,-9.056281686242472233e+02
5.713649530218732252e+04,1.604856894307570765e+05,-9.057889296316631089e+02
5.713731543291531852e+04,1.636293172421889612e+05,-9.058246906378395806e+02
5.713813556369124854e+04,1.658291983133616159e+05,-9.247725931235678445e+02
5.713916681941329443e+04,1.658408755401555391e+05,-9.067750509011932536e+02
5.642350411065398657e+04,1.658380378803573549e+05,-9.058604516464658900e+02
5.641895569446786249e+04,1.600071970568038523e+05,-9.058962126538475559e+02
5.641977582524310856e+04,1.644624927320815623e+05,-9.059319736612424094e+02
5.642059595601903857e+04,1.600341422922946513e+05,-9.059677346686412420e+02
5.642141608679496858e+04,1.622270629752017558e+05,-9.060034956760320028e+02
5.642223621756971988e+04,1.622230828162194521e+05,-9.060392566834268564e+02
5.642305634834633383e+04,1.622225496324786509e+05,-9.060750176908256890e+02
5.642387647912108514e+04,1.622220844945567369e+05,-9.061107786982164498e+02
5.547433213421904657e+04,1.622216253365553857e+05,-9.060480472927104074e+02
5.547278719861262653e+04,1.622214552033729269e+05,-9.060122862853115748e+02
5.714396706783787522e+04,1.622219383397831698e+05,-9.068108119085902672e+02
5.713322444370591256e+04,1.622214179829354398e+05,-9.059765252779418461e+02
5.713514693706126127e+04,1.622224786128860433e+05,-9.059407642705259605e+02
5.713432680628650996e+04,1.622224786128860433e+05,-9.059050032631271279e+02
5.714150667551052902e+04,1.619952021301921923e+05,-9.265260174707286751e+02
5.714068654473459901e+04,1.621789297589000780e+05,-9.058334812483415135e+02
5.713986641395866900e+04,1.621789242086065060e+05,-9.057977202409466599e+02
5.713904628318273899e+04,1.621789335371925554e+05,-9.057619592335478274e+02
5.713822615240680898e+04,1.621789392837176565e+05,-9.056369592335478274e+02
5.732850740240680898e+04,1.621816240865235159e+05,-9.259197137956153938e+02
5.733218798200207675e+04,1.621783435634197958e+05,-9.116378297251877711e+02
5.732989927752855147e+04,1.622070630403160758e+05,-9.249082296504285523e+02
5.643636765273454512e+04,1.622038211759030528e+05,-9.092009654146229423e+02
5.724430670197847212e+04,1.630037825172123557e+05,-9.133099638621922622e+02
5.724532186858150089e+04,1.630005019941086357e+05,-9.097775803830143104e+02
5.590703316410797561e+04,1.629972214710049157e+05,-9.026526159905613440e+02
5.590474445963445032e+04,1.629939409479011956e+05,-9.266840779148758429e+02
5.590245575516278768e+04,1.629906604247974756e+05,-9.151462990605057257e+02
5.590016705068790907e+04,1.629873799016937555e+05,-9.053339729922142851e+02
5.589787834621438378e+04,1.629840993785872997e+05,-9.175955770328122298e+02
5.723894828582772607e+04,1.629808188554862863e+05,-9.095085673857369102e+02
5.723730093726733321e+04,1.629775383323825663e+05,-9.234400900725280508e+02
5.723501223279380793e+04,1.629742578092788463e+05,-9.009735712630039188e+02
5.585045930765227968e+04,1.629685406527941232e+05,-9.096718532452915724e+02
5.584872352832156321e+04,1.629709772861751262e+05,-9.040416053692434843e+02
5.588643482384681556e+04,1.629676967630714062e+05,-9.105689833919142302e+02
5.588242001389562938e+04,1.629680591179311159e+05,-9.199527578741518710e+02
5.588470871836915467e+04,1.629713396410375717e+05,-9.195732066788742713e+02
5.588699742284267995e+04,1.629746201641440275e+05,-9.191495951875402852e+02
5.562524859252422903e+04,1.629779006872430327e+05,-9.186795540214991433e+02
5.562757483178786788e+04,1.629811812103494885e+05,-9.181789577173843782e+02
5.562986353626139316e+04,1.629844617334484938e+05,-9.177313684235053870e+02
5.589615224073491845e+04,1.629877422565559973e+05,-9.043033597553807112e+02
5.589844094520844374e+04,1.629910227796597173e+05,-9.237210462550359580e+02
5.598387715219743404e+04,1.629972601296914509e+05,-9.102201891720865206e+02
5.598072964968196902e+04,1.629943033027634374e+05,-9.224685827300522760e+02
5.590301835415549431e+04,1.629975838258671574e+05,-9.278154216378857200e+02
5.563060700867362175e+04,1.630008643489708775e+05,-9.080281036145856888e+02
5.562759576310068223e+04,1.630041448720745975e+05,-9.048431952663045195e+02
5.562988446757512429e+04,1.630074253951783176e+05,-9.171714460431062435e+02
5.534033204457478860e+04,1.630107059182820376e+05,-9.257839642418944095e+02
5.591446187652217486e+04,1.630139864413857576e+05,-9.032534091649972652e+02
5.591675058099492890e+04,1.630172669644894777e+05,-9.151837237179383919e+02
5.591903928546819952e+04,1.630205474875931977e+05,-9.262183323800668404e+02
5.592132798994172481e+04,1.630238280106969178e+05,-9.197960927337512658e+02
5.598158844772379962e+04,1.629939796065874398e+05,-9.108552918225391295e+02
5.597961669441473350e+04,1.629951085338033736e+05,6.561502506601734694e+02
5.592590539888800413e+04,1.629983890569043579e+05,6.471852129343076285e+02
5.592819410336152941e+04,1.630016695800108137e+05,6.550810364577041582e+02
5.593048280783453811e+04,1.630049501031172695e+05,6.544789324963635408e+02
5.593277151230780873e+04,1.638990403111708583e+05,6.538664863906737992e+02
5.593506021678133402e+04,1.630435111493227305e+05,6.532994976839977426e+02
5.593104540682868537e+04,1.630438735041824402e+05,6.532111386856278159e+02
5.592875670235516009e+04,1.630405929810834350e+05,6.538506945193959154e+02
5.593446799788215139e+04,1.631519892422986450e+05,6.545118319968906917e+02
5.592417929340888077e+04,1.631620319348705234e+05,6.551655681331623100e+02
5.597929974325071089e+04,1.631620574182948330e+05,6.555137856424126994e+02
5.592189058893616311e+04,1.631587514117663959e+05,6.557431458648217131e+02
5.592760188446234679e+04,1.631554708886599401e+05,6.562119281402420938e+02
5.591731317998907616e+04,1.631521903655534843e+05,6.566620571169925142e+02
5.591502447551555088e+04,1.631489098424544791e+05,6.572000062249873054e+02
5.591273577104202559e+04,1.631456293193480233e+05,6.576462666772578132e+02
5.591358719906090846e+04,1.602948569629868725e+05,-5.535649744077325067e+02
5.713838230335008848e+04,1.630077877500405593e+05,6.666866045169646213e+02
5.723672400628816831e+04,1.630045072269368393e+05,6.458239921667028511e+02
5.723729224867601442e+04,1.630012267038331192e+05,6.598381674178291405e+02
5.597701103877690184e+04,1.629874185603813094e+05,6.561462901012329212e+02
5.589900354420248914e+04,1.629979461807293992e+05,6.530749589672251432e+02
5.589671483972896385e+04,1.629946656576256792e+05,6.707492335831685750e+02
5.589442613525543857e+04,1.629913851345219591e+05,6.658759359514280050e+02
5.589213743078191328e+04,1.629881046114155033e+05,6.614060010305021251e+02
5.588984872631025064e+04,1.629848240883164981e+05,6.618415305490442506e+02
5.723136559013318765e+04,1.629815435652100423e+05,6.622835368441836863e+02
5.588527131736320007e+04,1.629782630421035865e+05,6.627441270023654170e+02
5.588298261288967478e+04,1.629749825190045813e+05,6.631883428366226099e+02
5.588069390841678978e+04,1.629717019958981255e+05,6.636045652448327701e+02
5.587840520394326450e+04,1.629684214727958897e+05,6.640139405589860644e+02
5.701691758168221713e+04,1.629841380372723797e+05,6.566928560180348313e+02
5.701839039399207832e+04,1.629687838276581606e+05,6.566458060412893474e+02
5.702067909846374096e+04,1.629720643507618806e+05,6.434383652924785792e+02
5.587896780293726624e+04,1.629753448738608859e+05,6.632296003762218106e+02
5.588125650741079153e+04,1.629786253969673417e+05,6.627989782694029373e+02
5.588354521188431681e+04,1.629819059200663469e+05,6.623521585654933688e+02
5.588583391635784210e+04,1.629851864431728027e+05,6.619034259292378692e+02
5.532739093267091812e+04,1.629884669662792585e+05,6.614480594793297996e+02
5.532241132530489267e+04,1.629917474893842300e+05,6.461330907592513313e+02
5.589270002977655531e+04,1.629950280124879500e+05,6.515024943301417579e+02
5.589498873425008060e+04,1.629983085355916701e+05,6.665710516894199600e+02
5.597243362983090628e+04,1.629808575141736947e+05,6.571273628061466070e+02
5.562302431329114188e+04,1.630015890586953901e+05,6.581401608919553610e+02
5.589956614319754590e+04,1.630048695817991102e+05,6.464060061981730314e+02
5.590185484767107118e+04,1.630081501049028302e+05,6.403549080749802442e+02
5.590414355214459647e+04,1.630114306280065503e+05,6.561094218974761816e+02
5.590643225661688484e+04,1.630147111511102703e+05,6.582719838360211497e+02
5.590872096108854748e+04,1.630179916742139903e+05,6.589229350650570041e+02
5.591100966556341882e+04,1.630212721973177104e+05,6.553724475020429736e+02
5.591329837003694411e+04,1.630245527204214304e+05,6.510018945100022165e+02
5.591558707450995280e+04,1.630278332435251505e+05,6.584034543468154652e+02
5.591787577898322343e+04,1.630311137666288705e+05,6.600813226012982113e+02
5.597541694727434515e+04,1.629625126792076917e+05,6.565809253100309206e+02
5.597014492535764293e+04,1.642437097140435071e+05,6.574791112561305226e+02
5.533810776496106701e+04,1.630343942897325906e+05,6.514245400671442212e+02
5.592245318793119804e+04,1.630376748128315958e+05,6.546411237114751884e+02
5.592474189240302803e+04,1.640845660004994425e+05,6.539323580129656648e+02
5.592301578692350449e+04,1.630445982139042171e+05,6.533480074860507330e+02
5.592072708244997921e+04,1.630413176907977613e+05,6.541049806555093937e+02
5.694422476311404171e+04,1.630554203023300797e+05,6.176540776410872695e+02
5.714186903037277807e+04,1.614540477723465592e+05,6.176183166337119701e+02
5.714104889959684806e+04,1.618427343778000504e+05,6.175825556263422413e+02
5.714022876882091805e+04,1.649312937459335953e+05,6.184977534513183173e+02
5.723497394990459725e+04,1.601625568270783115e+05,6.184217946189183976e+02
5.713940863804498804e+04,1.638826093115906406e+05,6.175110336115195651e+02
5.713858850726905803e+04,1.638825644101032231e+05,6.174752726041207325e+02
5.714012874219124205e+04,1.630117929828687920e+05,6.709905318466786639e+02
5.589784003771771677e+04,1.630085124597650720e+05,6.474598467273477809e+02
5.589555133324419148e+04,1.630372319366613519e+05,6.523694439090337482e+02
5.589326262877252884e+04,1.630019514135576319e+05,6.652700923911776272e+02
5.589097392429900356e+04,1.629986708904539119e+05,6.671860023520436016e+02
5.588868521982547827e+04,1.629953903673501918e+05,6.518771334893550602e+02
5.588639651535195298e+04,1.629921098442511866e+05,6.610175602003597533e+02
5.596556751641188748e+04,1.629710159448670456e+05,6.577212495825384622e+02
5.588410781087842770e+04,1.629568293211447308e+05,6.614917487656072126e+02
5.588181910640490241e+04,1.629855487980382750e+05,6.619529509255050925e+02
5.722378289443743415e+04,1.629822682749392698e+05,6.624069251010608923e+02
5.722124169745785184e+04,1.629789877518328140e+05,6.628366371313217087e+02
5.721895299298618920e+04,1.629757072287338087e+05,6.632530643135590935e+02
5.587266428851200908e+04,1.629724267056273529e+05,6.636345852957796296e+02
5.587037558403848379e+04,1.629691461825208971e+05,6.639353828968822882e+02
5.586636077408543497e+04,1.629695085373880574e+05,6.637391311272448320e+02
5.586864947855896025e+04,1.629727890604870627e+05,6.635564330927671790e+02
5.587093818303248554e+04,1.629440695835935185e+05,6.632185573535033427e+02
5.596327881193783833e+04,1.629677354217605898e+05,6.576915118819387089e+02
5.587322688750614179e+04,1.629793501066999743e+05,6.628413415911135189e+02
5.587551559197966708e+04,1.629826306297975243e+05,6.556029465259861126e+02
5.587780429645319236e+04,1.629859111530976952e+05,6.620018879427967704e+02
5.531980823703546776e+04,1.629891916760029853e+05,6.615543687652549352e+02
5.588238170539838029e+04,1.629924721991094411e+05,6.610565327647229878e+02
5.588467040987190558e+04,1.629957527222124336e+05,6.406475748288532941e+02
5.588695911434543086e+04,1.629990332453161536e+05,6.650006828325888364e+02
5.588924781881895615e+04,1.630023137684198737e+05,6.600128707754513471e+02
5.589153652329248143e+04,1.630055942915235937e+05,6.467991947268922104e+02
5.589382522776600672e+04,1.630088748146273138e+05,6.573979839971318597e+02
5.554946751092997147e+04,1.608844540554262639e+05,6.576565631163277885e+02
5.589611393223766936e+04,1.630121553377310338e+05,6.557909971132496594e+02
5.589840263671119465e+04,1.630154358608347538e+05,6.465433285851352139e+02
5.590069134118471993e+04,1.630187163839412096e+05,6.583086389208067430e+02
5.590298004565824522e+04,1.630219969070476654e+05,6.577765696430899425e+02
5.589726875013190875e+04,1.630252774301466707e+05,6.571993762665690610e+02
5.590755745460517937e+04,1.630285579532531265e+05,6.566663366764289549e+02
5.590984615907870466e+04,1.630318384763595823e+05,6.561373452321306559e+02
5.591213486355171335e+04,1.630351189994585875e+05,6.556030698425049650e+02
5.591442356802498398e+04,1.630383995225650433e+05,6.549784780152870098e+02
5.591671227249850926e+04,1.630416800456714991e+05,6.543406030988453495e+02
5.701155916580905614e+04,1.629611743755561474e+05,6.577303411026559843e+02
5.591900097697151796e+04,1.629489605687705043e+05,6.536362926422925739e+02
5.591498616701913124e+04,1.629493229236376646e+05,6.539807112293101454e+02
5.591269746254586062e+04,1.629460424005312088e+05,6.539998790234576518e+02
5.591040875807233533e+04,1.629747618774247530e+05,6.539903419218217095e+02
5.590812005359932664e+04,1.626832267059159640e+05,6.558274288918955790e+02
5.590583134912605601e+04,1.626802008312192920e+05,6.563391066144814658e+02
5.722691703104133921e+04,1.626769203081128362e+05,6.568457598637452293e+02
5.590125394017952203e+04,1.626736397850138310e+05,6.574055504298756887e+02
5.589896523570599675e+04,1.630223592619073752e+05,6.580140120774902925e+02
5.589667653123433411e+04,1.630190787388009194e+05,6.585304537334467341e+02
5.595641269851806283e+04,1.629578938524496916e+05,6.577419510917260368e+02
5.589438782676080882e+04,1.629517982157019142e+05,6.589562490437559745e+02
5.589209912228728354e+04,1.629485176925954584e+05,6.592837229858299679e+02
5.588981041781375825e+04,1.630092371694964531e+05,6.593131803733955394e+02
5.722155861489246308e+04,1.630059566463899973e+05,6.592589670288394927e+02
5.588523300886670768e+04,1.630026761232835415e+05,6.600667456667248416e+02
5.588294430439318239e+04,1.629993956001845363e+05,6.603035140351100836e+02
5.588065559992151975e+04,1.629961150770746754e+05,6.500067356765910063e+02
5.587836689544799447e+04,1.629928345539682196e+05,6.611503766786888718e+02
5.587607819097446918e+04,1.629895540308692143e+05,6.615996990748215012e+02
5.587378948650094389e+04,1.629862735077627585e+05,6.619899162861227069e+02
5.595412399404453754e+04,1.629546133293472813e+05,6.578202319771050952e+02
5.587150078202741861e+04,1.629829929846563027e+05,6.624016717595047794e+02
5.586921207755389332e+04,1.629797124615560751e+05,6.483189151731319271e+02
5.586692337308036804e+04,1.629764319384496193e+05,6.630697398849122237e+02
5.586463466860722838e+04,1.630051514153506141e+05,6.632880380946560308e+02
5.586234596413556574e+04,1.629698708922449150e+05,6.705920000693411112e+02
5.586005725966204045e+04,1.629665903691411950e+05,6.518388494721264124e+02
5.585375374523546634e+04,1.629636722009018995e+05,6.637975796866346627e+02
5.585604244970899163e+04,1.629669527240083553e+05,6.635325656564498331e+02
5.585833115418156376e+04,1.629702332471073605e+05,6.633116829304537987e+02
5.586061985865483439e+04,1.629735137702138163e+05,6.630790693371429825e+02
5.595183528957149974e+04,1.629513328062430955e+05,6.580481713894162112e+02
5.586290856312780670e+04,1.629447942933145969e+05,6.542632436161268288e+02
5.560250050595036737e+04,1.648831530030895083e+05,6.558423305307853752e+02
5.586748597207299463e+04,1.629833553395220370e+05,6.482633688007820183e+02
5.586977467654651991e+04,1.629866358626257570e+05,6.561059430619109207e+02
5.587206338102004520e+04,1.629899163857294770e+05,6.581336550643075043e+02
5.587435208549357048e+04,1.629931969088331971e+05,6.603247635742056900e+02
5.587664078996709577e+04,1.629964774319369171e+05,6.687536018272269303e+02
5.587892949444062106e+04,1.629997579550406663e+05,6.643081630696881348e+02
5.588121819891414634e+04,1.630030384781443863e+05,6.577489315425384575e+02
5.588350690338580898e+04,1.630063190012481064e+05,6.607127256398428017e+02
5.594954658509822912e+04,1.648773844828289002e+05,6.541576369409788185e+02
5.588579560785958893e+04,1.630095995243518264e+05,6.687860415508378082e+02
5.588808431233311421e+04,1.630128800474555464e+05,6.520802479987371498e+02
5.589037301680663950e+04,1.630161605705592665e+05,6.640516530767538370e+02
5.589266172128016478e+04,1.630194410936629865e+05,6.569224577593606682e+02
5.589495042575369007e+04,1.630227216167667066e+05,6.429536514485419048e+02
5.561321733821401722e+04,1.630260021398704266e+05,6.507069043347776187e+02
5.589952783469887800e+04,1.630292826629768824e+05,6.571489833135428853e+02
5.590181653917240328e+04,1.630325631860758876e+05,6.566021489409768037e+02
5.590410524364592857e+04,1.630358437091823434e+05,6.560860614471848749e+02
5.590639394811945385e+04,1.630391242322887992e+05,6.555591017128396061e+02
5.702672455696421093e+04,1.630237249560992932e+05,6.565606517336642582e+02
5.594713468062350876e+04,1.629459421600293135e+05,6.591102750311916907e+02
5.590868265259297914e+04,1.630424047553878045e+05,6.549594855780384250e+02
5.591097135706650442e+04,1.630456852784942603e+05,6.543141379212398761e+02
5.591326006154002971e+04,1.630489658015932655e+05,6.536225131712932352e+02
5.591153395606050617e+04,1.630526086795594310e+05,6.533455786778607717e+02
5.590924525158698088e+04,1.630493281564604258e+05,6.540286232742613493e+02
5.590695654711345560e+04,1.630460476333539700e+05,6.546814635533913815e+02
5.590466784263993031e+04,1.630427671102549648e+05,6.553010496022719735e+02
5.590237913816640503e+04,1.630714865871485090e+05,6.559059725808657504e+02
5.590009043369474239e+04,1.630682060640420532e+05,6.563923061649585406e+02
5.589780172922121710e+04,1.630649255409430480e+05,6.569021634238343950e+02
5.594466117615098483e+04,1.629450024369325256e+05,6.599543670055319353e+02
5.589551302474769182e+04,1.629656450178365922e+05,6.574305183689322121e+02
5.589322432027416653e+04,1.629623644947301364e+05,6.580101105130219139e+02
5.589093561580064124e+04,1.630230839716311311e+05,6.583930197151458970e+02
5.588864691132711596e+04,1.630198034485246753e+05,6.588204291121475080e+02
5.589435820685359067e+04,1.630165229254182195e+05,6.592620274588372240e+02
5.588406950238192803e+04,1.630132424023192143e+05,6.595251410878236129e+02
5.588178079790840275e+04,1.630099618792127585e+05,6.597750612926292888e+02
5.587949209343487746e+04,1.630386813561137533e+05,6.599650772572952064e+02
5.587720338896135218e+04,1.630354008330072975e+05,6.600972733569672073e+02
5.587491468448782689e+04,1.630321203099008417e+05,6.604067510109036903e+02
5.593722882167840726e+04,1.629376563138257479e+05,6.632219362442440342e+02
5.593662598001430160e+04,1.629968397868018365e+05,6.607879350549081892e+02
5.691834253847072250e+04,1.629935592636953807e+05,6.612125073218821854e+02
5.691604857106725103e+04,1.629902787405889248e+05,6.615180333023354251e+02
5.586575986659551563e+04,1.629869982174899196e+05,6.618211802450286996e+02
5.586347116212199035e+04,1.629837176943834638e+05,6.620871312111021325e+02
5.586118245764846506e+04,1.629804371712844586e+05,6.623216725263673652e+02
5.585889375317571103e+04,1.629771566481780028e+05,6.625934361890876971e+02
5.585660504870218574e+04,1.629738761250715470e+05,6.628985272590116438e+02
5.585431634422866045e+04,1.629705956019725418e+05,6.631410031559689742e+02
5.585202763975513517e+04,1.629673150788660860e+05,6.634258351594080523e+02
5.593885176720572053e+04,1.629342525907199597e+05,6.638394825146287985e+02
5.584973893528347253e+04,1.629640345557596302e+05,6.637621083180756614e+02
-5.706030128389613674e+04,1.629577416834279429e+05,6.638168608887399387e+02
-5.683472343976439879e+04,1.629577416834279429e+05,6.638296754321245317e+02
-5.681268464176000998e+04,1.629577416834279429e+05,6.638424899754800208e+02
-5.678946785668114171e+04,1.629526609614730696e+05,6.686053045188646138e+02
-5.676700896002368972e+04,1.629526609614730696e+05,6.686181190622492068e+02
-5.674940102983576071e+04,1.629715157728932973e+05,6.415190030348940127e+02
-5.672690848519404244e+04,1.629486705907873984e+05,6.686437481489892889e+02
-5.670770226778399956e+04,1.629486705907873984e+05,6.686437481489847414e+02
-5.670401476778399956e+04,1.629840800492465205e+05,6.618517574966271013e+02
5.593930426273188641e+04,1.629322348676174297e+05,6.641322743754845987e+02
5.586174505664312892e+04,1.629873605723502405e+05,6.616730492042579499e+02
5.586403376111639955e+04,1.629906410954539606e+05,6.614470217642196985e+02
5.586632246558966290e+04,1.629939216185576806e+05,6.611872372687308825e+02
5.586861117006293352e+04,1.629972021416614007e+05,6.608713404272489242e+02
5.587089987453620415e+04,1.630004826647651207e+05,6.604797257503511219e+02
5.587318857900946750e+04,1.630037631878688699e+05,6.601633187017133650e+02
5.587547728348273813e+04,1.630070437109725899e+05,6.599068953594197637e+02
5.587776598795600876e+04,1.630103242340763099e+05,6.597393128797274358e+02
5.588005469242927211e+04,1.630136047571800300e+05,6.595487369621397420e+02
5.588234339690254274e+04,1.630168852802837500e+05,6.592404010629741151e+02
5.593569935725276446e+04,1.614295412693495164e+05,6.635147457601350425e+02
5.593263210137580609e+04,1.630201658033874701e+05,6.589246555512412442e+02
5.593492080584907671e+04,1.630234463264911901e+05,6.585133577820078017e+02
5.588920951032234734e+04,1.630267268495949102e+05,6.580761905767135431e+02
5.589149821479561069e+04,1.630300073726986302e+05,6.576194234183618619e+02
5.589378691926888132e+04,1.630332878958023502e+05,6.571658692361980911e+02
5.589607562374215195e+04,1.630365684189060703e+05,6.566501833648360389e+02
5.589836432821541530e+04,1.630398489420097903e+05,6.561541537544694620e+02
5.590065303268868593e+04,1.630431294651135104e+05,6.556531681653009400e+02
5.590294173716195655e+04,1.630464099882199662e+05,6.550397569126820372e+02
5.590523044163521990e+04,1.630496905113209505e+05,6.544017009129557891e+02
5.574975020186763868e+04,1.629947695839006919e+05,6.623381551238774136e+02
5.574751914610849053e+04,1.629889710344246705e+05,6.537544587853271878e+02
5.574579304062936717e+04,1.629926139123906614e+05,6.533864712866353557e+02
5.721711005596433097e+04,1.629893333892869414e+05,6.540899147062693828e+02
5.722121563168283319e+04,1.629860528661832213e+05,6.547238335151250794e+02
5.721892692720930791e+04,1.630467723430795013e+05,6.553191264202851016e+02
5.721663822273629921e+04,1.630434918199757813e+05,6.558663679929637738e+02
5.864406081378975796e+04,1.630542780847008107e+05,6.568076843595270020e+02
5.864177210931649461e+04,1.630656502506646211e+05,6.716521589696428691e+02
5.925975163986703410e+04,1.630623697275609011e+05,6.576989114714449443e+02
5.850981534702314093e+04,1.636611050981968874e+05,6.612230605965688710e+02
5.850919470036995335e+04,1.636670892044571810e+05,6.581927012967656765e+02
5.850690599589669000e+04,1.636638086813534610e+05,6.616540047507454574e+02
5.850461729142341937e+04,1.636605281582497410e+05,6.533115048360208448e+02
5.896411825923893775e+04,1.636572476351460209e+05,6.592943704570150203e+02
5.896403988247688540e+04,1.636539671120470157e+05,6.594896799996241725e+02
5.896520162564094790e+04,1.636506865889385808e+05,6.631077626670631844e+02
5.925439322377133794e+04,1.636879528537273873e+05,6.643486838088466584e+02
5.925317376905708079e+04,1.637081255427311116e+05,6.689989304066731393e+02
5.791488506458381016e+04,1.637048450196246558e+05,6.605432329575161248e+02
5.791259636011054681e+04,1.637015644965236716e+05,6.665508402685264855e+02
5.791452564636980969e+04,1.629455345148945344e+05,6.541879591681391730e+02
5.895875984314447123e+04,1.629622839734199515e+05,6.471735882761169023e+02
5.895601895116400556e+04,1.629590034503162315e+05,6.612871021482550304e+02
5.895373024669074221e+04,1.629557229272125114e+05,6.663714222131510496e+02
5.585544154221747158e+04,1.629524424041087914e+05,6.615846236898688630e+02
5.585315283774420095e+04,1.629491618810050713e+05,6.503119244037262661e+02
5.585086413327093760e+04,1.629458813579013513e+05,6.621575076594720031e+02
5.584857542879766697e+04,1.634818137081941532e+05,6.624853959386509814e+02
5.584628672432439635e+04,1.634833203116939112e+05,6.628550101030093629e+02
5.584399801985113299e+04,1.634800397885949060e+05,6.632465875940146134e+02
5.584170931537786237e+04,1.634767592654864711e+05,6.655483660148205445e+02
5.594553177514584240e+04,1.634604146379982703e+05,6.617941779885771894e+02
5.583942061090459174e+04,1.634734787423827511e+05,6.639711692795729050e+02
5.583540580095220503e+04,1.634738410972449929e+05,6.639349066000623907e+02
5.583769450542547565e+04,1.634771216203487129e+05,6.634956791226437645e+02
5.583998320989873901e+04,1.634804021434524329e+05,6.630933180107521139e+02
5.587761007923450961e+04,1.634836826665561530e+05,6.402725684859750572e+02
5.587656061884528026e+04,1.634869631896598730e+05,6.413059174897342700e+02
5.587884932331854361e+04,1.644143904681785498e+05,6.618788459137469999e+02
5.584913802779181424e+04,1.643895242358673131e+05,6.601107181251320526e+02
5.585142673226508487e+04,1.643928047589710332e+05,6.540626429893347904e+02
5.585371543673834822e+04,1.643960852820747532e+05,6.604301638951039877e+02
5.597247193832758785e+04,1.643964444329982216e+05,6.548145106757040139e+02
5.627404278249170602e+04,1.643916951610987599e+05,6.587021593578308511e+02
5.529706015017505706e+04,1.643993658051784732e+05,6.610998659099346924e+02
5.529829284568488947e+04,1.644026463282821933e+05,6.609276593023645319e+02
5.530058155015815282e+04,1.644059268513859133e+05,6.402475136958495341e+02
5.530287025463142345e+04,1.644092073744896334e+05,6.464257500954812485e+02
5.559269353080288420e+04,1.644124878975933534e+05,6.679283108153289277e+02
5.586744766357795743e+04,1.644157684206998092e+05,6.600021894190069816e+02
5.530241856627234665e+04,1.643903294669045426e+05,6.470496406742591944e+02
5.529831377699776203e+04,1.643936099900082627e+05,6.578658489772338953e+02
5.587660248147103266e+04,1.643968905131119827e+05,6.656681416520137873e+02
5.587810918409237638e+04,1.643969178737664188e+05,6.583898251177243992e+02
5.587889118594429601e+04,1.644001710362157028e+05,6.681886034974387485e+02
5.559805194689831842e+04,1.644034515593147080e+05,6.582659220268998297e+02
5.559546859489083727e+04,1.644067320824211638e+05,6.578161290511319521e+02
5.559775729936410062e+04,1.644100126055276196e+05,6.573516588803946661e+02
5.530777698236752622e+04,1.644132931286266248e+05,6.569179766441820902e+02
5.530633470831064187e+04,1.639868548447063367e+05,6.564634873498233674e+02
5.530862341278390522e+04,1.639718541748395364e+05,6.559703639241578230e+02
5.589491211725717585e+04,1.639751346979385416e+05,6.554773671501842500e+02
5.588920082173044648e+04,1.639784152210449975e+05,6.549612982543852695e+02
5.618931870815078582e+04,1.639816957441440027e+05,6.542773128712183279e+02
5.595239788856564701e+04,1.639816806883097743e+05,6.582237858419960048e+02
5.595777823067698046e+04,1.639849762672514771e+05,6.536449391157198079e+02
5.595376342072459374e+04,1.639853386221111869e+05,6.537484031773537936e+02
5.720952736033993278e+04,1.639820580990121816e+05,6.544331805042356791e+02
5.589318601177805249e+04,1.639787775759057258e+05,6.550072227589816976e+02
5.589089730730478914e+04,1.639754970528067206e+05,6.555398569820363264e+02
5.588860860283151851e+04,1.639722165297002648e+05,6.560142304659400452e+02
5.691389397985712276e+04,1.630409360065938090e+05,6.565263478340641541e+02
5.691603119388498453e+04,1.632398037739277934e+05,6.570000013259800653e+02
5.691374248941171390e+04,1.632583749603883480e+05,6.574171916861290583e+02
5.720416894424262864e+04,1.632550944372818922e+05,6.579067760620598619e+02
5.598376781796220166e+04,1.601374029852555250e+05,6.581703859098390694e+02
5.598116508046517993e+04,1.601478139141828869e+05,6.583010565051711183e+02
5.587487637599190930e+04,1.601445333910779445e+05,6.455568113470410481e+02
5.587258767151863867e+04,1.601412528679714887e+05,6.590023984266781554e+02
5.587029896704537532e+04,1.601379723448705045e+05,6.638120310707354292e+02
5.586801026257210469e+04,1.601346918217667844e+05,6.638589582471513495e+02
5.586572155809884134e+04,1.601314112986630644e+05,6.600696594966912016e+02
5.586343285362557071e+04,1.601281307755593152e+05,6.423770765039998878e+02
5.586114414915230009e+04,1.630336646286357136e+05,6.623647598815778110e+02
5.585885544467903674e+04,1.630335697293518751e+05,6.479625825842422273e+02
5.585656674020576611e+04,1.630302892062481551e+05,6.525989822568126328e+02
5.656967616311858728e+04,1.609772169005688338e+05,6.580483378517428719e+02
5.585427803573249548e+04,1.609790086831444351e+05,6.607039982051051084e+02
5.585198933125923213e+04,1.609757281600407150e+05,6.616049156234062139e+02
5.584970062678596150e+04,1.609724476369369950e+05,6.498269551660910111e+02
5.719345211204989027e+04,1.609691671138332749e+05,6.424539611274944946e+02
5.719712321783942753e+04,1.609658865907295549e+05,6.467315837776682201e+02
5.719483451336615690e+04,1.609626060676258348e+05,6.703729263356349293e+02
5.584054580889288627e+04,1.636673393993061327e+05,6.620971449850811723e+02
5.579300281327981793e+04,1.636673393993061327e+05,6.625098425469049062e+02
5.579367969547308167e+04,1.636694839752109547e+05,6.699732338657057653e+02
5.715558450827471097e+04,1.636720977766157885e+05,6.580404323629780947e+02
5.583139099099981831e+04,1.636662034521072346e+05,6.465619260505344528e+02
5.582737618104742432e+04,1.636665658069694764e+05,6.465282952881077563e+02
5.582966488552069495e+04,1.636698463300731964e+05,6.466107833288094753e+02
5.583195358999396558e+04,1.636731268531769165e+05,6.438460265971204990e+02
5.583424229446722893e+04,1.636764073762806365e+05,6.717594700914175974e+02
5.583653099894049956e+04,1.636796878993843566e+05,6.606728417055398950e+02
5.583881970341377018e+04,1.645999161569510470e+05,6.481020136572894899e+02
5.557975241908118187e+04,1.645822489455898176e+05,6.609788017309879251e+02
5.557939711236030416e+04,1.645855294686955167e+05,6.620135641939964444e+02
5.558168581683357479e+04,1.645888099917945219e+05,6.605912261218921913e+02
5.596155270645871497e+04,1.626568447303351713e+05,6.580763971889815593e+02
5.596797452130683814e+04,1.626720905149029568e+05,6.580325646456409459e+02
5.587538579970927094e+04,1.626753710380066768e+05,6.598291697985047222e+02
5.587655193025337940e+04,1.626786515611056820e+05,6.603374639292343318e+02
5.587418297122939839e+04,1.626819320842141169e+05,6.708176443037556282e+02
5.558511083517930820e+04,1.626852126073178370e+05,6.707715428760506029e+02
5.558741804367318400e+04,1.639662413879197557e+05,6.460883924132443781e+02
5.586170674814484664e+04,1.630117736535253061e+05,6.693227612182321309e+02
5.586399545261971798e+04,1.630150541766290262e+05,6.501645648956122159e+02
5.586628415709298861e+04,1.630183346997327462e+05,6.685743059427708204e+02
5.586857286156651389e+04,1.630216152228364663e+05,6.504834707545172705e+02
5.627940119858954859e+04,1.634966586455354409e+05,6.580542830105495113e+02
5.627886156604003918e+04,1.630248957459401863e+05,6.639430714573335308e+02
5.587315027051356446e+04,1.630281762690466421e+05,6.583632332431952818e+02
5.587543897498605656e+04,1.630314567921530979e+05,6.579493165259991656e+02
5.587772767945771920e+04,1.630347373152521031e+05,6.575175843407560023e+02
5.587201638393124449e+04,1.630380178383585589e+05,6.570095389404668822e+02
5.588230508840476978e+04,1.630412983614650148e+05,6.565732166511031664e+02
5.588459379287829506e+04,1.630445788845640200e+05,6.560504461039494117e+02
5.588688249735182035e+04,1.630478594076704758e+05,6.555331205752557935e+02
5.588917120182566578e+04,1.630511399307769316e+05,6.550503115264694998e+02
5.589145990629893640e+04,1.630544204538759368e+05,6.544773453397614276e+02
5.596613011540499429e+04,1.629779393459317798e+05,6.535966709686148306e+02
5.596574861077246169e+04,1.629937009769809956e+05,6.538480970203930838e+02
5.588973380081981304e+04,1.629940633318407054e+05,6.538729211539433663e+02
5.588744509634628776e+04,1.629907828087342496e+05,6.545285251070529284e+02
5.588515639187276247e+04,1.630515022856322175e+05,6.620570753146678271e+02
5.588286768740000844e+04,1.630482217625284975e+05,6.531028992055291837e+02
5.588057898292648315e+04,1.630449412394247775e+05,6.669274281557375161e+02
5.690631128409090161e+04,1.630416607163210574e+05,6.412218083511763780e+02
5.690800157398020383e+04,1.634253294636418286e+05,6.631410815898636884e+02
5.690571286950667854e+04,1.634510996701136173e+05,6.608646375198225087e+02
5.587142416503366985e+04,1.634478191470098973e+05,6.484784449887886240e+02
5.540321788909372845e+04,1.629812198690354999e+05,6.519565998199470869e+02
5.540513546056039922e+04,1.629965386239061772e+05,6.443803646018861855e+02
5.540284675608687394e+04,1.629932581008024572e+05,6.587530697871287657e+02
5.540055805161386525e+04,1.629899775776987372e+05,6.557482036481259229e+02
5.690095286801248585e+04,1.630186970545950171e+05,6.418026057857376827e+02
5.689998064266733127e+04,1.630154165314885613e+05,6.597084228647462396e+02
5.585769193819406064e+04,1.630121360083875479e+05,6.533606407955984423e+02
5.719122783258798154e+04,1.630088554852838279e+05,6.435406529705677485e+02
5.718911452924752666e+04,1.632191903181085945e+05,6.435244367312869826e+02
5.585082582477425603e+04,1.632262944390763878e+05,6.435580967714771532e+02
5.584853712030073075e+04,1.632230139159726677e+05,6.435670563748466293e+02
5.585490786670652597e+04,1.632091639098945016e+05,6.500435255178202851e+02
5.585070752435309259e+04,1.629845003921437019e+05,6.572444538141611474e+02
5.584624841582772206e+04,1.629957333928692096e+05,6.601445804634734031e+02
5.584395971135445143e+04,1.629924528697652277e+05,6.601685946434756715e+02
5.584167100688092614e+04,1.629891723466615076e+05,6.602308062877875727e+02
5.583938230240791745e+04,1.629858918235577876e+05,6.611506007802111071e+02
5.583709359793464682e+04,1.629826113004587824e+05,6.607882985196213212e+02
5.583480489346112154e+04,1.629793307773503475e+05,6.519475528321365800e+02
5.583251618898811284e+04,1.629760502542466274e+05,6.475501836336354700e+02
5.583022748451484222e+04,1.630130511725902907e+05,6.445824561372885455e+02
5.582793878004157159e+04,1.630334892080391874e+05,6.505378889830046774e+02
5.582565007556830824e+04,1.630302086849354673e+05,6.719475401180700374e+02
5.657503457921413064e+04,1.630197809152447153e+05,6.567545646771316115e+02
5.582336137109503761e+04,1.630269281618317473e+05,6.537216586738352362e+02
5.581934656114265090e+04,1.630272905166914570e+05,6.640189259611416901e+02
5.582163526561591425e+04,1.630305710397977091e+05,6.492303857809512238e+02
5.582392397008918488e+04,1.630338515629014291e+05,6.539824599331824402e+02
5.582621267456245550e+04,1.630371320860051492e+05,6.543518353259770493e+02
5.582850137903598079e+04,1.629764126091088692e+05,6.531465461930839638e+02
5.583079008350898948e+04,1.629796931322125893e+05,6.551730563050715546e+02
5.583307878798226011e+04,1.629829736553163093e+05,6.632283070615141014e+02
5.583536749245578540e+04,1.629862541784200293e+05,6.559887217810957054e+02
5.583765619692879409e+04,1.629895347015237494e+05,6.644243362034377469e+02
5.716094292437213153e+04,1.629910614383494540e+05,6.561824927105682264e+02
5.583994490140231937e+04,1.629928152246274694e+05,6.585892517471858127e+02
5.586780310433658451e+04,1.629960957477311895e+05,6.585122533642545477e+02
5.586852231034859869e+04,1.629993762708349095e+05,6.585639587367743388e+02
5.584681101482186932e+04,1.630026567939386296e+05,6.585831450741945901e+02
5.584909971929353196e+04,1.630059373170423496e+05,6.586232196312828364e+02
5.585138842376840330e+04,1.641517670774000871e+05,6.580448376831097903e+02
5.585367712824167393e+04,1.641324983632497897e+05,6.581246592123259234e+02
5.585596583271519921e+04,1.630157788863535388e+05,6.580409435889382621e+02
5.587316152018243156e+04,1.630190594094572589e+05,6.526318042646676076e+02
5.587654324166147853e+04,1.630223399325609789e+05,6.702339424114256872e+02
5.597757363777077262e+04,1.630366966482868884e+05,6.556019807967172710e+02
5.586283194613485102e+04,1.630256204556646990e+05,6.473053046080099193e+02
5.586512065060801251e+04,1.630289009787711548e+05,6.585257271446976119e+02
5.586740935508153780e+04,1.630321815018701600e+05,6.581318432698753895e+02
5.586969805955454649e+04,1.630354620249766158e+05,6.576905012789502507e+02
5.587198676402781712e+04,1.630387425480830716e+05,6.572159222979244078e+02
5.587427546850108047e+04,1.643579062214839505e+05,6.567162683282015223e+02
5.587656417297435110e+04,1.643573035942885326e+05,6.562145136839037605e+02
5.587885287744762172e+04,1.643605841173949884e+05,6.556709559768742110e+02
5.558824497158290615e+04,1.643638646404939936e+05,6.551637981771154955e+02
5.588343028639415570e+04,1.643672396404939936e+05,6.546075731496122216e+02
5.628475961468527385e+04,1.611833560459810542e+05,6.550201010693882608e+02
5.588571899086742633e+04,1.611704256866994547e+05,6.539403946767718026e+02
5.588170418091624015e+04,1.611707880415666150e+05,6.540685412967902721e+02
5.719436196909419232e+04,1.611675075184601592e+05,6.547277703926720278e+02
5.719712677196918958e+04,1.630522269953611540e+05,6.553163520356009712e+02
5.719483806749566429e+04,1.630489464722546982e+05,6.558141813804438698e+02
5.719249577111138933e+04,1.630457542202147888e+05,6.563099343180699634e+02
5.587026065854869375e+04,1.630423854260492371e+05,6.568155801361178874e+02
5.586797195407516847e+04,1.630711049029427813e+05,6.572890008813453733e+02
5.586568324960215978e+04,1.627710412375527667e+05,6.577195847556329227e+02
5.586339454512888915e+04,1.627765438567373203e+05,6.581498291227951540e+02
5.598215104671812878e+04,1.620231699610921787e+05,6.544045569352499570e+02
5.586110584065563307e+04,1.620372633336308645e+05,6.585868937240782088e+02
5.585881713618235517e+04,1.620339828105269407e+05,6.446061306090894050e+02
5.585652843170882988e+04,1.620307022874232207e+05,6.550332765893879241e+02
5.585423972723530460e+04,1.630194217643195007e+05,6.611681766996086935e+02
5.585195102276177931e+04,1.630161412412157515e+05,6.577177924254835943e+02
5.584966231829011667e+04,1.630128607181120315e+05,6.511119171867073874e+02
5.584737361381659139e+04,1.630095801950083114e+05,6.510580965508967211e+02
5.584508490934306610e+04,1.630062996719045914e+05,6.510866141726115757e+02
5.584279620486954082e+04,1.630030191488008713e+05,6.663420558623007537e+02
5.584050750039601553e+04,1.629997386256971513e+05,6.663007614627391604e+02
5.598443975119190145e+04,1.630041835307621513e+05,6.539177584270624948e+02
5.583821879592249024e+04,1.629964581025934312e+05,6.689291774152630978e+02
5.583593009144896496e+04,1.629931775794897112e+05,6.689552889730388188e+02
5.583364138697543967e+04,1.629898970563859912e+05,6.453947651457114034e+02
5.717828672121921409e+04,1.629866165332822711e+05,6.481122331913633161e+02
5.582906397803025175e+04,1.629833360101785511e+05,6.424769817065520101e+02
5.582677527355672646e+04,1.629800554870748310e+05,6.676749808561129385e+02
5.582448656908333214e+04,1.629767749639711110e+05,6.697020674251674563e+02
5.688265334001839074e+04,1.630054944408673909e+05,6.582835237958191783e+02
5.581990916013628157e+04,1.629702139177636709e+05,6.409846390538572223e+02
5.581762045566352754e+04,1.629669333946572151e+05,6.637033803628623900e+02
5.598672845566466276e+04,1.629754640538634267e+05,6.534111419432197181e+02
5.450964600473676546e+04,1.629636528715562308e+05,6.520610200725827781e+02
5.376331694123787020e+04,1.629640152264233911e+05,6.642794896081945808e+02
5.376202189705355704e+04,1.629672957495223964e+05,6.638695216312532921e+02
5.376789435018440417e+04,1.629705762726259127e+05,6.632945419402902871e+02
5.380686199236502580e+04,1.629738567957323685e+05,6.626624226723261017e+02
5.380204871780909889e+04,1.629771373188333528e+05,6.505492109686938420e+02
5.380676046360396140e+04,1.629804178419370728e+05,6.530136608064976826e+02
5.377704916807748668e+04,1.629836983650407929e+05,6.609987410337535039e+02
5.377933787255101197e+04,1.629869788881445129e+05,6.599622112795814246e+02
5.378162657702453726e+04,1.629902594112482329e+05,6.437913411900271967e+02
5.350460164750106924e+04,1.630111069318306108e+05,6.535901424498924825e+02
5.378391528149806254e+04,1.629935399343519530e+05,6.497935741306910131e+02
5.378620398597158783e+04,1.629968204574556730e+05,6.600231267496756118e+02
5.378849269044325047e+04,1.630001009805593931e+05,6.600631592525796805e+02
5.379078139491677575e+04,1.630033815036631131e+05,6.502993194675118502e+02
5.352194544406533532e+04,1.630066620267668332e+05,6.502787284110964947e+02
5.352335880386382632e+04,1.630099425498705532e+05,6.450485110809387379e+02
5.379764750833735161e+04,1.630132230729742732e+05,6.450275002185680933e+02
5.379993621281087690e+04,1.630165035960779933e+05,6.450808238527988578e+02
5.380222491728440218e+04,1.630197841191817424e+05,6.525558665461157943e+02
5.380451362175606482e+04,1.630230646422854625e+05,6.627945429898118164e+02
5.393471364571266167e+04,1.630078264087266289e+05,6.540703071259920307e+02
5.393480232622996846e+04,1.629943451653891825e+05,6.532151459136073299e+02
5.380909103070349374e+04,1.629976256884881877e+05,6.586607732162080993e+02
5.381137973517701903e+04,1.630329062115946435e+05,6.582502557303982940e+02
5.381366843965054431e+04,1.630361867347010993e+05,6.577573404860555684e+02
5.381595714412406960e+04,1.630394672578001046e+05,6.573024311661826005e+02
5.381824584859759489e+04,1.630427477809065604e+05,6.568344083598454972e+02
5.382053455306925753e+04,1.630460283040130162e+05,6.563847373942867307e+02
5.382282325754278281e+04,1.630493088271120214e+05,6.559145043575576892e+02
5.382511196201611165e+04,1.630525893502184772e+05,6.554855708582058469e+02
5.382740066648963693e+04,1.630558698733249330e+05,6.548560519593906974e+02
5.566102502067072055e+04,1.630468131986507797e+05,6.647158008918654559e+02
5.566409488942686585e+04,1.629494654943725327e+05,6.646740563271473548e+02
5.566746220406286739e+04,1.629487161097532371e+05,6.647649745460680606e+02
5.567091992331810616e+04,1.629468487979924539e+05,6.648604786964447158e+02
5.567394698885411344e+04,1.629460379291629652e+05,6.649392589423821391e+02
5.567732254174493573e+04,1.629444415722942213e+05,6.650025284757020927e+02
5.570721934655450605e+04,1.629444415722942213e+05,6.651112997602957648e+02
5.690327609098844550e+04,1.654054165139874676e+05,6.684899797635497407e+02
5.690275732608840190e+04,1.654191285121670226e+05,6.684872208913690201e+02
5.689745114214793284e+04,1.654328405103465775e+05,6.684844620191976219e+02
5.689798101624362607e+04,1.654490315798303345e+05,6.684813151737868111e+02
5.689183240708224912e+04,1.654602645067056874e+05,6.684789442748257215e+02
5.570449412622156524e+04,1.654684761854026292e+05,6.648925709684223193e+02
5.570792212576831662e+04,1.629371971918035124e+05,6.648936065064586955e+02
5.571135012531320535e+04,1.629364909205201839e+05,6.648665716010397091e+02
5.571486415050206415e+04,1.629404676372123649e+05,6.648286097717897292e+02
5.571820612440285913e+04,1.629350783779618505e+05,6.647731786318432796e+02
5.572163412394838087e+04,1.629343721066859725e+05,6.647347307654523547e+02
5.572506212349326961e+04,1.629336658354047104e+05,6.646904513518926478e+02
5.572849012303815834e+04,1.629329595641213818e+05,6.647164924433706119e+02
5.573186630202920787e+04,1.629321458685267135e+05,6.647304820978674798e+02
5.573534612212869979e+04,1.629315470215696259e+05,6.646471126017927418e+02
5.573877412167424336e+04,1.629308407502904010e+05,6.646675547614936477e+02
5.574220212121913210e+04,1.629301344790145231e+05,6.646325912644165328e+02
5.574563012076402083e+04,1.629294282077386451e+05,6.646090058010081520e+02
5.574902395376423374e+04,1.629287187018230034e+05,6.646228210713375120e+02
5.575231455284199183e+04,1.629274391086570686e+05,6.645710654512581641e+02
5.575511798381417611e+04,1.629253588472775882e+05,6.645166803302777225e+02
5.575873142457241920e+04,1.629246420106611913e+05,6.645327607513531802e+02
5.576199067097577063e+04,1.629230365785605973e+05,6.644975739325814175e+02
5.576500033240256744e+04,1.629215453711621230e+05,6.645601374309865150e+02
5.576799002732945519e+04,1.629197255568153923e+05,6.644820862507278889e+02
5.577097972225634294e+04,1.629179057424761122e+05,6.644866809200268563e+02
5.577396941718323069e+04,1.629160859281293815e+05,6.644714307522174295e+02
5.577695911211011844e+04,1.629142661137892865e+05,6.644661613861628666e+02
5.577994880703700619e+04,1.629124462994425558e+05,6.644713266115234092e+02
5.578293850196389394e+04,1.629403696347074292e+05,6.645083482915017612e+02
5.578592819689074531e+04,1.629408066707597754e+05,6.645489048294496115e+02
5.578891789181763306e+04,1.629389868564204953e+05,6.646031179550866455e+02
5.579190758674452081e+04,1.629371670420727169e+05,6.645701028891936630e+02
5.579491852780203772e+04,1.629353825998789107e+05,6.646157928315453773e+02
5.579798528346675448e+04,1.629336958842238819e+05,6.646745717610938300e+02
5.580105203913147125e+04,1.629320091685688531e+05,6.646823119936634612e+02
5.580411879479693744e+04,1.628983224529194122e+05,6.647017145106110547e+02
5.580718555046240363e+04,1.628966357372643834e+05,6.647282199945366301e+02
5.581025230612600717e+04,1.628949490216093545e+05,6.647526817549551197e+02
5.581331618926110241e+04,1.628931720058339124e+05,6.648682130632987537e+02
5.581663870481024060e+04,1.628921532657312637e+05,6.647152547647019674e+02
5.582005274831498537e+04,1.628913823526667838e+05,6.646838165261615359e+02
5.582346679181786749e+04,1.628906114396023040e+05,6.646617150021183988e+02
5.582695545105566271e+04,1.628903299139010196e+05,6.646564395459126899e+02
5.583043206711229868e+04,1.628904007165896182e+05,6.565962708683265419e+02
5.583395372330058308e+04,1.628904007165896182e+05,6.565206127530592539e+02
5.687627373157847614e+04,1.628904007165896182e+05,6.565415662040223879e+02
5.687500676985491009e+04,1.628885654264519399e+05,6.682929842599306767e+02
5.687621276617292460e+04,1.629118010711649840e+05,6.682921736929612280e+02
5.687666064002925850e+04,1.628937976156490913e+05,6.683742239791946531e+02
5.687496214133689500e+04,1.628937976156490913e+05,6.682927811818709642e+02
5.687356087320858933e+04,1.628887882418655499e+05,6.682931177398952514e+02
5.687794638615813892e+04,1.628911256140791520e+05,6.646252809400851902e+02
5.586544529292140942e+04,1.628912130867551314e+05,6.646270627506802384e+02
5.586894419968281727e+04,1.628913005594249116e+05,6.646822471978576914e+02
5.587232646474954527e+04,1.628922007166486583e+05,6.647275145371024792e+02
5.587570691467416327e+04,1.628931076666485460e+05,6.646620193631026723e+02
5.587908736460064392e+04,1.628940146166529448e+05,6.646433957664632999e+02
5.588246781452526193e+04,1.628949215666498931e+05,6.646100034876947120e+02
5.588589366933670681e+04,1.628956381689157279e+05,6.646213533702468794e+02
5.588932482121665817e+04,1.628963289632271917e+05,6.646230400797142011e+02
5.589275597309671866e+04,1.628970197575312050e+05,6.646089828324841164e+02
5.589618712497853267e+04,1.628977105518426688e+05,6.646000422903091476e+02
5.589961827685708704e+04,1.628984013461447030e+05,6.645858865727425382e+02
5.590304942873703840e+04,1.628990921404561668e+05,6.645716735057869755e+02
5.590648058061698976e+04,1.628997829347601801e+05,6.645500612420948983e+02
5.590985056524381071e+04,1.629007280292636424e+05,6.645328713375712368e+02
5.591311579618311953e+04,1.629019882938818773e+05,6.646247973942882936e+02
5.591638102712191176e+04,1.629032485585020622e+05,6.649217091206447776e+02
5.591964625806173717e+04,1.629045088231222471e+05,6.652225026235611267e+02
5.592261238900040189e+04,1.629083539708505559e+05,6.655168558683402580e+02
5.690211074871596793e+04,1.629083537502922991e+05,6.408995041311009118e+02
5.688254605952677230e+04,1.628899713219572732e+05,6.683831941491389443e+02
5.686862015796479682e+04,1.628900152266379446e+05,6.683913454591354366e+02
5.686465255461901688e+04,1.628951376175638288e+05,6.683994967691075999e+02
5.685972475930571818e+04,1.628901030359992583e+05,6.684076480791088670e+02
5.685537458776322455e+04,1.629025066769549449e+05,6.684243034820653975e+02
5.685050943498223933e+04,1.628902368510046799e+05,6.642416497742274260e+02
5.593520404166763910e+04,1.628878520105982025e+05,6.643592088490299830e+02
5.593199272788165399e+04,1.629174671701917250e+05,6.644866484661436061e+02
5.592878141409566888e+04,1.629150823297791358e+05,6.581412204687333087e+02
5.592557010031052050e+04,1.629126974893726583e+05,6.649700921388896404e+02
5.592235878652453539e+04,1.629103126489661809e+05,6.651423386358976586e+02
5.591880715771138784e+04,1.629084376489661809e+05,6.522673386358976586e+02
5.591632217282176134e+04,1.629084376489661809e+05,6.523555947504385131e+02
5.689596838041886804e+04,1.628896147464485548e+05,6.683499685691103878e+02
5.611588532206162927e+04,1.628895564387532067e+05,6.683443423877661189e+02
5.687051391084797797e+04,1.628894953583097085e+05,6.683410311434608957e+02
5.687171641192704556e+04,1.628894340877404320e+05,6.683379472402930332e+02
5.687288804342903313e+04,1.628893728171711264e+05,6.683348633371251708e+02
5.687479302589900908e+04,1.628893115466018498e+05,6.683317794339864122e+02
5.687528671359017608e+04,1.628893115466018498e+05,6.683286955308185497e+02
5.687624418884635088e+04,1.628891890054632677e+05,6.683256116276506873e+02
5.687523374963150854e+04,1.628808089158524526e+05,6.683236112261265589e+02
5.687384650081233121e+04,1.600881042944629444e+05,6.683180387373040503e+02
5.687211180624016561e+04,1.600730073854375805e+05,6.683139898533599990e+02
5.687012752398871817e+04,1.600824371866557922e+05,6.683099409694450515e+02
5.687048209892981686e+04,1.600824371866557922e+05,6.683093496417759525e+02
5.686755420345391758e+04,1.604509161180827941e+05,6.683090000701231475e+02
5.687061817258920200e+04,1.604567596040781646e+05,6.683085686357701434e+02
5.687194213052604027e+04,1.604566951187874365e+05,6.683092012579329548e+02
5.687155338866214879e+04,1.604504668663914490e+05,6.683078604019722206e+02
5.687111463783818908e+04,1.604504668663914490e+05,6.683075132654523713e+02
5.687361276404510863e+04,1.604565156696519407e+05,6.683063051287501821e+02
5.583612938156198652e+04,1.628952615967613528e+05,6.683632529627832355e+02
5.583246684382144304e+04,1.628945773364907654e+05,6.683492287557057807e+02
5.583662165304120572e+04,1.628943679281479272e+05,6.646406705385199984e+02
5.582462251945618482e+04,1.628944511781564506e+05,6.646430300210088262e+02
5.582010962073165865e+04,1.628946715314394387e+05,6.646580470981900817e+02
5.581681899144720228e+04,1.628962132651588472e+05,6.646652880996009571e+02
5.581319100694950612e+04,1.629083199133634043e+05,6.646616766439003641e+02
5.581002509088502120e+04,1.629005040474816633e+05,6.645992531319973295e+02
5.580618127971575450e+04,1.629017531710996700e+05,6.645218319887828784e+02
5.580267641609781276e+04,1.629036808461307955e+05,6.645087849366138926e+02
5.579917155248160998e+04,1.622037814168352634e+05,6.662728707062672129e+02
5.579567722566660086e+04,1.622037814168352634e+05,6.659681908356617441e+02
5.579226043146524171e+04,1.629096350190509111e+05,6.643853127021468481e+02
5.578876827571961621e+04,1.629115805492121726e+05,6.644204348158524454e+02
5.578542684306066076e+04,1.629137945946920663e+05,6.644423962514116511e+02
5.578201004885743896e+04,1.629158743825126439e+05,6.644776698435158551e+02
5.577880080023166374e+04,1.629181592525262386e+05,6.645090850220144603e+02
5.698462984560933546e+04,1.629200051582548767e+05,6.644948769291945609e+02
5.577175966625232832e+04,1.629221137459818274e+05,6.644777220092796597e+02
5.576863345259745256e+04,1.629238283782545477e+05,6.644905342044910412e+02
5.647542762597222463e+04,1.629259355232361704e+05,6.645082195929894624e+02
5.647327109643016593e+04,1.629278984710965306e+05,6.645287688498387979e+02
5.575782378027346567e+04,1.629295974752549082e+05,6.645795137913551116e+02
5.575389761172672297e+04,1.629310689509071526e+05,6.646300049900420390e+02
5.688784512149234797e+04,1.629325669509304571e+05,6.646980120543850035e+02
5.574660775145766820e+04,1.629331348654801259e+05,6.647198238306556277e+02
5.574238271747481485e+04,1.629341812852794537e+05,6.647570235441279465e+02
5.573846500370975991e+04,1.629349884524593363e+05,6.648173568503888191e+02
5.573454728994284233e+04,1.629357956196317682e+05,6.648250080698825286e+02
5.573062957617778738e+04,1.629366027868080419e+05,6.648278170039304769e+02
5.701423677775402030e+04,1.629374099539879244e+05,6.647221313889848489e+02
5.701079414864581486e+04,1.629382171211603563e+05,6.647917600865720260e+02
5.571887643487998866e+04,1.629390242883402389e+05,6.648580499035567755e+02
5.571495872111418430e+04,1.629398314555126708e+05,6.648224017403233574e+02
5.571104100734912936e+04,1.629406386226851027e+05,6.648146150877262244e+02
5.570712329358407442e+04,1.629414457898649853e+05,6.648345499045069573e+02
5.570559064679615403e+04,1.629422529570374172e+05,6.647825566159706341e+02
5.569928786605060304e+04,1.629430601242172997e+05,6.648182444875099009e+02
5.569537015228368546e+04,1.629438672913897317e+05,6.648793660304256719e+02
5.568954473608796252e+04,1.629446744585621636e+05,6.650230279150028991e+02
5.722488953703705920e+04,1.629454816257386992e+05,6.650658648462750762e+02
5.568361701098707272e+04,1.629462887929111312e+05,6.649918876219209096e+02
5.567988381531898631e+04,1.629477251947030018e+05,6.649209442899029909e+02
5.567616990856517805e+04,1.629492107574373076e+05,6.649350621908545236e+02
5.567272140317446610e+04,1.629505812870218942e+05,6.649419853295132725e+02
5.566874209506165062e+04,1.629521818828984688e+05,6.648336456724168784e+02
5.566500865412790154e+04,1.629536176470845530e+05,6.647643621088656118e+02
5.664024710894662712e+04,1.629549886957585404e+05,6.648074519584198470e+02
5.572149104862015520e+04,1.630388553253069113e+05,6.641563377511666886e+02
5.572788237353514705e+04,1.618399387659534405e+05,6.464148714377116676e+02
5.714405091574515973e+04,1.617750574894204328e+05,6.463837730187843817e+02
5.714296984021652315e+04,1.618791101916307234e+05,6.464676501797894161e+02
5.714285967300746415e+04,1.618789062643671059e+05,6.465843632782747363e+02
5.714269113079839735e+04,1.618648852740876027e+05,6.594755524511386966e+02
5.714252258858902496e+04,1.618680218945942470e+05,6.467819757833316316e+02
5.714172669849617523e+04,1.619019058425459662e+05,6.468357619673009822e+02
5.713988986614232999e+04,1.619499159491989412e+05,6.467503035563389631e+02
5.714081989585122210e+04,1.619514557503569522e+05,6.466335904578431837e+02
5.714098843806123477e+04,1.619571899397257366e+05,6.465168773593600235e+02
5.714115698027124745e+04,1.619825809510830441e+05,6.465251642608768634e+02
5.714132552247939748e+04,1.619609780955794849e+05,6.463089902248871113e+02
5.714146487718949356e+04,1.619664551147330203e+05,6.462159652434752388e+02
5.713995991416218021e+04,1.619933979299027123e+05,6.463326783419556705e+02
5.713979137195216754e+04,1.620066848522457876e+05,6.463243914404388306e+02
5.713962282974401751e+04,1.620041542600351968e+05,6.465661045389263109e+02
5.713945428753400483e+04,1.619886635623664479e+05,6.548013151736943200e+02
5.713928574532399216e+04,1.619547815544583718e+05,6.526798683853833154e+02
5.713911720311584213e+04,1.619760319047325174e+05,6.469162438343757913e+02
5.713894866090562573e+04,1.628164682622306864e+05,6.470024723010849357e+02
5.713791263580989471e+04,1.619581607784011285e+05,6.470864466124460250e+02
5.713680466345992318e+04,1.619630405056037416e+05,6.470904710139568579e+02
5.713724596816968551e+04,1.620044011343799939e+05,6.468487579154736977e+02
5.713741451037798834e+04,1.620064280456163397e+05,6.467323739793921504e+02
5.713762758272823703e+04,1.619807213604830613e+05,6.466153317185073774e+02
5.713775159479615104e+04,1.619749973538422200e+05,6.716463667171030920e+02
5.713792013700616371e+04,1.620012336133911158e+05,6.716310894252512753e+02
5.713792010790771747e+04,1.648356506360961939e+05,9.887852690847630583e+02
5.714116539828955138e+04,1.654224697264178540e+05,9.887878324569301185e+02
5.687745725987388869e+04,1.609559838331683422e+05,9.887639314547977847e+02
5.687041532165280660e+04,1.654266128650574828e+05,9.887612979827954405e+02
5.686836197180210729e+04,1.654564914182691718e+05,9.887586645107471668e+02
5.687113074946228153e+04,1.654543699714796967e+05,9.887560310387157188e+02
5.688411755355830974e+04,1.655127436216615315e+05,9.887549133567767967e+02
5.688448375746590318e+04,1.655126645588980464e+05,9.887507640946819265e+02
5.687959075066429796e+04,1.655126645588980464e+05,9.912752743631531303e+02
5.687926130158558226e+04,1.653463511872397212e+05,9.887454971506481343e+02
5.687768443593114353e+04,1.656357627375380544e+05,9.887428636786166862e+02
5.688547212726540602e+04,1.656656928247244505e+05,9.887416182642441527e+02
5.686834354312602954e+04,1.656782434487224964e+05,9.887136256325861723e+02
5.687408146529157239e+04,1.656483648953319935e+05,9.887371728871272580e+02
5.687633387407731789e+04,1.656165825049461273e+05,9.887163305120681116e+02
5.688510514323160169e+04,1.609235825049461273e+05,-7.111406688971236463e+02
5.688566591098465142e+04,1.655591559810818580e+05,-7.327243314910646177e+02
5.688537528282895801e+04,1.655288506826614903e+05,-7.327267929926946408e+02
5.688063642977483687e+04,1.654989721294492192e+05,-7.327294264647099453e+02
5.688075576669351722e+04,1.630514952980130620e+05,-7.327312966728969741e+02
5.688901088855561102e+04,1.636390458943396516e+05,-7.327346934087437376e+02
5.689817902238931129e+04,1.636184607715308375e+05,-7.327371199649103346e+02
5.689925036724968959e+04,1.647252266502082057e+05,-7.327399603527780982e+02
5.687715469494029094e+04,1.653621815213635273e+05,-7.327159892507813765e+02
5.688905927836886985e+04,1.653596536609753675e+05,-7.327133762609508949e+02
5.689532953761137469e+04,1.654219386277869053e+05,-7.327107223067495170e+02
5.690340243445701344e+04,1.654518171809942578e+05,-7.327080888347368273e+02
5.690172749724789901e+04,1.654816957342059468e+05,-7.327054553627153837e+02
5.689788303392222588e+04,1.659288605996997212e+05,-7.327024363651348722e+02
5.689918119830882642e+04,1.652359272004992818e+05,-7.327001884186726102e+02
5.634747441918274853e+04,1.646885151101977681e+05,-7.326974913078853433e+02
5.689140986029861961e+04,1.656012099470527028e+05,-7.326949214746388179e+02
5.688582694008943508e+04,1.656289729016081546e+05,-7.326927847708253694e+02
5.688268859882463585e+04,1.656618921905414318e+05,-7.326898566183486992e+02
5.687474597626176546e+04,1.656908456073657726e+05,-7.327370586760099513e+02
5.687363102264885674e+04,1.657132181599044998e+05,-7.326756745006006213e+02
5.686790508419086109e+04,1.657333263178745110e+05,-7.326577830125282844e+02
5.686492060715888510e+04,1.657034477646617743e+05,-7.326604164845597325e+02
5.688061882110309671e+04,1.656735692114500853e+05,-7.326630499565620767e+02
5.687734312605371815e+04,1.656735417669667513e+05,-7.326661570802691585e+02
5.687304792538730544e+04,1.656709302810683148e+05,-7.326679732436325594e+02
5.688437473097330076e+04,1.655839340623740281e+05,-7.326709738371484946e+02
5.564906778488194686e+04,1.602700796426657762e+05,-7.326735838446567186e+02
5.565438774648823164e+04,1.607956668943289842e+05,-7.326760500834299137e+02
5.565347975636788033e+04,1.654942110560212459e+05,-7.326788399000012078e+02
5.565321328978568636e+04,1.654660210358623590e+05,-7.326801378119213268e+02
5.690176619179129921e+04,1.654342614828545775e+05,-7.326865689436885987e+02
5.713038288251638733e+04,1.654229269548852171e+05,6.652731963813890843e+02
5.567969591983177088e+04,1.629924824772600259e+05,6.650653997562413906e+02
5.567396118152869894e+04,1.629929088460926141e+05,6.649257821473230479e+02
5.566974607194943383e+04,1.629868836927894736e+05,6.615586742943788749e+02
5.566749276958742121e+04,1.629862216820527101e+05,6.649850311411427128e+02
5.584361255677753070e+04,1.629865974221039796e+05,6.649732807257537388e+02
5.569031609762720473e+04,1.629849975374747301e+05,6.652745028409267434e+02
5.569778573593027249e+04,1.629843233686346794e+05,6.651184121797458602e+02
5.561737580373413221e+04,1.629836491997946287e+05,6.650291414406282229e+02
5.571284624100006477e+04,1.629829625519547844e+05,6.648834140030566004e+02
5.571980566537655250e+04,1.629829698961038375e+05,6.649059250629987901e+02
5.572766428914196149e+04,1.629816266932840517e+05,6.486634541503634637e+02
5.573492473439570313e+04,1.629809098011161259e+05,6.487052830245128234e+02
5.574260356574864272e+04,1.629802783556114009e+05,6.486499223040199240e+02
5.575007320405342762e+04,1.629796041867713502e+05,6.647161763665106946e+02
5.575752006439478282e+04,1.629791741742919257e+05,6.647680259665256699e+02
5.576501248065783147e+04,1.629782558490986994e+05,6.647695817178363313e+02
5.577251960217981105e+04,1.629775641675199440e+05,6.648263775298736391e+02
5.577923205801293807e+04,1.634846505277509859e+05,6.716102050263915544e+02
5.633067952677056746e+04,1.629660897853727511e+05,6.641481780684317755e+02
5.633026300587970036e+04,1.629655519665385655e+05,6.643047132760458453e+02
5.588302644350681658e+04,1.629650141976977757e+05,6.643505444296225733e+02
5.589095073180988402e+04,1.629639763288595132e+05,6.639720344662849811e+02
5.567051491552188963e+04,1.629635316676892689e+05,6.637379837007387096e+02
5.590732230579118186e+04,1.629557446348838857e+05,6.640160785775582326e+02
5.590261650960530096e+04,1.629593100390754989e+05,6.639295369607347084e+02
5.589514687130051607e+04,1.629599842079080991e+05,6.640247177899940425e+02
5.588767723299759382e+04,1.629606583767481497e+05,6.641521469840914733e+02
5.678091805297332758e+04,1.629530115305686195e+05,9.885703387282183030e+02
5.562097159987884515e+04,1.629528948174701363e+05,9.885729722002397466e+02
5.562239874475459510e+04,1.629529092965960444e+05,9.886116003013930822e+02
5.683081213831725472e+04,1.658378151743799390e+05,9.885842019655385684e+02
5.578952628505939356e+04,1.658491043216302933e+05,9.847440810384571250e+02
5.578310229675622395e+04,1.629700967404736439e+05,9.847469899672425981e+02
5.577563265845205751e+04,1.629726045738644898e+05,9.847922998530566474e+02
5.576816302014913526e+04,1.629714450781457126e+05,9.848094341969999732e+02
5.576052839023459819e+04,1.629720997827404062e+05,9.847921495231285007e+02
5.575322374354408385e+04,1.629727934158273856e+05,9.848092792593824925e+02
5.574547863424488605e+04,1.629742392623457999e+05,9.847714072623648462e+02
5.573828446693823935e+04,1.629741417534980865e+05,9.847930377030510272e+02
5.603672810955451132e+04,1.629748705935809703e+05,9.847912091896431548e+02
5.615236872495071293e+04,1.629754900911734730e+05,9.880501889721052748e+02
5.571587555202947260e+04,1.629761642600135237e+05,9.848094051589224591e+02
5.631350298819051386e+04,1.629775812257729995e+05,9.722003461454961553e+02
5.570093627542362810e+04,1.629775125976859126e+05,9.917808990587446942e+02
5.569377320657962264e+04,1.629781367970241699e+05,9.852344082292534040e+02
5.683123169695132674e+04,1.629788609353660140e+05,9.852808721096212139e+02
5.567852736051299871e+04,1.629795351041986141e+05,9.851106964306222835e+02
5.567105772221039661e+04,1.629802092730386648e+05,9.850096441003101972e+02
5.566456369919839926e+04,1.629804132197184954e+05,9.850374874780959544e+02
5.566081119560401567e+04,1.629810848607106600e+05,9.850945742231692748e+02
5.565375419679359766e+04,1.629761430016590748e+05,9.783263914253170697e+02
5.565126898509712191e+04,1.629747468397627235e+05,9.915651344399507252e+02
5.566673862340004416e+04,1.629740726709226728e+05,9.852471480279477873e+02
5.567419131164700957e+04,1.629736805808181525e+05,9.850995890951730871e+02
5.568184340449125739e+04,1.629725924268598319e+05,9.851448446191374160e+02
5.558929423338809283e+04,1.629720505943021562e+05,9.851941892089622570e+02
5.545399721247592242e+04,1.629713759955710557e+05,9.852062548799777915e+02
5.531822461824939819e+04,1.629707018267384556e+05,9.851568509753350327e+02
5.531955645321809425e+04,1.629700276578984049e+05,9.849404863363184859e+02
5.717142602299653663e+04,1.629692144310834119e+05,9.781297537704982688e+02
5.572649572982422251e+04,1.629686793202254048e+05,9.781788457391545535e+02
5.573351985422491271e+04,1.629672807843851915e+05,9.848308304247109390e+02
5.668736164616949100e+04,1.629673309825504548e+05,9.847640081105998888e+02
5.574890464473485190e+04,1.629666568137178547e+05,9.847775422923177757e+02
5.647198507950796920e+04,1.629660958187574870e+05,9.848480630171861776e+02
5.576384392133953224e+04,1.629653084760377533e+05,9.848229988191478697e+02
5.577165786727184604e+04,1.629639503447631723e+05,9.846705051030467075e+02
5.577878319794565323e+04,1.629657954203704721e+05,9.847085984129835197e+02
5.578625283624871372e+04,1.629632859695255756e+05,9.640209828395773002e+02
5.579372247455163597e+04,1.629626118006855249e+05,9.847961084718435814e+02
5.580060391980490385e+04,1.629609159615760727e+05,9.848151068074539580e+02
5.580866175115748047e+04,1.629612634630179091e+05,9.844461175195492615e+02
5.581617683946049510e+04,1.629595436441799684e+05,9.841844656671507892e+02
5.582346462776402041e+04,1.629587331253415032e+05,9.841075496281607684e+02
5.582984321606708545e+04,1.629586045065051003e+05,9.841448322487465248e+02
5.583681275436872238e+04,1.629586045065066137e+05,9.842269966262153957e+02
5.584513429267176980e+04,1.629573672688296356e+05,9.842825154234940328e+02
5.585347958097664377e+04,1.629572184499882569e+05,9.843445480176119418e+02
5.656300013551918528e+04,1.629565442811482062e+05,9.843902511093377825e+02
5.642722754109522066e+04,1.629558701123133069e+05,9.844949321972284224e+02
5.587588849588541052e+04,1.629551959434807068e+05,9.844005423948013913e+02
5.588335813418833277e+04,1.629545217746383569e+05,9.844982973453492150e+02
5.589129134963417891e+04,1.629539469096696994e+05,9.843513954769568954e+02
5.588413716338539962e+04,1.629531734369657061e+05,9.841625230819026910e+02
5.590576704909803811e+04,1.629524992681259173e+05,9.786896122417801962e+02
5.561259197452070657e+04,1.629518250992884277e+05,6.637152419428267649e+02
5.561511307570383360e+04,1.629483538804509735e+05,6.633717386354210248e+02
5.588098949047968199e+04,1.629411691595026350e+05,6.636513456072816552e+02
5.591638722689308634e+04,1.629450143283403595e+05,6.637382877084992288e+02
5.590891758859016409e+04,1.629456884971778491e+05,6.466673571005621852e+02
5.669067527348034491e+04,1.629463626660178998e+05,6.643417184699601421e+02
5.589397831198431959e+04,1.629470368348527991e+05,6.521169603590196857e+02
5.588650867367953470e+04,1.629477110036902886e+05,6.521089756726678388e+02
5.588227798286172765e+04,1.629481297674190428e+05,6.520423206736841166e+02
5.588756077898386138e+04,1.629490979712616827e+05,6.644192808536979555e+02
5.532153824556152540e+04,1.629497335101973440e+05,6.645485870327448765e+02
5.532218996140807576e+04,1.629504076790402178e+05,6.646200488418808163e+02
5.559308343439437158e+04,1.629510818478802685e+05,6.645743547572465104e+02
5.584169084386229224e+04,1.629517560167128686e+05,6.645778078600242225e+02
5.583422120555947185e+04,1.629524301855526573e+05,6.466849105968549338e+02
5.582675156725654961e+04,1.629531043543927080e+05,6.642075560172497717e+02
5.581928192895335087e+04,1.629537785232253082e+05,6.641647954674239145e+02
5.627194640647304186e+04,1.629544526920650678e+05,6.509094240831012712e+02
5.579605673887064040e+04,1.619165457400100713e+05,6.509713530622224198e+02
5.578940337574151636e+04,1.629564751985760813e+05,6.647167606075794311e+02
5.578229731277046085e+04,1.629572557066845184e+05,6.646725767425936056e+02
5.577446409913380921e+04,1.629578235362487321e+05,6.646421577900571265e+02
5.708658197280247987e+04,1.629584977050887828e+05,6.647572301223797240e+02
5.708180998813478800e+04,1.629588573200272804e+05,6.647759616582585522e+02
5.708005518422579189e+04,1.629598460427614336e+05,6.648046847224574094e+02
5.574481427599606832e+04,1.629603264931979065e+05,6.647635987006757432e+02
5.573711590761994739e+04,1.629611943804415350e+05,6.647855554890226131e+02
5.572964626931660314e+04,1.629618685492741351e+05,6.648461931668385887e+02
5.572217955563664873e+04,1.629625281982767920e+05,6.648843316491235100e+02
5.598899013398290117e+04,1.629632168869498710e+05,6.649903508449174296e+02
5.612476272829883237e+04,1.629638910557899217e+05,6.649919202700225469e+02
5.569967557533719082e+04,1.629649981396767835e+05,6.649641398773496803e+02
5.569229807780199189e+04,1.629652393934625725e+05,6.650114752822232731e+02
5.568482843949677044e+04,1.629725855998527259e+05,6.650955619477576874e+02
5.567735880119384819e+04,1.629665877311434597e+05,6.650886175963355527e+02
5.566988916289092595e+04,1.629672618999760598e+05,6.651531856110345871e+02
5.566241952458800370e+04,1.629679360688161105e+05,6.651121667091470044e+02
5.565685928628598049e+04,1.629683829376529902e+05,6.651848690873587202e+02
5.566005532577824488e+04,1.629618903667040868e+05,6.587110305124363094e+02
5.565757006408092275e+04,1.629611252978601260e+05,6.649372454376418773e+02
5.567325486572649970e+04,1.629607280437432928e+05,6.650475366648745421e+02
5.568050934068676725e+04,1.629597769601874752e+05,6.651170237090548198e+02
5.568752484713685408e+04,1.629586458758049412e+05,6.650265157840615302e+02
5.569544861729261174e+04,1.629584286225148244e+05,6.650213612390209619e+02
5.570291825559553399e+04,1.629577544536747737e+05,6.650718545622942202e+02
5.571074853270320455e+04,1.629574197407298489e+05,6.650441253823512398e+02
5.571785753220139304e+04,1.629564061160021229e+05,6.650470275033142116e+02
5.572506540638214210e+04,1.629562503304117126e+05,6.649630926685100576e+02
5.652398305509990314e+04,1.629550577783294721e+05,6.648897963177047359e+02
5.652173456561342755e+04,1.629543633722032246e+05,6.633824584494910823e+02
5.574773608541510475e+04,1.629537094406525430e+05,6.647801061175165387e+02
5.575520572371802700e+04,1.629530352718199429e+05,6.647558248426664704e+02
5.598089267743586970e+04,1.629523611029798922e+05,6.647624626787162470e+02
5.577027849066279305e+04,1.629515065505395469e+05,6.646415939250452993e+02
5.577761463862679375e+04,1.629510127653072414e+05,6.645952909122877372e+02
5.578508427693041449e+04,1.629503385964671907e+05,6.646060683068369599e+02
5.579255391523333674e+04,1.629496644276294683e+05,6.645990878231605166e+02
5.580002355353654275e+04,1.629489902587968681e+05,6.645416989154515477e+02
5.580200010868631216e+04,1.629485668337110255e+05,6.643512463083940247e+02
5.581496283014266373e+04,1.629476419211167668e+05,6.642077196755313935e+02
5.582195916114895226e+04,1.629465597921300505e+05,6.641302491687874863e+02
5.582990210674879199e+04,1.629462935834441159e+05,6.643075494752029044e+02
5.583733283908654994e+04,1.629454478970158671e+05,6.645023177986786322e+02
5.584484138335491298e+04,1.629449452457714651e+05,6.643933949363754436e+02
5.584217308992835024e+04,1.629442710769296100e+05,6.644319546786473438e+02
5.585919765088816348e+04,1.637972860210061481e+05,6.645023568244987473e+02
5.586725029826410173e+04,1.638069227392546600e+05,6.646017063430381313e+02
5.587471993656716222e+04,1.638062485704171704e+05,6.646156959637928594e+02
5.588218957487008447e+04,1.629415744015771197e+05,6.645354695005271424e+02
5.588965921317328321e+04,1.629409002327422204e+05,6.646240723326382067e+02
5.589706553772193001e+04,1.629403980599741044e+05,6.645904486753238416e+02
5.551118732574310707e+04,1.629390863354677858e+05,6.645540520263349435e+02
5.531344078911383258e+04,1.629388777262297808e+05,6.520919397262370012e+02
5.591953776638553245e+04,1.629382035573923204e+05,6.639852983162510327e+02
5.708989560024783714e+04,1.629375293885597202e+05,6.637111803563840340e+02
5.593649458248511655e+04,1.629285219987684104e+05,6.640408949931198777e+02
5.593847717946945340e+04,1.629307186176067917e+05,6.640065415816835639e+02
5.592253126023311779e+04,1.629316561408228008e+05,6.641735159744904422e+02
5.591521866757583484e+04,1.629320669552794425e+05,6.644324689008876703e+02
5.625575149352264270e+04,1.629327411241194932e+05,6.646221395398838467e+02
5.590027939096999035e+04,1.629334152929595439e+05,6.646891853366279292e+02
5.652729668251585827e+04,1.629340894617941813e+05,6.646419550976237360e+02
5.666306927696776256e+04,1.629347636306316708e+05,6.646802305173290506e+02
5.587787047605954285e+04,1.629354377994691604e+05,6.646413789205906824e+02
5.699401971130810853e+04,1.629363202662696713e+05,6.645869559383498881e+02
5.586293119945369835e+04,1.629367861371418112e+05,6.645942099710299544e+02
5.585546156115077611e+04,1.629374603059818619e+05,6.645894158517256756e+02
5.584765508762739773e+04,1.629378945535501116e+05,6.643584960711667691e+02
5.584052228454493161e+04,1.629388086436565500e+05,6.441006758156071328e+02
5.569023255590342160e+04,1.629393017599885352e+05,6.441247433304857850e+02
5.570125003198526974e+04,1.629401569813315000e+05,6.440573771422835989e+02
5.583702262657500978e+04,1.629408311501689896e+05,6.440084164131985744e+02
5.581064373133198387e+04,1.629415053190015897e+05,6.643460439177724766e+02
5.580317409302906162e+04,1.629421794878439396e+05,6.643618451530492166e+02
5.579575531326101191e+04,1.629427496339352219e+05,6.645478388712072046e+02
5.578820071622409887e+04,1.629436692980126827e+05,6.645983946648339042e+02
5.578076517811974190e+04,1.638917105558709591e+05,6.646182338934304425e+02
5.577329553981681966e+04,1.629448761631966918e+05,6.645815133934811456e+02
5.576582590151389741e+04,1.629455503320292919e+05,6.647461540110031137e+02
5.692320338154395722e+04,1.629462245008693426e+05,6.647739943538123271e+02
5.575080165352297627e+04,1.629476643962533562e+05,6.647838766465807794e+02
5.574341698660443217e+04,1.629475728385419934e+05,6.648203341593995219e+02
5.573771864354742866e+04,1.629482734617189853e+05,6.647997865491576022e+02
5.572847770999876957e+04,1.629489211762187479e+05,6.648663748304621777e+02
5.572100807169584732e+04,1.629495953450513480e+05,6.649412429682357697e+02
5.571353843339292507e+04,1.629502695138936979e+05,6.649549950974848116e+02
5.570606879509000282e+04,1.629509436827337486e+05,6.649045342947443942e+02
5.569859915678708057e+04,1.629516178515663487e+05,6.650143718254199712e+02
5.569112951848415833e+04,1.629522920204061375e+05,6.650411011914344499e+02
5.568365988017993368e+04,1.629529661892435979e+05,6.650178420496552008e+02
5.634505686934667028e+04,1.629533469962782692e+05,6.650490798357293443e+02
5.654930011494832434e+04,1.629568246269185911e+05,6.650151009405906279e+02
5.569472468620168365e+04,1.629485423882339965e+05,6.649738314904914205e+02
5.570216174886005319e+04,1.629470764487345587e+05,6.649984907190167860e+02
5.668447014963442780e+04,1.629454354092364083e+05,6.648596073086167735e+02
5.571664021632450022e+04,1.629436220603917609e+05,6.648135397920935930e+02
5.572415861118587054e+04,1.629427845741081401e+05,6.648191385995390874e+02
5.573162824949065543e+04,1.629421104052680894e+05,6.649283579419283114e+02
5.604847280862929620e+04,1.629411989694404765e+05,6.648443304120304447e+02
5.574656752609649993e+04,1.629407620675957005e+05,6.648282754597461235e+02
5.575403716439942218e+04,1.629400878987582400e+05,6.648404672225445893e+02
5.576166270498999802e+04,1.629395512307924218e+05,6.574612463345259812e+02
5.576897644100592879e+04,1.629387395610851236e+05,6.574084847771595150e+02
5.577578742584654537e+04,1.629384134706598707e+05,6.646239562723094423e+02
5.732242370876738278e+04,1.629373912234083109e+05,6.646095887722804036e+02
5.579138535591517575e+04,1.629367170545682602e+05,6.644813327395015676e+02
5.578596427732115990e+04,1.629360428857282095e+05,6.644564732119087012e+02
5.578599345559578069e+04,1.629353687168956094e+05,6.644204381524140217e+02
5.581368487683245621e+04,1.629349586972743564e+05,6.644501582045303394e+02
5.582126390912690840e+04,1.629340203792155080e+05,6.642478060294283750e+02
5.581808099041965033e+04,1.629333462103829079e+05,6.643813481049196525e+02
5.583617425868187274e+04,1.629323147632703476e+05,6.644892656399108546e+02
5.623624295375023212e+04,1.629319978727084817e+05,6.644091898376584595e+02
5.623416852524351270e+04,1.629313237038758816e+05,6.644352900001915714e+02
5.585893814838465187e+04,1.629302202593368711e+05,6.646261397743594443e+02
5.586608173894669744e+04,1.629299753661957802e+05,6.646129039041345550e+02
5.587354935570966336e+04,1.629292981603351654e+05,6.645571428494796464e+02
5.555737998124372098e+04,1.629286270285210921e+05,6.645595633630210841e+02
5.588849065385498398e+04,1.629286270285210921e+05,6.655258872155601466e+02
5.589596029215804447e+04,1.629272786908484413e+05,6.647512631237833602e+02
5.590342993046096672e+04,1.629266045220086526e+05,6.607765790418117149e+02
5.591042952364622761e+04,1.629259271214196633e+05,6.608461794729817029e+02
5.591836920706681121e+04,1.629252561843360018e+05,6.607687282246820359e+02
5.679074441449097503e+04,1.629245820154959511e+05,6.645578453340600618e+02
5.665497182051590789e+04,1.629239078466587234e+05,6.642979382431224167e+02
5.665462068737051595e+04,1.629188013181828428e+05,6.646548213263597518e+02
5.592195355671109428e+04,1.629179479314210766e+05,6.642089974964767407e+02
5.582082771366299858e+04,1.629191195822230948e+05,6.648771291139922823e+02
5.595660030811490287e+04,1.629197937510556949e+05,6.648572388528767760e+02
5.589911083165021410e+04,1.629204679198957456e+05,6.647295273374687667e+02
5.589164119334737188e+04,1.629211420887357963e+05,6.646705628685516558e+02
5.588417155504431139e+04,1.629218162575730239e+05,6.646601599021098536e+02
5.649969068575854908e+04,1.629224904264130746e+05,6.646075208835984540e+02
5.586923227843660425e+04,1.629231645952531253e+05,6.646463488153688104e+02
5.586176264013512264e+04,1.629238387640854635e+05,6.646786286053695676e+02
5.585429300183206215e+04,1.629245129329255142e+05,6.645779441328352277e+02
5.584682336352913990e+04,1.629251871017655649e+05,6.645177850058400963e+02
5.583928050398788764e+04,1.629263147050530242e+05,6.645960077127540444e+02
5.583188408692329540e+04,1.629265354394332098e+05,6.645147459136944690e+02
5.582441444861981290e+04,1.629272096082732605e+05,6.642725367607647513e+02
5.581694481031689065e+04,1.629278837771058606e+05,6.643170150389062201e+02
5.580956022836360353e+04,1.629285110671833681e+05,6.643996802847116214e+02
5.580146622519053199e+04,1.629404416003931547e+05,6.644155406414513436e+02
5.579453589540756366e+04,1.629299062836203957e+05,6.644050101270997857e+02
5.578737310649591382e+04,1.629307884030748392e+05,6.644866595257346944e+02
5.577959661880144267e+04,1.629312546213004971e+05,6.646130527701327537e+02
5.577212698049665778e+04,1.629319287901330972e+05,6.646025437524524477e+02
5.576449149958611815e+04,1.629321908310005674e+05,6.645832481476693374e+02
5.575718770389225392e+04,1.629344014278078685e+05,6.646945827377360274e+02
5.575018679103780596e+04,1.629377333788097603e+05,6.648362494327327568e+02
5.574474188168770343e+04,1.629291195380286081e+05,6.645852424920392423e+02
5.575154706188342243e+04,1.629248075372175081e+05,6.645279095624920274e+02
5.702327252336642414e+04,1.629244438503496640e+05,6.671623177665225057e+02
5.688749992880276113e+04,1.629237696815096133e+05,6.644158473318149163e+02
5.579768643489903479e+04,1.629230955126770132e+05,6.644026531179316635e+02
5.580515607320194249e+04,1.629224213438372244e+05,6.644127959823582614e+02
5.581310415457427735e+04,1.629219418187703122e+05,6.643465411163006138e+02
5.551231733275370061e+04,1.618623527332516096e+05,6.519947960919771504e+02
5.711425573830026406e+04,1.618854772031800530e+05,6.484224160377384578e+02
5.588815702008813969e+04,1.618630708339260600e+05,6.645132736869425116e+02
5.584999701673895470e+04,1.629184130136849999e+05,6.645638254292649663e+02
5.566554657919317833e+04,1.629177021619709849e+05,6.645379782149188941e+02
5.543313261685319594e+04,1.629173143865125894e+05,6.646769130009390665e+02
5.587238281793057104e+04,1.629163538242983341e+05,6.646217222604075232e+02
5.587985245623363153e+04,1.629156796554624452e+05,6.645349867023226125e+02
5.588732209453573887e+04,1.629150054866249557e+05,6.645160101951089473e+02
5.589479173283866112e+04,1.629143313177874952e+05,6.645364732846154538e+02
5.689891101222327416e+04,1.629136571489500056e+05,6.648221707742333138e+02
5.676313841777136986e+04,1.629129829801125161e+05,6.648348020378754200e+02
5.591720064774894126e+04,1.629123088112724654e+05,6.651506920366356326e+02
5.591345736063637742e+04,1.629083011780036322e+05,6.646808436175610950e+02
5.591394227233336278e+04,1.629075205468414060e+05,6.646957139616110908e+02
5.588995676303462096e+04,1.629081066643399827e+05,6.646813306511298833e+02
5.588300299572601216e+04,1.629088688845140568e+05,6.645992755983972984e+02
5.623327068876876729e+04,1.629097298902412003e+05,6.645050190103493151e+02
5.633631209492339985e+04,1.629102172221893270e+05,6.645969728256304734e+02
5.586059408081682341e+04,1.629108913910268166e+05,6.645224866719765942e+02
5.654079506577165739e+04,1.629112675250926695e+05,6.412102339939995090e+02
5.584565480421070242e+04,1.639013705476531468e+05,6.411891522480257208e+02
5.583880997911613667e+04,1.639003786442370038e+05,6.645884603503209291e+02
5.701517506662529195e+04,1.629135880663783173e+05,6.644644584651096011e+02
5.582324588930193568e+04,1.629142622352109174e+05,6.644241696579547352e+02
5.581577625099901343e+04,1.629149364040509681e+05,6.644406147480758591e+02
5.580830661269609118e+04,1.629156105728835682e+05,6.643804323693320839e+02
5.580097724259604001e+04,1.629160089343145955e+05,6.643922640536902691e+02
5.579336733609024668e+04,1.629169589102820028e+05,6.565950325972629571e+02
5.578614537579152966e+04,1.629180399789691437e+05,6.643906557925914740e+02
5.579669090698311629e+04,1.629403749677621527e+05,6.643234742420951306e+02
5.580398751388471283e+04,1.629414739707791014e+05,6.643883556331617228e+02
5.581145715218777332e+04,1.629407998019390507e+05,6.644547190307914661e+02
5.600294284230465564e+04,1.629077996772386832e+05,6.644506803457900332e+02
5.600207325135465362e+04,1.629072830313899321e+05,6.644747245351593392e+02
5.583386606709696207e+04,1.629067772954263492e+05,6.644664596084260211e+02
5.563794058243967447e+04,1.629061031265862985e+05,6.645146942021895029e+02
5.584880534370280657e+04,1.629054289577536983e+05,6.645252427901390320e+02
5.536639539344645891e+04,1.629047547889136476e+05,6.645266939538081488e+02
5.536035137798716460e+04,1.629036144496583147e+05,6.645289218366336854e+02
5.587121425861227181e+04,1.629034064512412588e+05,6.645124181219101729e+02
5.587861714061829116e+04,1.629026630439843575e+05,6.646178812519314079e+02
5.588593724896932690e+04,1.629033676489155332e+05,6.646965123010990055e+02
5.588288253834458737e+04,1.628994707978825609e+05,6.646458945381704098e+02
5.585943888313674688e+04,1.628991628625999729e+05,6.644718301958304210e+02
5.585201668103204429e+04,1.628986018896784226e+05,6.644408278922741147e+02
5.584437391531254980e+04,1.628994702648680250e+05,6.644994234921717862e+02
5.583701660658951732e+04,1.628999665244806092e+05,6.413759810743462140e+02
5.671602388121720287e+04,1.629006406933206599e+05,6.644739881418312279e+02
5.582207732998367283e+04,1.629013148621607106e+05,6.644850090877110915e+02
5.581460769168015395e+04,1.629019890309933107e+05,6.644662951903258090e+02
5.580799480990182201e+04,1.629055759753722232e+05,6.644267297057333508e+02
5.594014091024455411e+04,1.628951900223239791e+05,6.640761523141283078e+02
5.594014091024361551e+04,1.611200000117430463e+05,6.640005626743824223e+02
