55963.907589,162948.383929,656.645374
55961.412771,162948.291528,657.525774
55980.424941,163004.545886,654.514088
55877.689371,163004.949806,654.514088
55879.978075,162998.430920,653.364054
55875.963265,162998.793274,653.571961
55873.674561,162995.512751,654.329171
55871.385857,162992.232228,654.993637
55869.097152,162988.951705,655.556131
55866.808448,162985.671182,655.973706
55864.519743,162982.390659,656.396431
55862.231039,162979.110136,656.866523
55859.942334,163039.829613,657.306076
55842.876612,162115.932805,655.114569
55841.653630,162140.549090,657.786735
55855.364925,162137.268566,658.264333
55853.076221,162133.988043,658.619694
55850.787516,162130.707520,658.909454
55848.498812,162127.426997,659.151912
55846.210107,162124.146474,659.347257
55843.921403,162120.865951,659.454395
55841.632698,162117.585428,659.498731
55839.343994,163010.304905,659.457168
55837.055289,163590.241697,659.419991
55975.847532,163605.984839,655.646743
55970.766585,163611.743859,649.315908
55968.477880,163608.463335,649.256230
55830.189176,163605.182812,649.255623
55827.900472,163601.902289,659.547206
55825.611767,163598.621766,659.943792
55823.323063,163595.341243,660.410148
55821.034358,163592.060720,660.911738
55818.745654,163588.780197,661.502328
55816.456949,163585.499674,662.124770
55814.168245,163384.102552,662.809652
56719.059922,163378.704316,656.219230
55811.879540,163386.938627,663.459759
55809.590836,163383.658104,663.984589
55807.302131,163380.377581,664.346001
55803.287321,163380.739936,664.430494
55805.576026,163384.020459,664.064988
55807.864730,163387.300982,663.588074
55847.279297,163390.581505,662.970792
55844.442139,164316.679311,662.253825
55846.730844,164293.142552,671.859579
55557.004332,164296.423075,661.016102
55971.270123,164303.423793,661.115050
55971.308253,164299.703598,661.121350
55821.596957,164302.984121,660.041969
55823.885662,164306.264644,665.342503
55852.637713,164309.545167,670.549290
55852.463071,164312.825690,659.054931
55854.751775,164316.106213,662.137368
55562.362748,164319.386736,662.144939
55835.329184,164522.818456,662.188460
55837.617888,164517.947783,646.714374
55839.906593,164521.228306,646.648427
55547.243231,164524.143270,657.248414
55857.996129,164524.508829,657.234097
55860.484002,164527.789352,643.834877
55862.772706,164531.069875,658.788576
55567.721164,164534.350398,658.536120
55851.350115,164537.630921,658.119098
55853.638820,164540.911444,657.770807
55855.927524,164512.191968,657.267646
55863.354545,164515.472491,656.835068
55860.504933,164518.753014,656.417887
55862.793638,164522.033537,655.974307
55966.692714,164520.862747,657.713407
55865.082342,164525.314060,655.573696
55867.371047,164528.594583,655.050074
55869.659751,164531.875106,654.420971
55871.948456,164535.155629,653.696296
55867.933646,164535.517984,653.708478
55865.644941,164532.237461,654.409260
57179.196578,164528.956938,655.044457
57181.067532,164525.676415,655.514496
57178.778828,164522.395892,655.942085
57176.490123,164519.115369,656.377796
56423.426541,165269.049318,663.989695
56883.563197,165251.834845,656.765497
56883.912714,165248.554322,657.193190
56881.624010,165277.273799,657.595909
57173.838162,165273.993276,657.974786
55845.046601,165270.712753,658.298518
55842.757896,165267.432230,658.354131
55840.469192,165264.151707,652.313730
56878.204781,165260.871184,661.657666
56875.891783,165257.590661,647.099864
56873.603078,165254.310138,647.013252
56874.115305,162978.301701,658.235133
57168.479746,162979.029614,658.851993
57173.025670,163007.749091,658.806558
57170.736965,163004.468568,658.895052
57168.448261,163001.188045,659.042608
57174.159556,162997.907522,659.275478
57171.870852,162994.626999,659.721795
57169.582147,162991.346476,660.156619
57163.121330,162988.065953,660.573884
57165.004738,162984.785430,661.171576
57162.716034,162981.504907,661.749397
55959.826601,163007.021178,661.696709
55808.427329,162978.224383,662.425295
56867.487949,163006.943860,663.167761
55803.849920,163003.663337,663.749552
55801.561216,163000.382814,664.147400
55799.272511,162997.102291,664.558504
55797.546406,163000.745169,658.409526
55799.835110,163004.025692,658.381808
55802.123815,163007.306215,646.293555
55804.412519,164502.205000,662.674328
55806.701224,164485.867261,661.941083
56289.208174,164486.245742,656.918670
55957.537897,162971.740655,658.356597
55549.421637,162953.147784,661.319998
55811.278633,162956.428308,660.765611
55813.567337,162959.708831,660.296638
55815.856042,162962.989354,659.862002
55845.055017,162966.269877,655.471878
55844.433451,162969.550400,655.488363
55822.722155,162972.830923,655.386183
55825.010860,163868.530231,655.389302
55827.299564,163843.391969,658.675466
55826.084329,163014.672492,658.672178
55827.249192,162968.460131,658.333225
55831.876973,162953.953016,658.364585
55850.413433,162957.233539,658.355425
55836.454382,163024.514062,658.446465
55838.743086,163027.794585,668.321219
55560.138469,163031.075108,660.413648
55563.320495,163034.355631,666.182211
55565.609200,163037.636154,657.433431
55567.897904,164074.669377,657.080073
55855.771849,164068.197200,650.376166
55852.475313,164071.477723,656.291417
55848.960488,162965.179608,658.440671
55854.764018,162954.758247,641.898551
55565.496885,162958.038770,655.397370
55563.341427,162961.319293,644.961353
55565.630131,162964.599816,658.796647
55567.918836,162967.880339,653.609249
55563.904026,162968.242694,653.463880
55561.615321,162964.962171,654.140192
57171.613882,162961.681648,654.728571
57171.600281,162959.261157,-840.667956
55950.671783,162972.569918,-850.643451
55848.460503,162951.840078,-848.159579
55846.171799,162948.559555,-848.538094
55843.883094,163041.279032,-848.904361
55841.594390,163069.998509,-849.160168
55847.305685,163066.717986,-849.358952
55845.016981,163063.437463,-849.300938
55834.728276,163060.156940,-849.300158
55832.439572,163056.876417,-849.365953
55830.150868,163053.595893,-849.371102
55827.862163,163050.315370,-849.262709
55948.383079,162958.618562,-850.792491
55945.573459,163015.034847,-850.811331
57160.897050,163011.754324,-854.268509
57164.996050,163008.473801,-863.322743
57162.707345,163037.193278,-852.882655
57160.418641,162281.665247,-852.882102
55814.129936,162294.632232,-863.996618
55811.841232,162291.351709,-863.925541
55809.552527,162288.071186,-833.987391
57155.538634,162284.790662,-834.316075
57156.975118,162985.510139,-834.277418
55946.094374,162987.338039,-834.306355
55802.686414,162982.229616,662.212446
55800.397709,162978.949093,662.160466
55798.109005,163007.668570,662.191553
55795.820300,163004.388047,658.895872
55793.531596,163001.107524,664.485346
55791.805490,163004.750402,664.488870
55794.094195,162976.030925,663.786035
55796.382899,162979.311448,643.406126
55798.671604,162982.591971,670.073567
55541.838941,162985.872494,661.831306
55538.530491,162952.057516,663.916139
55539.249013,162957.153017,650.456552
55541.537717,162960.433540,644.127882
55543.826422,162963.714064,650.342682
55837.472322,162966.994587,650.345035
55814.692535,162973.555633,925.595472
55816.981240,164054.055921,925.558570
55819.269944,163012.116679,905.968988
55821.558649,163015.397202,905.917992
55823.847353,163018.677725,924.635393
55821.516965,162948.776993,907.240618
55818.136058,162957.958248,907.168862
55828.424762,162961.238771,907.245947
55830.713467,162964.519295,907.210038
55833.002171,162967.799818,907.129199
55835.290875,162971.080341,912.877995
55837.579580,162974.360864,912.738846
55839.868284,163041.641387,912.628614
55848.189154,163044.921910,912.371870
55852.445693,163048.202433,912.015766
55846.734398,163051.482956,911.635630
55939.228261,164223.096258,924.589689
55557.914189,164206.763479,911.113752
55851.311807,164210.044002,910.540063
55853.600511,164213.324526,909.960345
55855.889216,164216.605049,653.232629
55849.585701,164213.686880,653.730194
57164.031187,164210.406357,654.455578
55845.008292,164207.125834,654.968366
55842.719588,164203.845311,655.474383
55840.430883,164200.564788,655.932712
55838.142179,163045.284265,656.098086
55936.939556,162942.215947,656.056165
55835.853474,162914.003742,656.142335
55833.564770,162942.723219,656.270095
57158.672771,162673.330082,656.299912
55828.987361,162680.162173,656.289541
55826.698657,162676.881649,644.510372
55824.409952,163025.601126,660.112397
56863.039390,163022.320603,660.003317
55819.832543,163019.040080,670.685405
55817.543839,163015.759557,650.235588
55823.255134,163012.479034,668.741499
55822.168424,162953.526265,656.911895
55934.650852,162543.468429,663.038131
55932.966430,162529.198511,663.077616
55810.677725,163307.004851,648.379462
55808.389021,163322.637465,648.408560
55806.100316,163319.356941,667.064339
55803.811612,163316.076418,657.359716
55801.522907,163312.795895,657.298680
55799.234203,163309.515372,657.367453
55796.945498,163306.234849,659.950185
55794.656794,163302.954326,657.885509
55792.368089,162979.673803,644.186569
55796.362147,162935.654900,663.505334
55790.079385,162912.393280,663.588507
55787.790681,163100.865705,664.388453
55786.064575,163072.755635,664.388352
55788.353280,163076.036158,644.660826
55790.641984,162983.316681,644.735371
55792.930688,162986.597204,662.570619
55793.950076,162989.877727,662.615494
55797.508097,162993.158250,661.382876
55799.796802,162996.438773,661.477823
55802.085506,162999.719296,660.415220
55802.636042,162939.297778,663.253646
55801.985837,163002.999819,658.007888
55806.662915,163006.280343,644.370118
55800.951620,163009.560866,644.273463
55811.240324,163012.841389,658.792402
55813.529029,163016.121912,658.442758
55815.817733,163019.402435,658.030625
55818.106438,163022.682958,657.748171
55820.395142,163025.963481,657.384231
55822.683847,163029.244004,656.930309
55824.972551,163032.524527,656.960123
55932.924746,162942.578302,656.890745
55827.261256,162939.805050,656.112583
55829.549960,163039.085574,655.823080
55831.838665,163042.366097,655.736897
55834.127369,163045.646620,655.730252
55836.416073,163048.927143,655.783481
55838.704778,163052.207666,655.863263
55840.993482,163055.488189,655.028175
55843.282187,163058.768712,654.422542
55845.570891,163062.049235,653.948781
55832.401263,163049.289498,655.457596
55935.213451,164315.859102,655.478988
55830.112559,164294.008975,655.414927
55827.823855,163042.728452,655.481887
55825.535150,163698.669686,653.518264
57151.090075,163708.167405,653.546743
55820.957741,163704.886882,653.623503
55818.669037,163029.606359,653.505889
55816.380332,163026.325836,653.566607
55814.091628,163023.045313,657.863708
55811.802923,163019.764790,658.267925
55809.514219,163016.484267,658.688975
55937.502155,162949.139348,661.063164
55943.225514,163013.203744,661.030055
55804.936810,163009.923221,647.511438
55802.648105,163006.642697,647.558852
55800.359401,163003.362174,653.341174
55806.070696,163000.081651,660.710340
55803.781992,162996.801128,660.672220
55793.493287,162993.520605,660.708143
55791.204583,162990.240082,660.714430
55788.915879,162986.959559,666.791976
55786.627174,162983.679036,666.779369
55939.790860,162952.419871,660.306449
55936.338470,162980.398513,652.240359
55782.049765,162977.117989,664.330003
55780.323660,162980.760867,664.151744
55782.612364,162984.041391,664.179607
55784.901069,162987.321914,664.153595
55787.189773,162990.602437,664.218529
55789.478478,162993.882960,664.133320
55791.767182,162997.163483,664.222221
55794.055886,163000.444006,660.995990
55796.344591,163003.724529,660.593891
55942.079564,162955.700394,659.719653
55942.633295,163007.005052,660.167528
55936.922000,163010.285575,659.707542
55803.210704,163013.566098,659.357617
55805.499409,163016.846622,659.006476
55807.788113,163020.127145,658.647738
55802.076818,163023.407668,658.144070
56423.068961,163034.616907,886.335815
56395.919760,165923.771725,886.348630
56364.646095,165932.926543,886.361444
56336.299083,165930.130754,892.558519
55801.495655,165942.081360,892.624259
55805.785726,165951.236178,892.512073
56285.252716,165960.390996,892.524888
56273.492916,165969.545814,892.912703
56275.550396,165977.741032,892.911087
56279.142880,165961.202192,892.913346
56274.796846,165953.486574,892.914118
56275.913106,165960.220046,892.901303
56275.854375,165935.176939,892.888489
56277.487521,165926.022121,892.875674
56329.708247,165930.166515,892.571334
56522.429982,165916.867303,892.612860
56355.115196,165907.712485,892.600045
56382.929621,165898.557667,892.587231
56414.216749,165889.402849,892.574416
56447.910218,165912.248031,892.811602
56484.349895,165871.093213,892.798787
56517.296696,165861.938395,892.785973
56540.864873,165852.783578,892.773158
56560.484256,165843.628760,892.760343
56582.476539,165834.473942,892.872529
56609.313919,165834.507143,892.550027
56375.951595,165834.202276,892.584148
56500.373823,165825.319124,892.609714
56631.164863,161834.062330,892.596900
56659.287324,165807.009488,892.584085
56663.733381,165797.854670,892.696271
55932.627327,162995.162188,892.683456
55930.555442,165779.545034,892.670642
56383.314548,165770.390217,892.657827
56196.049112,165761.235399,892.645013
56193.869464,165768.766100,664.163413
57131.011656,165787.008197,650.238037
57126.205622,160423.255287,650.174377
57127.171218,160423.255287,650.210138
57124.651917,160435.540196,647.620899
57133.472048,160416.271009,647.656660
57134.292179,160421.880525,647.692421
57135.112310,160427.834628,647.728182
57135.932441,160306.308735,647.638943
57136.752571,160293.408699,647.799704
57137.572702,162233.286395,647.835465
57138.392833,162224.180190,647.871226
57139.212964,162218.599326,650.273798
57127.025752,160407.698358,650.280887
57124.033094,165461.892833,650.317748
57140.853225,165460.043422,647.978509
57141.673356,165467.681740,648.014270
57142.493487,160090.961768,648.050031
57143.313617,161111.106484,648.085793
55330.239555,161104.953046,648.031725
57144.953879,161104.953046,648.272517
57145.774010,161103.738278,648.193076
57146.594141,161103.616002,648.222090
57146.646684,161103.813072,650.309559
57127.845883,160404.589598,648.166105
57123.504860,160404.589598,648.130344
57146.684729,160399.735122,648.094583
57145.864599,160411.469163,648.058822
57145.044468,160384.846890,648.023061
57144.224337,160400.726539,647.987300
57143.404206,160042.426774,647.951656
56431.762139,160042.439187,-700.840062
56468.394860,165857.284370,-700.827247
56505.081720,165848.129552,-700.814433
56541.632620,165848.401982,-700.635406
56480.126972,165838.974734,-700.801618
56579.293727,165829.819916,-700.788803
56595.363320,165820.665098,-700.775989
56613.174615,165811.510280,-700.763174
56630.276172,165802.355462,-700.750360
56649.858404,165793.200644,-700.737545
56674.717166,165816.045826,-700.724731
56674.516718,165774.891008,-700.711916
55681.266682,165765.736191,-700.699102
55685.311095,165756.581373,-700.686287
55684.657654,165756.581373,-700.648221
56471.371601,165747.426555,-700.673473
57132.012964,165750.426259,647.459676
57132.833095,165759.044413,647.495437
57133.653226,165748.782333,647.531198
57134.473356,164011.590435,647.566959
57135.293487,162211.575480,647.602720
57136.113618,161160.129655,647.513481
57136.933749,161076.728559,647.549242
57137.753879,161000.800193,647.710003
57138.574010,160923.321272,650.416842
57130.306275,160292.570557,647.745764
57139.394141,160855.825711,647.656525
57140.214272,160748.407535,647.817286
57141.034403,160598.918812,647.853047
57141.854533,160444.768646,643.534765
57142.674664,160295.595682,643.549569
57143.494795,160138.922488,647.960330
57136.314926,160008.022049,647.996091
57145.135056,160016.666125,648.031852
57145.955187,160015.177760,847.066866
57146.775318,160030.651383,842.452603
57131.126406,160174.571824,840.103374
57147.595449,160175.772314,840.128027
57148.237855,160175.772314,840.229669
57149.250124,160175.772314,840.201403
57148.506168,160175.920431,840.040642
57147.686038,160171.452791,840.004881
57146.865907,165158.706104,856.094797
57146.045776,165168.751305,839.933359
57145.225645,160001.840947,839.905850
57144.405514,160111.467192,839.986837
57143.585384,160250.182591,842.488364
57131.946537,160049.425084,839.826076
57134.765253,160411.764714,839.790315
57133.945122,162171.764714,-656.767042
57129.468630,162171.764714,-656.767042
57133.076265,163175.683032,-668.804449
56614.440855,165797.701436,-668.791634
56633.280412,165788.546618,-668.778820
56656.273991,165779.391800,-668.766005
56677.441404,165770.236983,-668.753191
56701.914970,165761.082165,-668.865376
56701.108512,165770.524125,-668.699479
56363.661775,165751.927347,-668.727562
56360.064289,165742.772529,-668.714747
55874.251197,165733.617711,-668.701933
55874.390772,165724.462893,-668.689118
55873.833553,162996.057089,664.122678
55873.842493,162999.337612,664.111185
55769.967027,163002.618135,664.066724
55772.255731,163005.898658,664.044557
55774.544436,163009.179181,662.358767
55776.833140,163012.459705,662.007964
55970.745833,163024.087311,662.018890
55971.832722,163030.347194,656.156801
55971.121845,163015.740228,661.619096
55781.410549,163019.020751,661.582759
55783.699254,163022.301274,661.567146
55785.987958,163025.581797,661.596466
55788.276663,163028.862320,661.597033
55790.565367,163032.142843,661.553350
55792.854071,163035.423366,659.099729
55795.142776,163038.703889,652.363787
55797.431480,163041.984412,658.183132
55799.720185,163045.264936,658.172886
55974.121427,163001.627717,655.675394
55802.008889,163048.545459,655.645016
55804.297594,163051.825982,656.870547
55806.586298,163055.106505,656.595790
55800.875003,163058.387028,656.261354
55811.163707,163061.667551,655.929601
55813.452412,163064.948074,655.465800
55814.166916,163068.127047,655.192343
55813.608761,163071.769925,654.834174
55811.726306,163068.590952,655.357075
55809.437602,163065.310429,655.860567
55976.410131,163068.908240,655.176453
55807.148897,163062.029906,656.277618
55804.860193,163058.749383,656.372187
55802.571488,163055.468860,656.338186
55800.282784,163052.188337,656.256254
55797.994079,163048.907814,650.587370
55795.705375,163045.627290,664.203159
55793.416670,163042.346767,664.248126
55791.127966,163071.066244,664.199090
55788.839262,163067.785721,659.522039
55786.550557,163032.505198,660.104382
55978.698836,163008.188764,654.672434
55976.261853,163029.224675,660.528762
55981.973148,163025.944152,660.760061
55779.684444,163022.663629,661.105476
55777.395739,163019.383106,661.583948
55783.107035,163016.102583,662.014797
55772.818330,163012.822059,662.474391
55770.529626,163009.541536,662.857873
55768.240921,163394.819384,664.685146
55773.952217,163002.980490,654.756179
57177.826811,162999.699967,664.039768
57180.987540,162979.469287,654.195072
57177.374808,162996.419444,664.355127
57177.811128,162996.419444,-506.163146
55761.937407,163003.342845,-508.005686
55764.226111,163006.623368,-507.859336
55766.514816,162977.903891,-507.652766
55768.803520,163013.184414,-507.473315
55771.092225,163016.464937,-507.230388
55773.380929,163019.745460,-506.994256
55775.669634,163023.025984,-506.758510
55777.958338,163026.306507,-506.536230
57158.718645,163014.749810,-502.865054
57156.247042,163036.834324,-506.340975
55782.535747,163032.867553,-506.206715
55784.824452,163036.148076,-505.967272
55787.113156,163039.428599,-505.712144
55789.401861,163010.709122,-505.447419
55791.690565,163045.989645,-505.225266
55785.979269,163049.270168,-504.969876
55796.267974,163052.550692,-504.811558
55798.556678,163055.831215,-504.783875
55800.845383,163059.111738,-504.784101
55985.564949,163050.030333,-502.637077
55987.134087,163062.392261,-504.302029
55989.422792,163065.672784,-504.118695
55807.711496,163068.953307,-503.866866
55810.000201,163072.233830,-503.841643
55808.878588,163086.103352,808.040044
55809.789308,163086.103352,808.004283
55808.969177,163086.517347,807.968522
55808.149046,163087.388174,807.932761
55815.328915,163087.388174,807.897000
55814.508785,163088.498385,810.747482
55811.418303,163085.368235,807.861239
55813.688654,163088.829013,807.825478
55812.868523,160055.320959,807.789717
55812.048392,160055.321033,807.780289
55811.228262,160225.065765,807.718195
57146.408131,160331.833831,807.682434
57145.588000,160466.643117,807.646673
57144.767869,160595.955604,807.735912
57151.947738,160727.675114,807.575151
57143.127608,160843.119527,807.539390
57142.307477,160923.986485,807.586721
57138.598172,160923.986485,807.503629
57141.487346,161007.090205,807.592868
57140.667215,161134.818388,807.432107
57139.847085,161263.503848,807.396346
57139.026954,161381.845501,807.485585
57138.206823,161500.971165,807.324824
57137.386692,161501.005873,807.289063
57136.566562,161708.378958,807.253302
57135.746431,161787.540942,807.342541
57134.926300,161869.694440,807.190570
57135.837019,161876.323797,810.675960
57129.778041,161870.250856,807.226331
55760.773900,161877.053198,807.172853
57138.297412,161586.931364,807.208614
57139.117543,161599.228176,807.369375
57139.937673,161349.932829,807.405136
57140.757804,161223.177242,807.440897
57141.577935,161241.638707,807.476658
57142.398066,161224.162911,807.512419
57143.218196,165766.022075,807.548180
57144.038327,165773.389991,810.578665
57124.841959,165776.622889,810.640199
57120.957910,165776.622889,810.708941
57144.858458,165761.773085,807.619702
55785.949650,163049.994878,807.584945
55788.238354,163053.275401,807.617152
55790.527058,163056.555924,830.606044
55784.815763,163059.836447,830.517419
55787.104467,163063.116971,816.995777
55797.393172,163066.397494,816.663427
55799.681876,163069.678017,816.390450
55793.970581,163040.958540,815.877454
55798.684026,163040.551118,815.165389
55796.259285,163076.239063,815.092347
55806.547990,163079.519586,814.093979
55801.987585,163083.162464,813.877323
55802.533180,163079.881941,814.792101
55800.244475,163076.601418,815.563529
55805.955771,163073.320895,816.141665
55803.667066,163338.335139,816.161709
55793.378362,163354.759849,808.541643
55799.089657,163063.479325,808.536007
55788.800953,163060.198802,814.201045
56421.202262,163069.270595,815.626333
56418.512249,163056.918279,815.686241
56416.223544,163053.637756,815.706282
55781.934840,163050.357233,815.696266
55779.646135,163047.076710,821.310852
55777.357431,163043.796187,811.954656
55783.068726,163040.515664,823.861582
55780.780022,163069.235141,812.902192
55778.491317,163033.954617,812.896560
55768.202613,163030.674094,812.906476
55765.913908,163027.393571,822.073635
55970.106617,163036.726524,816.106595
55971.625204,163024.113048,822.537079
55761.336499,163020.832525,823.020629
55759.047795,163017.552002,823.117186
55756.759090,163014.271479,823.868447
55754.470386,163010.990956,824.295998
55752.744280,163014.633834,824.157490
55755.032985,163017.914357,823.667576
55757.321689,163021.194880,823.740439
55759.610394,163024.475403,822.750406
55753.899098,163027.755926,822.305356
55759.817912,162998.709549,816.587574
55764.187803,162999.036449,821.790520
55766.476507,163002.316972,821.296954
55768.765212,163005.597495,820.893278
55771.053916,162976.878019,820.511963
55773.342621,163044.158542,820.052302
55775.631325,163047.439065,819.618169
55777.920030,163050.719588,819.082205
55780.208734,163054.000111,818.564903
55782.497439,163057.280634,818.108887
55784.786143,163068.955317,817.720446
55965.529208,162995.429026,817.049901
55787.074848,162999.841680,817.308509
55789.363552,163003.122203,816.928066
55791.652256,163070.402727,816.600535
55793.940961,163073.683250,816.316992
55796.229665,163076.963773,815.834035
55798.518370,163080.244296,815.188241
55800.807074,163083.524819,814.379713
55803.095779,163086.805342,813.552348
55799.080969,163087.167697,813.787226
55796.792264,163083.887174,814.657688
55963.240503,162992.148503,817.578633
55794.503560,162984.606651,815.402713
55792.214855,163077.326128,815.984805
55789.926151,163074.045604,816.408837
55787.637447,163102.765081,816.663850
55785.348742,163067.484558,816.660303
55783.060038,163064.204035,817.447599
55780.771333,163060.923512,817.845087
55778.482629,163057.642989,818.305429
55776.193924,163054.362466,818.823053
55773.905220,163051.081943,819.336086
55539.660536,163052.867980,814.170987
55539.616515,163047.801420,814.201957
55769.327811,163044.520897,830.915891
55775.039106,163041.240373,830.959660
55764.750402,163317.721683,830.999839
55762.461697,163322.679327,830.912612
55760.172993,163319.398804,821.996947
55757.884288,163028.118281,822.495916
55755.595584,163024.837758,822.940833
55753.306879,163021.557235,823.421529
55751.018175,163021.557235,663.899994
55751.165613,160370.946297,647.073898
55745.761732,163018.639067,664.275776
55749.292069,163021.919590,663.665528
55745.779612,163025.200113,663.139001
55753.869478,163028.480636,662.608322
55756.158183,163031.761159,662.226423
55758.446887,163035.041682,662.226811
55760.735592,163038.322205,661.330042
55763.024296,164250.298442,658.752027
55765.313001,164228.883251,658.855809
55956.374390,164230.306934,658.613445
55959.601705,163048.163774,658.576196
55769.890410,163051.444298,642.281267
55772.179114,163054.724821,655.466939
55774.467819,163058.005344,655.417941
55768.756523,163061.285867,655.380574
55779.045228,163064.566390,652.201943
55781.333932,163067.846913,652.127593
55783.622637,163071.127436,652.231132
55785.911341,163074.407959,656.127444
55788.200046,163077.688482,656.205296
55975.323242,162966.648357,656.604029
55970.085686,162947.026411,658.710532
55790.488750,162952.901411,-703.141676
55785.940537,162956.249529,-686.840923
55787.066159,162959.530052,-685.989940
55785.340053,162963.172930,-685.293246
55791.051349,162959.892407,-686.203327
55788.762645,162956.611884,-687.016953
55786.473940,163081.331360,-672.884210
55784.185236,163078.050837,-672.988061
55781.896531,163074.770314,-672.925650
55779.607827,163071.489791,-672.914877
55951.796981,162975.745887,-690.812428
55945.319122,162972.209268,-690.752068
55775.030418,162968.928745,-690.841241
55772.741713,163061.648222,-690.870758
55770.453009,163058.367699,-690.776589
55768.164304,163055.087176,-690.770355
55765.875600,163051.806652,-690.870695
55763.586895,163048.526129,-674.460667
55761.298191,163045.245606,-674.816682
55764.149494,163055.449530,-691.492261
55766.438199,163058.730054,-690.994228
56706.118810,163068.465364,-690.878021
55768.726903,163062.010577,-690.481976
55771.015608,163065.291100,-689.948282
55773.304312,163068.571623,-689.414443
55775.593017,163071.852146,-688.928577
55777.881721,163075.132669,-688.481521
55780.170426,163078.413192,-688.081849
55782.459130,163081.693715,-687.692704
55777.909171,163084.974238,-687.110824
55779.036539,163088.254761,-686.372708
55781.325244,163091.535285,-686.258031
55947.219572,163097.184841,-691.001873
55785.310434,163091.897639,-685.641110
55791.021729,163088.617116,-686.460179
55780.733025,163085.336593,-687.147230
55778.444320,163082.056070,-687.675697
55776.155616,163078.775547,-688.119932
55773.866911,163075.495024,-688.580810
55771.578207,163072.214501,-689.092756
55769.289502,163100.933978,-689.636666
55767.000798,163097.653455,-690.182537
55767.563397,163072.576856,-689.258352
55534.302120,163093.904318,-691.225497
55769.852101,163075.857379,-691.205295
55772.140806,163079.137902,-691.169832
55774.429510,163082.418425,-691.167316
55776.718215,163085.698948,-691.246974
55779.006919,163088.979471,-702.053239
55781.295624,163092.259994,-702.117498
55777.280814,163092.622349,-702.064734
55774.992109,163089.341826,-702.016463
55772.703405,163086.061303,-699.559363
55769.853182,163082.780780,-699.574968
55942.642163,163090.623795,-691.746236
55936.125996,163079.500257,-688.265667
55941.837291,163076.219734,-688.848936
55766.399890,163083.143135,-687.787188
55768.688595,163086.423658,-687.102801
55770.977299,163089.704181,-686.545274
55773.266004,163092.984704,-685.885288
55771.539898,163096.627582,-685.943013
55769.251194,163093.347059,-685.977888
55774.962489,163090.066536,-685.958269
55767.525088,163096.989937,-685.472327
55940.353459,162959.343272,-691.919475
55943.009486,163041.965083,-693.201714
55756.720782,163038.684560,-693.585546
55754.432077,163035.404037,-694.027417
55752.143373,163032.123514,-694.427492
55749.854668,163028.842991,-694.856312
55747.565964,163025.562468,-695.425901
55745.277260,163022.281945,-696.015366
55743.030490,163019.075851,-696.514848
55741.262450,163022.644299,-696.315569
55743.551154,163025.924822,-695.776867
55938.064754,163020.062749,-692.385767
55745.839859,163029.205346,-695.224817
55748.128563,163032.485869,-694.789684
55750.417267,163035.766392,-694.341035
55752.705972,163039.046915,-693.891152
55754.994676,163042.327438,-693.474570
55757.283381,163045.607961,-693.025550
55759.572085,163048.888484,-692.528284
55761.860790,163052.169007,-692.000014
55764.712093,163062.372931,-692.078854
55762.423389,163059.092408,-692.104057
55935.776050,163068.534306,-693.103538
55760.134684,163055.811885,-693.083742
55757.845980,163052.531362,-693.076281
55755.557275,163049.250839,-677.945360
55753.268571,163045.970316,661.268888
55758.979866,163042.689793,661.322188
55748.691162,163071.409270,653.160228
55746.402458,163068.128747,653.186741
55744.113753,163064.848224,653.200033
55741.825049,163029.567700,663.620664
55741.825049,163013.501703,661.762389
55735.521534,163026.649532,664.377474
55729.810239,163029.930055,663.889912
55740.098943,163033.210578,663.384158
55742.387648,163036.491102,662.922053
55736.676352,163039.771625,662.525641
55746.965057,163043.052148,661.926461
55749.253761,163046.332671,661.474734
55751.542465,163049.613194,661.456991
55745.788403,163052.893717,660.395370
55756.119874,163056.174240,659.875531
55752.316646,162970.432580,656.629603
55931.198641,162946.221179,662.471279
55758.408579,162963.454763,659.396350
55760.697283,162966.735286,658.889943
55762.985988,162970.015809,658.384488
55765.274692,162973.296333,657.844679
55763.548587,163072.939211,657.398139
55761.259882,163101.658687,657.968681
55758.971178,163066.378164,658.503588
55756.682473,163063.097641,659.014537
55754.393769,163059.817118,659.502642
55752.105064,163056.536595,660.017519
55928.909936,162942.940656,660.091493
55749.816360,163053.256072,660.576754
55747.527656,163049.975549,661.190134
55745.238951,163046.695026,661.671928
55742.950247,163043.414503,662.210325
55740.661542,163040.133979,662.736514
55738.372838,163036.853456,663.159950
55736.084133,163033.572933,663.723193
55733.795429,163030.292410,664.212520
55732.069323,163033.935288,664.786440
55734.358028,163037.215811,663.566694
55924.895126,163039.303011,663.371991
55736.646732,163036.876939,663.000062
55738.935437,163043.776857,662.437476
55741.224141,163047.057381,661.858087
55743.512846,163050.337904,661.337064
55745.801550,163053.618427,661.367235
55748.090254,163056.898950,661.267843
55750.378959,163060.179473,659.592362
55752.667663,163063.459996,659.078862
55754.956368,163066.740519,658.564440
55757.245072,163070.021042,658.036890
55927.183831,164501.384792,658.048860
55759.533777,164481.301565,658.112081
55761.822481,164484.582089,649.237683
55764.111186,164487.862612,649.135733
55764.673785,164494.786013,655.241412
55762.385080,164491.505490,655.899729
55760.096376,164488.224966,655.959729
55757.807671,164484.944443,657.015484
55755.518967,164481.663920,657.538183
55753.230262,164510.383397,658.106874
55750.941558,164507.102874,658.607588
55929.472535,164485.864057,662.341981
55748.652853,164503.822351,659.136653
55746.364149,164500.541828,659.714822
55744.075445,163057.261305,660.311964
55749.620348,163054.185710,660.826788
55739.498036,163050.700259,661.472530
55737.209331,163047.419735,662.088377
55734.920627,163044.139212,662.669525
55732.631922,163040.858689,663.329325
55730.343218,163069.578166,663.900903
55726.328408,163312.773371,663.977516
55931.761240,163305.144581,661.737284
55728.617112,163297.221044,663.627656
55730.905817,163044.501567,662.957257
55733.194521,163047.782090,662.297524
55735.483226,163051.062613,661.693205
55729.771930,163054.343137,661.068220
55732.060635,163057.623660,660.490239
55742.349339,163060.904183,659.899961
55744.638044,163064.184706,653.644840
55746.926748,163067.465229,653.716076
55749.215452,163070.745752,653.653012
55934.049944,163052.425104,661.054640
55751.504157,164358.726431,645.019786
55754.972527,164357.306798,657.135879
55756.081566,163080.587321,657.202702
55758.370270,163083.867844,657.166859
55760.658975,163087.148368,657.163057
55762.947679,163090.428891,657.245864
55765.236384,163093.709414,657.240113
55763.510278,163097.352292,653.648072
55761.221574,163094.071769,654.302297
55758.932869,163090.791246,654.944460
55936.338649,163087.705627,660.478737
55756.644165,163087.510722,655.606125
55754.355460,163084.230199,656.224311
55752.066756,163080.949676,656.149289
55749.778051,163077.669153,657.294966
55747.489347,163074.388630,657.790478
55745.200643,163103.108107,658.324018
57065.456143,163099.827584,658.911357
57068.623234,163096.547061,659.514925
55738.334529,163093.266538,646.791827
55736.045825,163057.986014,660.723616
55968.602427,163058.986150,660.082739
55733.757120,163054.705491,661.303534
55731.468416,163051.424968,661.920548
55729.179711,163048.144445,662.555502
55726.891007,163044.863922,663.206911
55724.602302,163041.583399,663.791772
55720.587492,163041.945754,663.905556
55722.876197,163045.226277,663.334579
55725.164901,163068.908230,662.765578
55727.453606,163051.787323,662.123347
55729.742310,163055.067846,661.548239
55732.916058,163062.266673,659.646615
55732.031015,163058.348369,660.957078
55734.319719,163061.628892,660.389017
55736.608424,163064.909416,659.763936
55738.897128,163068.189939,659.162051
55741.185833,163071.470462,658.561323
55743.474537,163042.750985,657.983764
55745.763242,163046.000985,743.655867
55745.763222,163046.000985,743.655867
55747.148139,163056.449775,743.134834
55747.968269,163055.822154,746.802021
57131.493593,163054.069089,746.112574
57134.386799,160602.199777,746.045595
57156.788400,160591.195329,743.206356
57157.608531,160591.195329,743.242117
57158.428662,160589.914105,743.143624
57157.699120,160589.914105,743.232863
57156.878989,160591.476540,743.072102
57156.058858,160591.476540,743.036341
57155.238727,160592.691390,743.000580
57154.418596,160048.745896,743.089819
57153.598466,160177.494924,743.054058
57152.778335,160313.278984,746.148335
57159.206930,160554.938025,746.143297
57159.958204,160467.709458,746.151787
57159.138073,160615.799334,746.196775
57150.317943,160774.056121,742.786014
57149.497812,160928.847617,742.750253
57148.677681,161078.008087,742.839492
57147.857550,161220.216468,742.678731
57147.037419,161348.034504,742.642970
57146.217289,161495.718440,742.607209
57145.397158,161635.025789,742.571448
57144.577027,161646.426512,751.128684
55655.340261,160540.565068,665.343884
55712.557872,160514.670464,665.259405
55714.846577,160517.950987,663.348566
55713.645060,163049.231510,662.814257
55719.423986,163052.512033,662.316552
55721.712690,163055.792556,661.883370
55724.001395,163059.073079,661.379541
55726.290099,163062.353602,660.846781
55728.578804,163065.634125,660.283338
55730.867508,163068.914648,659.616608
55950.070876,163043.388765,658.924003
55733.156213,163889.963896,658.933269
55735.444917,163075.475695,658.877423
55737.733622,163078.756218,658.963110
55740.022326,163082.036741,650.316887
55742.311031,163085.317264,650.274506
55736.599735,163088.597787,669.280611
55738.888440,163091.878310,669.291227
55749.177144,163095.158833,647.214897
55744.007516,163082.399096,657.693497
55733.718812,163079.118573,658.255423
55952.359580,162982.669288,658.815871
55731.430107,162979.838049,658.729470
55729.141403,163072.557526,659.251683
55726.852698,163101.277003,659.837407
55724.563994,163065.996480,660.446837
55722.275289,163062.715957,660.969325
55727.986585,163059.435434,661.402439
55717.697880,163056.154911,661.833189
55715.409176,163052.874388,662.255635
55713.120471,163049.593865,662.757903
55710.831767,163046.313341,663.284873
55706.648285,162985.949812,658.706823
55705.611496,162979.032818,663.794835
55705.396930,162964.300264,665.446625
55650.911449,162961.988504,665.930239
55646.954644,162962.168095,666.481695
55649.596094,162964.667678,666.476219
55651.888050,162967.943142,665.478054
55665.522344,162972.670662,664.778123
55667.908981,162990.906804,664.723788
55670.075388,162994.298933,664.716255
55686.218617,162985.150988,664.348536
55956.936989,162989.230335,658.332086
55688.507321,163020.431512,664.393616
55693.084730,163026.992558,664.382545
55695.373435,163030.273081,664.435703
55699.950844,163036.834127,664.427803
55697.586873,163008.114650,664.458216
55704.528253,163011.395173,663.622659
55706.816957,163014.675696,663.199799
55705.613694,163049.956219,662.669353
55705.622634,163053.236743,662.185086
55705.683070,163056.517266,661.756119
55711.225693,162992.510858,657.882834
55715.971775,163004.952335,661.328989
55718.260479,163063.078312,661.270981
55720.549184,163066.358835,661.319710
55722.837888,163069.639358,659.955363
55725.126593,163040.919881,659.446072
55727.415297,163044.200404,658.957078
55718.823078,163070.001713,659.908350
55716.534374,163066.721190,660.384344
55714.245669,163063.440667,660.816856
55711.956965,163060.160144,661.239056
55961.514398,163068.702310,657.369715
55709.668260,163056.879621,661.626035
55707.379556,163053.599097,662.040504
55705.090852,163050.318574,662.562018
55710.802147,163047.038051,662.948291
55700.513443,163043.757528,663.359416
55697.571190,163040.477005,663.308604
55695.936034,163037.196482,663.267408
55693.647329,163033.915959,663.905090
55691.358625,163030.635436,663.946118
55689.069920,163027.354913,663.973367
55963.803102,163031.071904,656.953471
55686.781216,163024.074390,663.999600
55684.492511,163020.793866,664.033142
55682.203807,163017.513343,663.944552
55679.915102,163014.232820,664.048076
55677.626398,163010.952297,664.263999
55675.337693,163007.671774,664.311053
55673.048989,163004.391251,664.367681
55670.621741,163000.835724,664.481348
55668.471580,162997.830205,664.469620
55666.182875,162994.549682,664.463952
55985.040659,162986.693851,654.693646
55966.091807,163002.352427,656.441261
55663.894171,162991.269158,664.530398
55661.605467,162987.988635,664.616512
55659.286291,162985.109631,664.687417
55656.936648,162981.511293,664.974713
55650.161944,162971.586020,665.458704
55647.908289,162972.594878,665.738345
55645.694562,162964.701923,666.292420
55641.301421,162966.003954,666.449613
55643.858430,162968.667852,665.931414
55646.712646,162972.157822,665.502798
55968.380511,163005.632950,655.992160
55648.410678,162975.223510,665.300775
55650.724543,162978.509421,665.240547
55649.394583,162981.789944,664.925954
55655.301952,162985.070467,664.574232
55702.112777,162988.348465,653.976666
55700.542500,162991.261150,653.883588
55702.221491,162994.887488,660.528748
55696.456770,162998.192560,664.187885
55697.448225,163001.473083,664.185721
55669.034179,163004.753606,664.128956
55970.669216,163008.913473,655.533027
55671.322883,163008.034129,664.047456
55665.611588,163011.314652,664.043932
55675.414320,163014.518243,663.810337
55678.188997,163017.875698,663.606767
55672.477701,163021.156221,663.514822
55682.766406,163036.814206,656.591680
55685.055110,163027.717267,656.605045
55687.343815,163030.997791,656.539107
55689.632519,163034.278314,656.558879
55691.921224,163037.558837,663.234886
55690.644367,163012.193996,655.123730
55694.209928,164054.876129,663.096847
55688.498633,164036.119883,662.941691
55698.787337,164039.400406,662.632691
55701.076042,164042.680929,662.227751
55697.591269,163053.961452,662.201180
55705.653451,163057.241975,661.446525
55707.942155,163060.522498,661.085756
55710.230859,163063.803022,660.717705
55712.519564,163067.083545,660.331769
55714.808268,163070.364068,659.861288
55975.246625,163047.474520,654.700713
55717.096973,163073.644591,659.395278
55715.370867,163077.287469,658.902147
55713.082163,163074.006946,659.355863
55710.793458,163102.726423,659.830633
55708.504754,163067.445900,660.260257
55706.216049,163064.165376,660.577906
55703.927345,163060.884853,660.920225
55701.638641,163057.604330,661.255324
55699.349936,163054.323807,661.566888
55697.061232,163051.043284,661.953615
55977.535329,163050.755043,654.268959
55694.772527,163068.905323,662.305287
55692.483823,163044.482238,662.379915
55690.195118,163041.201715,662.493255
55687.906414,163069.921192,662.598697
55685.617709,163034.640669,662.598697
55685.617709,163020.500000,662.701443
55683.329005,163031.360145,662.832346
55681.040300,163028.079622,662.873964
55678.751596,163024.799099,662.921367
55676.462891,163021.518576,663.060339
55674.174187,163018.238053,663.303986
55979.824034,163022.035566,653.733897
55671.885482,163014.957530,663.526988
55669.596778,163011.677007,663.789171
55667.308073,163008.396484,663.822943
55665.019369,163005.115961,663.853157
55662.730665,163001.835437,663.928492
55660.441960,162998.554914,663.901085
55658.211030,162995.338806,663.942906
55655.837130,162992.067332,663.890193
55653.575847,162988.713345,664.097415
55651.287142,162985.432822,664.435604
56860.860985,160080.918741,653.341937
56856.998438,160070.152299,664.772626
55646.694924,160066.903240,665.095614
55644.421029,162975.591253,665.223471
55642.132324,162972.310730,665.486751
55639.843620,162969.030206,666.050979
55638.451685,162967.645729,666.273408
55635.828810,162969.392561,665.890770
55638.117514,162972.673084,665.899458
55399.992004,162975.953608,658.519554
55394.694923,164667.937442,669.631812
56418.977982,164660.958967,653.288340
56420.983628,164646.514654,664.609849
56423.272332,164649.795177,664.262307
55695.625384,164653.075700,640.686156
55692.207383,164656.262767,640.673487
55694.138446,164659.636746,669.975318
55405.350420,164662.917269,663.449548
55658.715855,164666.197792,663.403466
55661.004559,164669.478315,663.417001
55663.293263,164034.262673,663.449106
55700.983800,164036.039362,663.391103
55833.069637,164049.678444,653.650345
55835.870672,164039.319885,663.157517
55670.159377,164042.600408,669.940044
55410.708836,164045.880931,662.579688
55674.736786,164049.161454,662.405292
55677.025490,164052.441977,662.184188
55679.314195,164055.722500,662.150932
55706.342216,164059.003023,662.087456
55707.891604,164062.283546,661.955849
55710.180308,163041.564070,661.861272
55688.469013,163044.844593,661.731135
56879.551366,165799.328030,655.718083
55975.809224,165806.397921,654.107876
55970.757717,165800.125116,657.061064
55973.046422,165803.405639,655.475115
55975.335126,163054.686162,661.307736
57147.912535,163061.247208,660.716614
57150.201240,163064.527731,660.402501
57150.201240,163067.808254,660.087057
57146.778648,163071.088778,659.704746
57149.067353,163074.369301,659.311509
57151.356057,163077.649824,658.875358
57149.520519,163019.117397,654.639734
55713.644762,163080.930347,658.491284
55719.918656,163084.573225,658.066066
55717.629952,163081.292702,658.421141
55715.341247,163078.012179,658.737171
55705.052543,163074.731656,659.130918
55702.763839,163103.451132,659.513020
55700.475134,163100.170609,659.806044
55698.186430,163096.890086,660.158207
57317.817630,163093.609563,660.480834
57317.609021,163090.329040,670.104191
57315.231815,163015.836874,655.083299
55691.320316,163023.048517,661.031983
55689.031612,163019.767994,661.184007
57022.184249,163016.487471,661.189970
57020.454203,163013.206948,661.115123
55682.165498,163009.926424,661.207020
57312.459214,163038.645901,661.278148
57317.588089,163035.365378,661.386040
57315.299385,163032.084855,661.403097
57313.010680,163028.804332,661.578187
55670.721976,163025.523809,646.996667
55537.436256,163012.556351,655.486868
55540.433271,163022.243286,649.536287
55538.144567,163018.962763,662.321291
55663.855862,163015.682240,662.661422
55661.567158,163012.401717,662.864147
55659.278454,163009.121193,662.967058
55656.989749,163037.840670,663.023704
55652.412340,163031.279624,663.035983
55650.123636,163027.999101,663.115485
55647.834931,163024.718578,647.752266
55646.654406,163009.275828,655.885486
55645.546227,162989.438055,663.716033
55643.257522,162986.157532,671.957758
55640.968818,162982.877009,671.931993
55638.680113,162979.596485,668.594384
55636.391409,162976.315962,662.969384
57154.268114,163003.710933,581.291645
57152.989710,162994.492816,581.327406
57153.809841,162990.967089,581.363167
57154.629972,163005.071521,581.273928
57155.450102,162992.361952,581.318214
57135.498826,162992.361952,591.280485
57132.270233,162979.143942,581.470450
55397.767724,162999.641979,662.255846
55397.767724,163002.922502,662.365373
55396.974939,163006.203025,662.385725
55399.263644,162977.483548,662.303978
55657.552348,162980.764071,662.281322
55659.841053,162984.044595,662.009629
55662.129757,162987.325118,662.093872
55664.418461,162990.605641,649.269953
55666.076997,163002.714782,656.827270
55666.707166,162993.886164,656.804173
55668.995870,162997.166687,660.882710
55671.284575,163000.447210,660.757661
55698.759521,163003.727733,660.690770
55699.861984,163007.008256,660.563280
55678.150688,164425.927508,660.624698
55680.439393,164421.569302,660.588944
55682.728097,164424.849826,660.606753
55685.016802,164428.130349,660.568473
55687.305506,164431.410872,660.503785
55959.788292,162999.434259,657.250040
55689.594211,162994.691395,660.341876
55691.882915,162997.971918,645.278314
55694.171620,163001.252441,645.353614
55688.460324,163004.532964,659.494868
55698.749029,163007.813487,667.252828
55701.037733,164639.813487,-784.206129
55701.037733,164614.374533,658.527947
55701.037733,164614.374533,657.959838
57133.038434,160173.793536,646.480549
57133.784876,160165.502053,646.444788
57130.177741,160176.578458,657.019526
57315.593350,160173.297935,657.103392
55701.600332,160170.017411,669.995805
55699.311628,160166.736888,658.289837
55697.022923,160163.456365,658.283181
55694.734219,160160.175842,658.528873
55692.445514,163045.201669,658.559275
55690.156810,163065.614796,658.623000
55955.210884,162992.873213,658.165721
55959.868105,163062.334273,654.200241
55957.579401,163059.053750,648.844991
55955.290696,163055.773227,648.833009
55953.001992,163052.492704,648.791447
57014.601554,163049.212180,648.871208
57012.424583,163045.931657,648.858732
55674.135878,163042.651134,648.757679
55671.847174,163678.876438,648.869715
55669.558469,163676.090088,659.972637
55667.269765,163672.809565,644.780863
55668.463250,162980.132804,644.790095
57131.398172,160406.100103,645.765329
57133.382260,160395.952555,666.769424
57132.562130,160401.264675,645.693807
57131.741999,160407.153277,645.658046
57130.921868,161032.208832,671.304970
57130.101737,161099.916893,671.336524
57129.281607,161850.290653,671.300763
57136.461476,161176.009339,645.515002
55646.671425,161147.284857,661.518003
55644.382720,161144.004334,661.563617
55950.633475,162986.312166,650.828537
55946.094016,162996.723811,661.903150
55639.805311,162996.723811,661.963656
55637.516607,162990.162765,663.383941
55635.227902,162986.882241,664.076129
55635.790501,162993.805642,662.255196
55638.079206,162997.086166,661.340855
55390.185028,163000.366689,660.850166
55642.656615,163003.647212,660.634270
55644.945319,163006.927735,660.621605
55647.234024,162978.208258,660.606003
55644.344770,162983.031643,659.004354
55641.372195,160928.022790,659.059554
57138.192326,160895.112012,645.595315
57139.012457,160834.939999,645.506076
55658.677546,160754.610874,659.743714
55660.966251,163029.891397,659.569473
55663.254955,163033.171920,659.332616
55665.543659,163036.452443,659.211290
55667.832364,163039.732966,659.167418
55670.121068,163011.013489,659.053938
55666.056066,162979.751120,659.036232
55400.901861,162982.294012,658.978268
55674.698477,162985.574535,658.993112
55676.987182,162988.855058,659.063331
55679.275886,162992.135581,659.120822
55681.564591,162995.416105,659.099831
55683.853295,162998.696628,659.031072
55686.142000,163001.977151,659.009464
55406.260277,163005.257674,658.879657
55402.719409,163072.538197,658.678416
55405.008113,163075.818720,658.420990
55943.767361,162976.470597,658.427887
55695.296818,162983.099243,658.035731
55697.585522,162986.379766,657.747981
55699.874227,162989.660289,657.464758
55702.162931,163088.940813,657.262635
55411.618693,163092.221336,656.990414
55706.740340,163095.501859,656.637400
55705.014235,163099.144737,656.164691
57017.735690,163095.864214,656.478087
55700.436826,163092.583690,656.718667
55698.148121,163089.303167,656.698872
55941.478657,162973.190074,656.726597
55695.859417,162958.022644,657.197065
55693.570712,162954.742121,662.678229
55691.282008,162951.461598,657.850850
55688.993303,162948.181075,657.754431
55686.704599,162944.900552,657.859113
55684.415894,162973.620029,644.233766
55682.127190,162390.913444,663.389943
57302.652239,162391.058983,663.415520
57301.549781,162387.778459,663.469069
57299.261076,162384.497936,663.412169
55939.189952,162969.909551,663.440420
55672.972372,162957.217413,657.765978
57007.018858,162953.936890,657.755132
55668.394963,163046.656367,657.873839
55666.106258,163043.375844,657.859685
55663.817554,163040.095321,657.806098
55661.528850,163068.814798,657.811348
55659.240145,163068.814798,657.753665
55656.951441,163062.253751,658.790420
55657.401026,163058.973228,658.955099
55652.374032,163055.692705,659.212018
55648.901248,162966.629028,671.123717
55650.085327,162956.412182,659.489979
57291.935406,162953.131659,659.668056
55645.507918,163013.851136,659.755149
55643.219214,163010.570613,659.741021
55640.930509,163039.290090,659.738353
55638.641805,163036.009567,659.642128
55636.353100,163000.729044,660.010654
55634.064396,162997.448520,660.099045
55632.338290,163001.091398,659.184911
55634.626995,163004.371922,658.857087
55934.612543,162963.348505,658.848714
55636.915699,162975.652445,658.858282
55639.204404,163010.932968,658.852682
55641.493108,163014.213491,658.863512
55643.781813,163017.494014,658.805489
55646.070517,163020.774537,658.626421
55648.359222,163024.055060,658.421133
55650.647926,163027.335583,658.134932
55652.936631,163030.616106,658.001395
55655.225335,163033.896629,657.846830
55657.514040,163037.177153,657.768305
55932.323839,162960.067982,661.008897
55659.802744,163957.164972,661.024688
55662.091449,163043.738199,661.088369
55664.380153,163047.018722,661.040296
55666.668857,163050.299245,661.040617
55668.957562,163053.579768,661.081228
55671.246266,163056.860291,661.041607
55673.534971,163060.140814,661.072850
55675.823675,163063.421337,661.040587
55678.112380,163066.701861,661.013711
55672.401084,163069.982384,661.062006
55674.174545,162976.852281,656.532903
55674.035134,162956.787459,661.621458
55682.689789,164163.304118,661.596947
55684.978493,163076.543430,661.580680
55687.267198,163079.823953,661.561728
55689.555902,163083.104476,656.131774
55691.844607,163086.384999,656.249421
55694.133311,163089.665522,656.601859
55404.035997,163092.946045,656.619218
55698.710720,163096.226568,644.164720
55700.999425,163099.507092,644.130057
55703.288129,163102.787615,655.527845
57122.376734,161348.433093,655.551146
57152.984615,161371.869446,655.132030
57158.695910,161368.588923,655.227349
55692.407206,163093.308400,655.229581
55690.118501,163090.027877,670.453752
55695.829797,163086.747354,670.390955
55685.541092,163083.466831,644.683535
55683.252388,163080.186308,664.313128
55680.963683,163076.905785,661.941577
55686.674979,163073.625262,661.920398
55925.457725,162950.226412,662.795096
55924.386274,163070.344738,662.854515
55674.097570,163067.064215,662.779380
55671.808865,163063.783692,662.812248
55669.520161,163060.503169,662.862757
55667.231456,163057.222646,662.814930
55664.942752,163053.942123,662.854489
55662.654048,163050.661600,662.850804
55660.365343,163047.381077,662.809322
55658.076639,163044.100554,662.798660
55655.787934,163040.820031,662.855921
55923.169021,162946.945889,663.218667
55653.499230,163037.539507,663.143154
55651.210525,163034.258984,663.193353
55648.921821,163030.978461,663.217351
55646.633116,163027.697938,663.171795
55644.344412,163024.417415,651.527538
55642.055707,163021.136892,640.868794
55647.767003,163017.856369,640.752995
55637.478298,163014.575846,640.825213
55635.189594,163011.295323,640.764171
55632.900889,163008.014799,640.847496
55921.442915,162950.588767,663.097496
-52457.129982,162968.017088,663.123077
-51530.597375,163005.096631,656.821247
-51532.886079,163008.377154,656.723932
-51535.174784,163011.657677,656.863458
-51529.463488,163014.938201,656.930804
-51539.752193,163018.218724,656.947231
-51542.040897,163021.499247,656.852720
-51536.329602,163024.779770,656.661870
-51546.618306,163028.060293,656.489012
-51548.907011,163031.340816,656.384193
-52155.294696,163017.869290,662.691091
-51551.195715,163034.621339,656.323243
-51545.484420,163037.901862,656.257081
-51555.773124,164142.690662,656.068254
-51558.061829,163044.462909,670.017186
-51552.350533,163047.743432,655.840475
-51554.755989,163068.476238,645.701999
-51555.576119,163065.694717,645.737760
-53052.396250,163050.582607,645.648521
-53053.216381,160537.851802,645.684282
-53054.036512,160526.170155,645.719068
-53027.287453,161305.630995,645.845043
-53054.856643,161291.350644,645.755804
-53055.676773,161296.636658,645.916565
-53048.496904,161296.611633,645.952326
-53049.317035,161296.567451,645.988087
55681.526282,161291.829186,656.317014
55683.814987,161295.109709,656.147594
55686.103691,163090.390232,655.876568
55688.392396,163093.670755,655.626682
55690.681100,163096.951278,655.298066
55928.309029,162960.430336,661.474898
55932.969805,163100.231801,655.081380
55695.258509,163103.512324,654.886531
55697.547214,163101.135910,654.623352
55693.532404,163075.155202,654.266705
55691.243699,163103.874679,654.479579
55912.969347,163103.874679,669.098881
55914.508619,165393.510343,669.086067
55918.718472,165384.355525,669.073252
55889.282620,165407.200707,669.060438
55892.914807,165385.915590,668.576996
56634.368791,165366.045889,668.547623
56633.972213,165356.891071,668.534809
56321.480766,165347.736254,669.021994
56322.960914,165338.581436,669.009180
55414.608747,165329.426618,671.069448
55410.975808,165320.271800,671.108550
55414.546829,165311.116982,668.970736
55414.150971,165292.807346,668.945107
55413.342136,165283.652528,668.932292
55410.071262,165274.497710,668.919478
55991.990403,165267.545751,668.589810
56600.769907,165265.342893,668.531663
56603.024572,165256.188075,668.893849
56604.681288,165247.033257,668.881034
56273.083602,165237.878439,668.993220
56279.873246,165228.723621,668.980405
56288.605735,165219.568803,668.967591
56293.027953,165210.413985,668.954776
56300.012883,165201.259167,668.941961
56309.188654,165192.104349,668.929147
56316.512175,163571.080061,668.916332
56320.982452,163562.623216,668.615515
56359.093635,163561.987112,668.611729
56578.306705,163573.794714,668.778518
56313.929306,165164.639896,668.765703
56302.433137,165155.485078,668.752889
56296.167909,165139.425838,668.754304
56238.199678,165148.580656,668.767119
56234.634818,165157.735474,668.779933
56251.310850,165166.890292,668.792748
56261.052024,165176.045110,668.805562
56262.300597,164147.181431,668.818377
56256.587923,165194.354745,668.831191
56249.094790,165194.022873,668.615439
56250.325685,165203.509563,-710.299397
56252.976745,165203.509563,-718.729375
55668.428738,165214.626572,-718.614206
55667.743504,163041.907095,-718.511057
55646.032209,163045.187618,-718.557173
55648.320913,163048.468141,-720.996378
55650.609618,163051.748664,-718.204770
55652.898322,163055.029188,-718.289224
55655.187027,163058.309711,-718.527779
55651.764436,163064.870757,-719.228772
55939.752551,162976.832952,-723.595987
55662.053140,163004.151280,-719.433662
55664.341844,163071.431803,-719.574356
55666.630549,163074.712326,-719.629497
55668.919253,163077.992849,-719.611703
55671.207958,163081.273372,-719.519929
55673.496662,163084.553895,-719.434186
55675.785367,163087.834419,-719.301013
55678.074071,163091.114942,-719.112399
55680.362776,163094.395465,-718.883522
55682.651480,163097.675988,-718.517761
55942.041256,162980.113475,-723.346881
55684.940185,163004.956511,-718.175096
55687.228889,163104.237034,653.978884
55681.537178,163107.517557,653.859621
56159.958150,165379.701499,669.114527
56179.369875,165402.546681,669.101712
56203.486963,165393.391863,669.088898
56221.876996,165352.237046,669.076083
56237.830037,165375.082228,669.063269
56247.599998,165333.927410,669.050454
56253.712601,165313.319841,668.653883
56253.985425,165324.772592,669.037640
56261.843367,165315.617774,669.024825
56266.979833,165338.462956,669.012010
56267.522102,165297.308138,669.124196
56260.880698,165288.153320,668.986381
56244.668090,165251.534049,668.935123
56157.341118,165242.379231,668.922309
56155.177607,165221.442283,668.909494
56167.263847,165221.442283,976.978794
56170.741908,165214.914777,976.883865
56179.626631,165194.165917,988.666697
56108.009300,165196.605141,659.108236
56188.342964,165178.295506,659.082607
56197.600920,165169.140688,659.069792
56203.491077,165159.985870,659.056978
56206.009406,165150.831052,668.794163
56201.341145,165272.094080,668.862797
56206.457827,165281.248898,640.237797
56481.002809,163075.437036,829.344959
56484.889634,163078.717559,829.286878
55948.907369,163085.955044,829.307962
55663.178338,163081.998082,829.354882
55665.467042,163085.278605,829.305101
55667.755747,163088.559128,829.299244
55670.044451,163091.839651,812.071338
55381.287910,163095.120175,801.226857
55378.621860,163098.400698,801.226870
55676.910565,163101.681221,801.163138
55668.318346,163095.482529,801.231987
55666.029641,163092.202006,831.782877
57277.679872,163088.921483,811.810128
57279.196074,162993.235568,811.787952
55661.452233,162989.640960,811.766592
55659.163528,163082.360437,811.782852
55656.874824,163079.079914,811.818179
55654.586119,163101.014841,816.556219
55652.297415,163072.518868,816.517072
55648.282605,163072.881223,813.614840
55650.571309,163076.161746,813.919873
55652.860014,163079.442269,814.106144
55655.148718,163082.722792,814.083391
55649.437423,163086.003315,813.937756
55649.484778,162996.516091,825.431714
56249.888524,162993.283838,813.702906
55662.014832,162996.564361,813.484582
55655.711317,162993.646193,813.427085
55653.422613,163086.365670,813.562210
55651.133908,163083.085147,813.735669
55648.845204,163079.804624,813.574315
55646.556499,163076.524100,813.395502
55641.835245,162955.649506,825.026458
55654.077556,162957.020555,825.752745
55650.319867,162958.391603,666.445151
55651.773483,162999.796614,657.558358
55649.371384,162960.113634,666.756476
55642.804489,162961.133701,667.089480
55639.284319,162963.033279,667.048413
55635.891306,162965.151644,666.727749
55632.498294,162967.270008,666.521500
55632.156584,162963.391181,667.210239
55635.651327,162961.175343,667.205693
55639.044339,162959.056979,667.509389
55642.704864,162957.444356,667.823283
55646.462553,162956.073307,667.443108
55973.597136,162970.291235,656.676602
55974.062187,163003.077137,640.753782
55970.220242,162954.702259,666.780781
55973.977931,162953.331210,665.943949
55657.735620,162951.960161,665.047427
55631.814604,162965.664408,666.988671
55633.630452,162968.676185,666.147899
55633.946607,162971.057200,666.158887
55634.369007,162974.754101,665.220244
55634.477856,162945.917901,665.028861
55634.461256,162981.912702,664.596767
55634.523055,162984.731552,664.395942
55960.350891,163006.357660,664.435766
55962.882455,162988.663453,663.899053
55635.143604,162991.682204,662.982567
55634.343599,162995.385481,661.592753
55632.436343,162998.525059,660.060288
55637.763988,163001.624337,658.568693
55627.799480,163003.566604,657.545640
55625.029672,163006.354370,656.198656
57037.686906,162976.014687,655.389254
55962.639596,163009.638183,656.188807
55964.928300,163012.918706,655.819534
55967.217005,163016.199229,655.451561
55969.505709,163019.479752,655.025041
55971.794414,163022.760275,654.493213
55974.083118,163026.040799,653.963736
55968.371823,163029.321322,653.553761
55978.660527,163032.601845,653.279447
55971.308432,161538.742281,653.650205
55968.934422,161564.244723,653.319592
55974.645717,163032.964200,653.303079
55972.357013,163029.683677,653.910209
55970.068308,163026.403153,654.387613
55975.779604,163023.122630,654.891068
55965.490899,163019.842107,655.370346
55963.202195,163016.561584,655.758343
55960.913490,163013.281061,656.116062
55958.624786,163010.000538,656.537359
55956.336082,163006.720015,656.501545
55969.019727,162963.730189,656.566367
55954.047377,163003.439492,657.419581
55951.758673,163000.158969,657.808165
55949.469968,163004.706556,656.571120
55947.181264,162993.597922,658.632332
55944.892559,162990.317399,658.973323
55942.603855,162987.036876,658.989920
55940.315150,162983.756353,658.883035
55938.026446,162980.475830,659.619918
55943.274477,162985.960141,668.616855
55942.731023,162960.449666,657.132386
55931.160332,162970.634261,656.452958
55928.871628,162967.353738,656.378926
55926.582923,162964.073214,661.347950
55924.294219,162960.792691,661.950148
55922.005514,162957.512168,662.537913
55919.716810,162954.231645,663.053551
55915.702000,162954.606645,-610.275282
55915.702000,162957.874523,-630.968177
55912.279409,162961.155046,-630.392065
55922.568113,162964.435569,-629.831004
55964.442318,162957.169143,-625.116750
55924.856818,162967.716092,-625.034299
55927.145522,162970.996616,660.844763
55922.474352,162974.277139,660.559812
55922.483293,162977.557662,660.271360
55922.492233,162980.838185,660.280719
55936.300340,162984.118708,660.263240
55938.589045,162987.399231,660.308304
55940.877749,162990.679754,660.281400
55943.166454,162993.960277,658.432911
55668.520487,162997.240800,658.420623
55962.153614,162965.240800,659.295623
56394.184757,162954.183498,668.720786
56394.554815,163003.801847,658.014889
55952.321272,163007.082370,658.015120
55954.609976,163010.362893,658.122123
55956.898681,163013.643416,658.042747
55959.187385,163016.923939,656.020912
55961.476089,163020.204462,655.661647
55963.764794,163023.484985,655.247718
55966.053498,163026.765508,654.789342
55960.342203,163030.046031,654.329292
55962.315081,162950.449084,656.645374
55967.864909,162950.608097,657.095315
55970.630907,162969.326554,653.995405
55972.919612,162972.607078,653.647136
55975.208316,163039.887601,653.348991
55971.193506,163040.249956,653.633830
55968.904802,163068.969432,653.906058
55966.616097,163065.688909,654.301121
55964.327393,163062.408386,664.320191
55962.038688,163059.127863,668.307128
57279.995900,163055.847340,668.254449
55957.461280,163052.566817,668.275924
55958.715805,162948.159173,657.791800
55955.172575,162953.286294,656.273389
55952.883871,162950.005771,670.643801
55958.595166,163010.725248,670.727534
55956.306462,163007.444725,670.738520
55946.017757,163004.164201,657.886437
55943.729053,163000.883678,658.235167
55941.440348,162997.603155,658.632224
55939.151644,162994.322632,659.018913
55936.862939,162991.042109,659.348301
55942.574235,162987.761586,659.652622
55956.396351,162979.897050,658.098875
55932.285530,162984.481063,659.923972
55929.996826,162981.200540,659.889773
55927.708121,162977.920017,660.718529
55925.419417,162974.639493,660.694159
55923.130712,162971.358970,661.204485
55920.842008,162968.078447,661.674720
55918.553303,162964.797924,662.239176
55916.264599,162961.517401,662.816604
55913.975895,162958.236878,663.347121
55911.687190,162954.956355,663.847434
55951.551146,162946.926577,663.859279
55909.961085,162958.599233,663.672376
55912.249789,162961.879756,663.164631
55914.538494,162965.160279,662.586127
55916.827198,162968.440802,662.027750
55919.115902,162971.721325,661.538722
55921.404607,162975.001848,661.108303
55923.693311,162978.282371,656.877375
55925.982016,162981.562895,666.277234
55920.270720,162984.843418,666.278648
55930.559425,162988.123941,659.873711
55940.177423,162930.517313,659.844422
55932.848129,162927.404464,659.803762
55935.136834,162994.684987,659.860303
55937.425538,162997.965510,658.850406
55939.714243,163001.246033,658.838408
55942.002947,163004.526556,658.790640
55944.291652,163007.807079,668.921061
55946.580356,164630.426237,649.575815
55948.869061,163014.368126,656.948796
55951.157765,163017.648649,656.917850
55953.446470,163020.929172,656.095143
55957.569186,163010.364882,656.112480
55955.735174,163024.209695,655.705815
55958.023879,163027.490218,655.330949
55960.312583,163030.770741,654.989194
55962.601287,163034.051264,654.537494
55964.889992,163037.331787,654.147538
55967.178696,163008.612310,653.759263
55969.467401,163011.892834,653.374727
55965.452591,163044.255188,653.479012
55963.163886,163040.974665,653.868109
55960.875182,163069.694142,654.288502
55962.392995,163044.028728,658.310964
55958.586478,163066.413619,654.664757
55956.297773,163063.133096,655.136142
55954.009069,163059.852573,655.501329
55959.720364,163056.572050,655.865378
55957.431660,163053.291527,656.251327
55955.142955,163050.011004,656.690087
55944.854251,163014.730480,656.703160
55942.565546,163011.449957,644.927723
55940.276842,163008.169434,644.968038
55937.988137,163036.888911,644.984777
55955.850100,162950.970451,657.482547
55935.699433,163001.608388,657.407156
55933.410728,162998.327865,659.088862
55931.122024,162995.047342,642.351863
55928.833319,162991.766819,642.267765
55926.544615,162988.486296,660.061429
55924.255910,162985.205773,660.359193
55921.967206,162981.925249,660.739621
55922.436244,162978.644726,661.067745
55925.389797,162975.364203,661.384521
55923.101093,162972.083680,661.818967
55958.138804,162954.250974,657.390087
55912.812388,162968.803157,662.336278
55914.400483,162965.522634,662.885930
55908.234979,162962.242111,663.431176
55904.220169,162962.604466,663.588651
55906.508874,162965.884989,663.137818
55908.797578,162969.165512,662.570666
55911.086283,162972.446035,662.050117
55913.374987,162975.726558,661.605743
55915.663692,162979.007081,661.274169
55917.952396,162982.287604,660.978782
55960.427508,162957.537604,569.770659
56614.228716,162953.789528,572.675190
56591.018427,162953.825289,572.688005
56569.226589,162953.861050,572.700819
56549.914095,162953.896811,572.713634
56523.667248,162953.932572,572.726448
56499.320782,162967.893309,572.739263
56473.687858,162945.048127,572.752077
56446.914678,162954.202945,572.764892
56423.534595,162954.202945,572.777706
56399.793287,162954.578557,572.535945
56371.604369,162954.864852,572.565672
56372.331149,162954.111377,572.790521
56372.247526,162954.147138,572.803335
56342.474007,162954.147138,572.816150
56318.285469,162967.977034,572.828965
56293.754981,162954.254421,572.841779
56269.355918,162954.290182,572.854594
56238.274537,162963.441488,572.867408
56210.223396,162972.596306,572.880223
56186.286926,162954.397465,572.893037
56163.497241,162954.334734,572.894453
56165.110622,162954.453202,572.578486
56405.610968,162956.537066,572.881638
56184.320865,162947.382248,572.993824
56210.347241,162970.227430,572.856009
56241.340488,162970.227430,572.843195
56269.787161,162951.917795,572.830380
56294.891217,163523.322037,572.817565
56321.145837,163541.608159,572.804752
55939.113335,163018.735713,832.242757
55936.824631,163015.455190,845.544023
56969.197129,163012.174667,849.733674
56975.293622,163031.373067,849.328352
56972.247222,163008.894144,849.353412
56969.958517,163005.613621,849.371979
55927.669813,163002.333098,848.074199
55925.381108,162999.052575,848.106516
55923.092404,162995.772052,853.086629
55920.803699,162992.491528,839.804966
55926.514995,162989.211005,839.756172
55916.226290,162985.930482,839.824142
55913.937586,162982.649959,853.138745
55911.648882,162979.369436,853.414085
55701.075549,163002.653590,849.262909
55909.360177,162976.088913,853.792785
55907.071473,163004.808390,853.769425
55904.782768,162969.527867,854.755459
55902.494064,162966.247344,854.783236
55898.479254,162966.609698,844.939767
55900.767958,162969.890222,854.942281
55903.056663,162973.170745,854.446432
55905.345367,162976.451268,853.987763
55907.634072,162979.731791,853.557911
55909.922776,162983.012314,853.239272
56286.983894,163005.934113,849.077585
56280.211481,162986.292837,849.063851
55914.500185,162989.573360,849.032718
55916.788889,162992.853883,849.030774
55919.077594,162996.134406,849.094162
55921.366298,162999.414930,849.030333
55923.655003,163002.695453,833.069917
55925.943707,163005.975976,850.690699
55928.232412,164161.663701,850.736625
55930.521116,164164.537022,862.170629
55932.809821,163015.817545,862.137710
55974.159735,162977.214636,848.803651
55975.098525,163019.098068,848.796225
55937.387230,163022.378591,848.812909
55939.675934,163025.659114,848.855767
55941.964639,163028.939637,848.842961
55944.253343,163032.220161,847.177258
55946.542048,163035.500684,846.712904
55948.830752,163038.781207,846.267725
55951.119457,163010.061730,845.837360
55953.408161,163045.342253,653.469719
55949.393351,163045.704608,653.344500
55410.800585,163044.495159,656.461030
55947.104647,163042.424085,653.757021
55944.815942,163071.143562,654.184468
56966.972849,163067.863039,654.641599
55940.238533,163064.582515,655.137397
55937.949829,163061.301992,655.539143
55935.661124,163058.021469,652.144446
55933.372420,163054.740946,652.219951
55931.083715,163051.460423,652.220483
55928.795011,163048.179900,665.168807
55934.506306,163012.899377,663.130005
55929.943921,163023.985025,-905.815900
55928.404713,163009.813458,-905.780139
55933.653158,163028.396258,-905.744378
55934.764452,160589.042256,-905.708617
57133.944321,160576.109927,-905.672856
57133.124190,160582.669576,-905.637095
57132.304060,160585.136052,-905.726334
57131.483929,160579.143176,-905.565573
57130.663798,160605.588120,-905.529812
57129.843667,161110.248657,-905.494051
57129.023536,161211.078839,-905.453529
57135.167047,161211.078839,-905.458290
57128.203406,161325.809701,-905.422529
57127.383275,161444.866301,-905.386768
57126.563144,161570.015288,-905.351007
57125.743013,161698.551892,-905.288276
57125.833602,161747.177949,-905.324037
57126.653733,161624.565668,-905.359798
57127.473864,161488.491581,-905.270559
57128.293994,161366.523128,-905.431320
57129.114125,161259.227841,-905.467081
57129.934256,161139.975937,-906.739290
57131.584182,161134.758086,-905.502842
57130.754387,161132.341786,-905.538603
57131.574517,161128.465045,-905.574364
57132.394648,161133.953931,-905.610125
57133.214779,161147.542738,-905.645886
57134.034910,160671.550551,-905.681647
57134.855041,163665.464309,-905.717408
57135.675171,160485.689431,-905.628169
57135.189435,160485.689431,-905.788930
57129.315433,160511.177020,-905.788378
57138.135564,165829.198313,-905.862393
57139.166819,165840.875540,-906.775051
57140.404313,165838.037880,-905.860452
57138.955694,160007.197057,-905.896213
57139.775825,160002.431612,-905.931974
57140.595956,160034.142292,-905.967735
57141.416087,160057.699465,-906.003496
57142.236218,160047.082816,-906.039257
57143.056348,160046.549632,-906.075018
57143.876479,160046.084495,-906.110779
57136.696610,160045.625337,-906.048047
57136.787199,160045.455203,-906.012286
57143.967068,160045.938340,-906.810812
57133.224444,160045.417983,-905.976525
57135.146937,160046.478613,-905.940764
57134.326806,160046.478613,-905.905003
57141.506676,161995.202130,-905.994242
57140.686545,162009.511444,-905.833481
57139.866414,161996.597403,-905.797720
57139.046283,161998.985521,-905.761959
57138.226152,162000.456632,-905.636959
57328.507402,161989.624087,-925.919714
57332.187982,161986.343563,-911.637830
57329.899278,162015.063040,-924.908230
57332.454561,162011.821176,-909.200965
57335.610573,163003.782517,-913.309964
57333.321869,163000.501994,-913.303819
55907.033164,162997.221471,-902.652616
55904.744460,162993.940948,-902.744860
55902.455755,162990.660425,-915.146299
55900.167051,162987.379902,-905.333973
55897.878346,162984.099379,-917.595577
55903.589642,162980.818855,-909.508567
55901.300937,162977.538332,-923.440090
55899.012233,162974.257809,-900.973571
55850.459308,162968.540653,-909.671853
55848.723528,162970.977286,-909.656413
55886.434824,162967.696763,-909.681910
55882.420014,162968.059118,-919.952758
55884.708718,162971.339641,-919.573207
55886.997423,162974.620164,-919.149595
55881.286127,162977.900687,-918.679554
55883.574832,162981.181210,-918.178958
55885.863536,162984.461733,-917.731368
55896.152241,162987.742257,-917.657435
55898.440945,162991.022780,-917.733285
55983.877152,162997.260130,-910.220189
55980.729650,162994.303303,-910.228393
55903.018354,162997.583826,-927.815422
55897.307059,163000.864349,-908.028104
55899.595763,163004.144872,-904.843195
55901.884468,163007.425395,-917.171446
55896.173172,163010.705918,-917.241344
55914.461877,163013.986441,-917.153334
55916.750581,163017.266964,-915.183724
55919.039285,163020.547488,-915.243040
55921.327990,163023.828011,-915.217953
55981.588448,162993.979607,-910.855292
55979.616694,162995.108534,656.150251
55925.905399,162998.389057,656.153067
55928.194103,163001.669580,655.081036
55930.482808,163004.950103,654.478932
55932.771512,162976.230626,653.866486
55935.060217,163043.511149,653.299498
55931.045407,163043.873504,653.211139
55928.756702,163040.592981,653.850695
55934.467998,163069.312458,654.511832
55924.179293,163066.031935,655.165568
55979.299743,163054.699083,655.513786
55921.890589,163062.751412,655.743146
55927.601884,163059.470889,656.211928
55917.313180,163056.190366,656.662057
55915.024476,163052.909842,657.200006
55912.735771,163049.629319,657.646267
55913.587199,160294.856963,-553.564974
57138.382303,163007.787750,666.686605
57143.580953,163004.507227,645.823992
57141.292249,163001.226704,645.827493
55977.011039,162987.418560,656.146290
55899.003544,162997.946181,653.074959
55896.714840,162994.665658,653.120114
55894.426135,162991.385135,653.101078
55892.137431,162988.104611,661.406001
55889.848726,162984.824088,661.841531
55895.560022,162981.543565,662.283537
55885.271317,162978.263042,662.744127
55882.982613,162974.982519,663.188343
55880.693908,162971.701996,663.604565
55878.405204,162968.421473,664.013941
55878.722334,162984.138037,656.692856
55874.390394,162968.783828,656.645806
55876.679098,162972.064351,656.638431
55878.967803,162975.344874,663.229600
55881.256507,162978.625397,662.798978
55883.545212,162981.905920,662.352159
55885.833916,162985.186443,661.903426
55327.390933,162988.466966,661.448059
55322.411325,162991.747489,661.398957
55892.700030,162995.028012,661.419932
55894.988734,162998.308536,661.478793
55972.433630,162980.857514,657.127363
55969.277439,163001.589059,657.195860
55899.566143,163004.869582,657.150023
55901.854848,163008.150105,657.126386
55904.143552,163011.430628,657.187927
55906.432257,163014.711151,658.271984
55908.720961,163017.991674,658.323918
55911.009666,163021.272197,658.310049
55913.298370,163024.552720,651.001895
55915.587075,163027.833244,658.403454
55917.875779,163031.113767,658.453443
55975.416947,162962.512679,656.580925
55970.144925,162945.576991,657.479111
55968.164483,163034.394290,657.419627
55922.453188,163037.674813,654.641124
55924.741892,163008.955336,653.932358
55923.015787,163044.598214,653.348007
55920.727082,163041.317691,654.104981
56944.224763,163055.420302,617.654078
57141.869030,163062.679874,617.618317
57141.048900,163064.198181,617.582556
57140.228769,163044.262866,618.497753
57143.574117,160162.556827,618.421795
57139.408638,160160.166443,617.511034
57138.588507,160176.488986,617.475273
57140.128742,163011.792983,658.621057
55897.840038,163008.512460,658.529140
55895.551333,163037.231937,652.369444
55893.262629,163001.951414,652.348711
55890.973924,162998.670890,652.356195
55888.685220,162995.390367,652.296395
55886.396515,162992.109844,661.017560
55965.567516,162971.015945,657.721250
55884.107811,162956.829321,661.491749
55881.819106,162985.548798,661.952951
55887.530402,162982.268275,662.406925
55885.241697,162978.987752,662.836637
55882.952993,162975.707229,663.253064
55872.664289,162972.426706,663.634585
55870.375584,162969.146183,663.935383
55866.360774,162969.508537,663.739131
55868.649479,162972.789060,663.556433
55870.938183,162944.069584,663.218557
55963.278812,162967.735422,657.691512
55873.226888,162979.350107,662.841342
55875.515592,162982.630630,655.602947
55877.804296,163004.663715,662.001888
55872.093001,162989.191676,661.554369
55882.381705,162992.472199,661.056533
55884.670410,162995.752722,661.002530
55886.959114,162999.033245,661.097659
55889.247819,163002.313768,661.078175
55891.536523,163005.594292,646.799195
55893.825228,163008.874815,657.397984
55549.467511,163028.454899,657.656563
55896.113932,163012.155338,655.790997
55898.402637,163015.435861,646.543329
55900.691341,163018.716384,658.308639
55902.980046,163021.996907,657.776570
55897.268750,163025.277430,657.199376
55907.557455,163028.557953,656.666337
55909.846159,163031.838476,656.137345
55912.134864,163035.118999,655.603070
55914.423568,163038.399523,654.978478
55916.712272,163041.680046,654.340603
55918.701403,162961.174376,657.730341
55919.000977,162948.960569,653.636293
55914.986167,162949.322924,653.980711
55912.697463,162946.042401,653.999879
55910.408758,162974.761877,653.990342
55908.120054,162971.481354,655.827429
55905.831349,162968.200831,656.339107
55911.542645,162964.920308,656.315804
55901.253940,162961.639785,657.405550
55898.965236,163022.359262,658.014012
55896.676531,163019.078739,658.530454
55956.412699,162957.893852,657.741951
55894.387827,162951.798216,658.956249
55892.099122,162948.517693,659.283723
55889.810418,163009.237169,659.313180
55895.521713,163005.956646,659.258967
55885.233009,163002.676123,660.066746
55882.944304,162999.395600,660.303514
55880.655600,162996.115077,660.289089
55878.366895,162992.834554,661.150377
55876.078191,162989.554031,661.599699
55873.789487,162986.273508,661.989916
55954.123994,162954.613329,657.820232
55871.500782,162982.992985,662.401672
55869.212078,162979.712462,662.407496
55866.923373,162976.431938,663.069740
55864.634669,163005.151415,663.288038
55862.345964,162969.870892,670.592000
55860.057260,162966.590369,670.546246
55853.753745,162963.672201,663.797580
55856.042450,162966.952724,663.532566
55858.331154,162970.233247,663.311683
55860.619859,162973.513770,663.079069
55951.835290,162951.332806,658.048171
55862.908563,162944.794293,654.263244
55602.500506,164883.153003,654.311884
55867.485972,162983.355340,654.282279
55869.774677,162986.635863,654.312914
55872.063381,162989.916386,654.320835
55874.352085,162993.196909,654.329394
55876.640790,162996.477432,654.362319
55878.929494,162999.757955,654.344954
55881.218199,163003.038478,654.319332
55883.506903,163006.319001,654.330909
55949.546585,164877.384483,654.305303
55885.795608,163009.599524,654.362445
55888.084312,163012.880047,654.297188
55890.373017,163016.160571,664.051653
55892.661721,163019.441094,656.922458
55894.950426,163022.721617,642.953651
55889.239130,163026.002140,642.916824
55899.527835,163029.282663,657.148983
55901.816539,163032.563186,656.602149
55904.105244,163035.843709,656.086061
55906.393948,163039.124232,655.559102
55910.760643,163023.724956,656.560652
55947.134681,162945.942160,659.110275
55908.682653,163042.404755,654.959486
55910.971357,163045.685278,654.314138
55913.260062,163048.965802,653.622513
55911.533956,163052.608680,653.345579
55909.245252,163049.328156,654.028623
55906.956547,163046.047633,654.681464
55904.667843,163042.767110,655.301050
55902.379138,163071.486587,655.905973
55900.090434,163068.206064,656.392306
55897.801729,163064.925541,656.902163
55944.661176,162945.002437,659.954367
55895.513025,162965.645018,657.430518
55893.224320,162962.364495,658.010111
55890.935616,163023.083972,658.393020
55888.646911,163019.803449,658.820429
55894.358207,163016.522925,659.262027
55884.069502,163013.242402,659.525141
55881.780798,163009.961879,659.775061
55879.492093,163038.681356,659.965077
55877.203389,163035.400833,660.097273
55874.914684,163032.120310,660.406751
55937.228822,162937.656314,663.221936
55936.625980,162996.839787,660.787935
55942.337276,162993.559264,661.212507
55940.048571,162990.278741,661.518033
55865.759867,162986.998217,661.821180
55863.471162,162983.717694,662.087131
55861.182458,162980.437171,662.321673
55858.893753,162977.156648,662.593436
55856.605049,162973.876125,662.898527
55854.316344,162970.595602,663.141003
55852.027640,162967.315079,663.425835
55938.851767,162934.252591,663.839483
55849.738935,162964.034556,663.762108
-57060.301284,162957.741683,663.816861
-56834.723440,162957.741683,663.829675
-56812.684642,162957.741683,663.842490
-56789.467857,162952.660961,668.605305
-56767.008960,162952.660961,668.618119
-56749.401030,162971.515773,668.505934
-56726.908485,162948.670591,668.643748
-56707.702268,162948.670591,668.643748
-56704.014768,162984.080049,661.851757
55939.304263,162932.234868,664.132274
55861.745057,162987.360572,661.673049
55864.033761,162990.641095,661.447022
55866.322466,162993.921619,661.187237
55868.611170,162997.202142,660.871340
55870.899875,163000.482665,660.479726
55873.188579,163003.763188,660.163319
55875.477283,163007.043711,659.906895
55877.765988,163010.324234,659.739313
55880.054692,163013.604757,659.548737
55882.343397,163016.885280,659.240401
55935.699357,161429.541269,663.514746
55932.632101,163020.165803,658.924656
55934.920806,163023.446326,658.513358
55889.209510,163026.726850,658.076191
55891.498215,163030.007373,657.619423
55893.786919,163033.287896,657.165869
55896.075624,163036.568419,656.650183
55898.364328,163039.848942,656.154154
55900.653033,163043.129465,655.653168
55902.941737,163046.409988,655.039757
55905.230442,163049.690511,654.401701
55749.750202,162994.769584,662.338155
55747.519146,162988.971034,653.754459
55745.793041,162992.613912,653.386471
57217.110056,162989.333389,654.089915
57221.215632,162986.052866,654.723834
57218.926927,163046.772343,655.319126
57216.638223,163043.491820,655.866368
58644.060814,163054.278085,656.807684
58641.772109,163065.650251,671.652159
59259.751640,163062.369728,657.698911
58509.815347,163071.301192,661.223061
58509.194700,163059.089204,658.192701
58506.905996,163055.808681,661.654005
58504.617291,163052.528158,653.311505
58964.118259,163049.247635,659.294370
58964.039882,163045.967112,659.489680
58965.201626,163042.686589,663.107763
59254.393224,163687.952854,664.348684
59253.173769,163708.125543,664.363277
57914.885065,163704.845020,660.543233
57912.596360,163701.564497,660.603714
57914.525646,162945.534515,654.187959
58958.759843,162962.283973,647.173588
58956.018951,162959.003450,661.287102
58953.730247,162955.722927,666.371422
55855.441542,162952.442404,661.584624
55853.152838,162949.161881,650.311924
55850.864133,162945.881358,662.157508
55848.575429,163481.813708,662.485396
55846.286724,163483.320312,662.855010
55843.998020,163480.039789,663.246588
55841.709315,163476.759265,663.224798
55945.531775,163460.414638,661.794178
55839.420611,163473.478742,663.971169
55835.405801,163473.841097,663.934907
55837.694505,163477.121620,663.495679
55839.983210,163480.402143,663.093318
55877.610079,163483.682667,640.272568
55876.560619,163486.963190,641.305917
55878.849323,163458.243713,661.878846
55849.138028,163461.524236,660.110718
55851.426732,163464.804759,654.062643
55853.715437,163468.085282,660.430164
55972.471938,163468.444433,654.814511
56274.042782,163463.695161,658.702159
55297.060150,163471.365805,661.099866
55298.292846,163474.646328,660.927659
55300.581550,163477.926851,640.247514
55302.870255,163481.207374,646.425750
55592.693531,163484.487898,646.484095
55867.447664,163487.768421,660.002189
55302.418566,163462.329467,647.049641
55298.313777,163465.609990,647.069788
55876.602481,163468.890513,647.100266
55878.109184,163466.975684,658.389825
55878.891186,163472.171036,668.188603
55598.051947,163475.451559,658.265922
55595.468595,163478.732082,657.816129
55597.757299,163482.012606,657.351659
55307.776982,163485.293129,656.917977
55306.334708,163456.573652,656.463487
55308.623413,163459.854175,655.970364
55894.912117,163463.134698,655.477367
55889.200822,163466.415221,654.961298
56189.318708,163469.695744,654.277313
55952.397889,163470.256207,658.223786
55957.778231,163472.976267,653.644939
55953.763421,163473.338622,653.748403
57209.527360,163470.058099,653.681380
55893.186012,163466.777576,655.007223
55890.897307,163463.497053,655.539857
55888.608603,163460.216530,656.014230
55894.319898,163040.936007,656.526348
55892.031194,163069.655483,657.000001
55889.742489,163066.374960,657.417192
57204.168944,163063.094437,657.906776
55983.767818,163057.536730,658.170386
55981.165080,163059.813914,658.301057
55874.876376,163056.533391,645.556811
55872.587672,163053.252868,659.002398
55870.298967,163049.972345,659.093016
55868.010263,163046.691822,659.093199
55865.721558,163043.411299,659.078397
55863.432854,163040.130776,642.377077
55861.144149,163033.664629,662.364760
55858.855445,163033.569729,647.962583
55856.566740,163030.289206,652.598982
56569.676163,163028.817254,658.048338
55854.278036,163027.008683,660.703998
55851.989331,163023.728160,660.709394
55849.700627,163020.447637,649.826955
57193.452112,163017.167114,642.453961
57197.123218,163013.886591,646.731584
57194.834513,163010.606068,646.743644
55840.545809,163039.325545,662.097145
55793.002813,163039.325545,662.509843
55793.679695,163029.483975,669.973234
57155.584508,163032.097777,658.040432
55831.390991,163026.203452,646.561926
55827.376181,163026.565807,646.528295
55829.664886,163029.846330,646.610783
55831.953590,163033.126853,646.515024
55834.242294,163036.407376,671.759470
55836.530999,163039.687899,660.672842
55838.819703,164599.916157,648.102014
55579.752419,164582.248946,660.978802
55579.397112,164585.529469,662.013564
55581.685817,164588.809992,660.591226
55961.552706,164603.378300,658.076397
55967.974521,164592.090515,658.032565
55875.385800,164595.371038,659.829170
55876.551930,164598.651561,660.337464
55874.182971,164601.932084,670.817644
55585.110835,164605.212607,670.771543
55587.418044,163966.241388,670.773783
55861.706748,163011.773654,669.322761
55863.995453,163015.054177,669.289705
55866.284157,163018.334700,668.574306
55868.572862,163021.615223,650.483471
56279.401199,163038.658823,658.054283
56278.861566,163024.895746,658.093528
55873.150271,163028.176269,658.363233
55875.438975,163031.456792,657.949317
55877.727679,163034.737315,657.517584
55872.016384,163038.017838,657.009539
55882.305088,163041.298361,656.573217
55884.593793,163044.578885,656.050446
55886.882497,163047.859408,655.533121
55889.171202,163051.139931,655.050312
55891.459906,163054.420454,654.477345
55966.130115,162977.939346,653.596671
55965.748611,162993.700977,653.848097
55889.733801,162994.063332,653.872921
55887.445096,162990.782809,654.528525
55885.156392,163051.502286,654.586160
55882.867687,163048.221763,653.102899
55880.578983,163044.941239,666.927428
56906.311284,163041.660716,666.879773
56908.001574,163425.329464,663.141082
56905.712870,163451.099670,663.206502
55871.424165,163447.819147,648.478445
55864.418820,162981.219869,651.956600
55869.135461,162996.538624,644.380365
55866.846756,162993.258101,658.753070
55864.558052,162989.977578,655.748204
55870.269347,163018.697055,641.802606
55867.980643,163015.416531,659.708423
55857.691938,163012.136008,653.360641
55863.403234,163008.855485,643.540653
55861.114529,163219.190318,643.524437
55850.825825,163226.294439,643.558097
55848.537120,163223.013916,643.567056
55854.907867,163209.163910,650.043526
55850.707524,162984.500392,657.244454
55846.248416,162995.733393,660.144580
55843.959711,162992.452870,660.168595
55841.671007,162989.172347,660.230806
55839.382302,162985.891824,660.207620
55837.093598,162982.611300,660.788299
55834.804893,162979.330777,660.796670
55832.516189,162976.050254,660.779493
55830.227485,163013.051173,644.582456
55827.938780,163033.489208,650.537889
55825.650076,163030.208685,671.947540
56575.034579,163019.780915,656.754565
55823.361371,163026.928162,656.803600
55819.346561,163027.290517,664.018926
55821.635266,163030.571040,649.230386
55823.923970,163033.851563,649.179619
55826.212675,163037.132086,649.181062
55828.501379,162976.412609,649.176354
55830.790084,162979.693132,649.184270
55833.078788,162982.973655,649.215736
55835.367492,162986.254178,649.187456
55837.656197,162989.534702,664.424336
57160.942924,162991.061438,656.182493
55839.944901,162992.815225,658.589252
55834.233606,162996.095748,658.512253
55836.522310,162999.376271,658.563959
55846.811015,163002.656794,658.583145
55849.099719,163005.937317,658.623220
55851.388424,164151.767077,658.570488
55853.677128,164132.498363,658.624659
55855.965833,163015.778886,658.540944
55873.161520,163019.059409,652.631804
55876.543242,163022.339933,652.743101
55977.573638,163036.696648,655.601981
55862.831946,163025.620456,655.528536
55865.120651,163028.900979,658.525727
55867.409355,163032.181502,658.131843
55869.698060,163035.462025,657.690501
55871.986764,163038.742548,657.215922
55874.275469,163010.023071,656.716268
55876.564173,163013.303594,656.214514
55878.852877,163016.584117,655.670956
55873.141582,163019.864640,655.163798
55883.430286,163023.239640,654.607573
56284.759615,163029.622485,655.020101
55885.718991,163026.425687,653.940395
55881.704181,163026.788042,654.068541
57194.361969,163023.507518,654.727770
57197.126772,163052.226995,655.316352
57194.838067,163048.946472,655.814181
57192.495771,163045.754220,656.309934
55870.260659,163042.385426,656.815580
55867.971954,163071.104903,657.289001
55865.683250,163067.824380,657.719585
55863.394545,163064.543857,658.149829
55982.151047,163064.903008,654.404557
55861.105841,163061.263334,658.586894
55858.817136,163057.982811,658.517993
55856.528432,163054.702287,658.558724
55854.239727,163019.421764,661.168177
55851.951023,163016.141241,661.194210
55849.662318,163012.860718,661.168406
55847.373614,163009.580195,661.183097
55845.084909,163006.299672,661.211614
55842.796205,163003.019149,666.342056
55840.507500,162999.738626,666.300761
55984.439751,163004.183531,653.917758
55838.218796,162996.458103,668.929177
55835.930091,162993.177579,668.955289
55833.641387,162989.897056,645.394765
55839.352683,162986.616533,645.406688
55829.063978,162983.336010,645.384676
55826.775274,162980.055487,645.483105
55824.486569,162976.774964,669.702067
55830.197865,163005.494441,669.696420
55819.909160,162970.213918,669.628846
55817.620456,162966.933395,663.703380
55986.728456,162975.464054,653.411142
54509.646005,162963.652872,653.422113
53763.316941,162964.015226,664.279490
53762.021897,162967.295750,663.869522
53767.894350,162970.576273,663.294542
53806.861992,162973.856796,662.662423
53802.048718,162977.137319,650.549211
53806.760464,162980.417842,650.550835
53777.049168,162983.698365,650.582026
53779.337873,162986.978888,659.962211
53781.626577,162990.259411,643.791341
53777.002350,163011.106932,653.590142
53783.915281,162993.539934,653.538256
53786.203986,162996.820457,660.023127
53788.492690,163000.100981,660.063159
53790.781395,163003.381504,650.299319
53785.070099,163006.662027,650.278728
53787.358804,163009.942550,650.269721
53797.647508,163013.223073,650.277500
53799.936213,163016.503596,650.330824
53802.224917,163019.784119,650.299046
53804.513622,163023.064642,650.339041
53934.713646,163007.826409,654.070307
53934.802326,162994.345165,654.051622
53809.091031,162997.625688,658.660773
53811.379735,163032.906212,658.250256
53813.668440,163036.186735,657.757340
53815.957144,163039.467258,657.302431
53818.245849,163042.747781,656.834408
53820.534553,163046.028304,656.384737
53822.823258,163049.308827,655.914504
53825.111962,163052.589350,655.485571
53827.400666,163055.869873,654.856052
55661.025021,163046.813199,664.715801
55664.094889,162949.465494,664.674056
55667.462204,162948.716110,664.764975
55670.919923,162946.848798,664.860479
55673.946989,162946.037929,664.939259
55677.322542,162944.441572,665.002528
55673.606326,162944.441572,665.111300
56903.276091,165405.416514,668.489980
56902.757326,165419.128512,668.487221
56897.451142,165432.840510,668.484462
56897.981016,165449.031580,668.481315
56891.832407,165460.264507,668.478944
55704.494126,165468.476185,664.892571
55707.922126,162937.197192,664.893607
55711.350125,162936.490921,664.866572
55714.864151,162940.467637,664.828610
55718.206124,162935.078378,664.773179
55721.634124,162934.372107,664.734731
55725.062123,162933.665835,664.690451
55728.490123,162932.959564,664.716492
55731.866302,162932.145869,664.730482
55735.346122,162931.547022,664.647113
55738.774122,162930.840750,664.667555
55742.202121,162930.134479,664.632591
55745.630121,162929.428208,664.609006
55749.023954,162928.718702,664.622821
55752.314553,162927.439109,664.571065
55755.117984,162925.358847,664.516680
55758.731425,162924.642011,664.532761
55761.990671,162923.036579,664.497574
55765.000332,162921.545371,664.560137
55767.990027,162919.725557,664.482086
55770.979722,162917.905742,664.486681
55773.969417,162916.085928,664.471431
55776.959112,162914.266114,664.466161
55779.948807,162912.446299,664.471327
55782.938502,162940.369635,664.508348
55785.928197,162940.806671,664.548905
55788.917892,162938.986856,664.603118
55791.907587,162937.167042,664.570103
55794.918528,162935.382600,664.615793
55797.985283,162933.695884,664.674572
55801.052039,162932.009169,664.682312
55804.118795,162898.322453,664.701715
55807.185550,162896.635737,664.728220
55810.252306,162894.949022,664.752682
55813.316189,162893.172006,664.868213
55816.638705,162892.153266,664.715255
55820.052748,162891.382353,664.683817
55823.466792,162890.611440,664.661715
55826.955451,162890.329914,664.656440
55830.432067,162908.290628,656.596271
55833.953723,162908.290628,656.520613
56876.273732,162908.290628,656.541566
56875.006770,162888.565426,668.292984
56876.212766,162911.801071,668.292174
56876.660640,162893.797616,668.374224
56874.962141,162893.797616,668.292781
56873.560873,162888.788242,668.293118
56877.946386,162891.125614,664.625281
55865.445293,162891.213087,664.627063
55868.944200,162891.300559,664.682247
55872.326465,162892.200717,664.727515
55875.706915,162893.107667,664.662019
55879.087365,162894.014617,664.643396
55882.467815,162894.921567,664.610003
55885.893669,162895.638169,664.621353
55889.324821,162896.328963,664.623040
55892.755973,162897.019758,664.608983
55896.187125,162897.710552,664.600042
55899.618277,162898.401346,664.585887
55903.049429,162899.092140,664.571674
55906.480581,162899.782935,664.550061
55909.850565,162900.728029,664.532871
55913.115796,162901.988294,664.624797
55916.381027,162903.248559,664.921709
55919.646258,162904.508823,665.222503
55922.612389,162908.353971,665.516856
56902.110749,162908.353750,665.253514
56882.546060,162889.971322,668.383194
56868.620158,162890.015227,668.391345
56864.652555,162895.137618,668.399497
56859.724759,162890.103036,668.407648
56855.374588,162902.506677,668.424303
56850.509435,162890.236851,664.241650
55935.204042,162887.852011,664.359209
55931.992728,162917.467170,664.486648
55928.781414,162915.082330,664.445864
55925.570100,162912.697489,664.970092
55922.358787,162910.312649,665.142339
55918.807158,162908.437649,652.267339
55916.322173,162908.437649,652.355595
56895.968380,162889.614746,668.349969
56891.202677,162889.556439,668.344342
56870.513911,162889.495358,668.341031
56871.716412,162889.434088,668.337947
56872.888043,162889.372817,668.334863
56874.793026,162889.311547,668.331779
56875.286714,162889.311547,668.328696
56876.244189,162889.189005,668.325612
56875.233750,162880.808916,668.323611
56873.846501,160088.104294,668.318039
56872.111806,160073.007385,668.313990
56870.127524,160082.437187,668.309941
56870.482099,160082.437187,668.309350
56867.554203,160082.761391,668.309000
56870.618173,160072.759604,668.308569
56871.942131,160072.695119,668.309201
56871.553389,160066.466866,668.307860
56871.114638,160066.466866,668.307513
56873.612764,160072.515670,668.306305
55836.129382,162895.261597,668.363253
55832.466844,162894.577336,668.349229
55836.621653,162894.367928,664.640671
55824.622519,162894.451178,664.643030
55820.109621,162894.671531,664.658047
55816.818991,162896.213265,664.665288
55813.191007,162908.319913,664.661677
55810.025091,162900.504047,664.599253
55806.181280,162901.753171,664.521832
55802.676416,162903.680846,664.508785
55799.171552,162203.781417,666.272871
55795.677226,162203.781417,665.968191
55792.260431,162909.635019,664.385313
55788.768276,162911.580549,664.420435
55785.426843,162913.794595,664.442396
55782.010049,162915.874383,664.477670
55778.800800,162918.159253,664.509085
56984.629846,162920.005158,664.494877
55771.759666,162922.113746,664.477722
55768.633453,162923.828378,664.490534
56475.427626,162925.935523,664.508220
56473.271096,162927.898471,664.528769
55757.823780,162929.597475,664.579514
55753.897612,162931.068951,664.630005
55758.218145,162932.566951,664.698012
55746.607751,162933.134865,664.719824
55742.382717,162934.181285,664.757024
55738.465004,162934.988452,664.817357
55734.547290,162935.795620,664.825008
55730.629576,162936.602787,664.827817
55734.711862,162937.409954,664.722131
55730.794149,162938.217121,664.791760
55718.876435,162939.024288,664.858050
55714.958721,162939.831456,664.822402
55711.041007,162940.638623,664.814615
55707.123294,162941.445790,664.834550
55705.590647,162942.252957,664.782557
55699.287866,162943.060124,664.818244
55695.370152,162943.867291,664.879366
55689.544736,162944.674459,665.023028
55695.534725,162945.481626,665.065865
55683.617011,162946.288793,664.991888
55679.883815,162947.725195,664.920944
55676.169909,162949.210757,664.935062
55672.721403,162950.581287,664.941985
55668.742095,162952.181883,664.833646
55665.008654,162953.617647,664.764362
55669.250965,162954.988696,664.807452
55721.491049,163038.855325,664.156338
55727.882374,161839.938766,646.414871
57144.050916,161775.057489,646.383773
57142.969840,161879.110192,646.467650
57142.859673,161878.906264,646.584363
57142.691131,161864.885274,646.576076
57142.522589,161868.021895,646.781976
57141.726698,161901.905843,646.835762
57139.889866,161949.915949,646.750304
57140.819896,161951.455750,646.633590
57140.988438,161957.189940,646.516877
57141.156980,161982.580951,646.525164
57141.325522,161960.978096,646.308990
57141.464877,161966.455115,646.215965
57139.959914,161993.397930,646.332678
57139.791372,162006.684852,646.324391
57139.622830,162004.154260,646.566105
57139.454288,161988.663562,646.557818
57139.285745,161954.781554,646.549531
57139.117203,161976.031905,646.916244
57138.948661,161980.001829,647.002472
57137.912636,161958.160778,647.086447
57136.804663,161963.040506,647.090471
57137.245968,162004.401134,646.848758
57137.414510,162006.428046,646.732374
57137.627583,161980.721360,646.615332
57137.751595,161974.997354,646.623619
57137.920137,162001.233613,646.506089
57137.920108,161987.889260,988.785269
57141.165398,165422.469726,988.787832
56877.457260,165428.734312,988.763931
56870.415322,165426.612865,988.761298
56868.361972,165456.491418,988.758665
56871.130749,165454.369971,988.756031
56884.117554,165512.743622,988.754913
56884.483757,165514.127078,988.750764
56886.185901,165514.127078,991.275274
56887.261302,165509.884184,988.745497
56885.684436,165635.762738,988.742864
56885.472127,165665.692825,988.741618
56868.343543,165678.243449,988.713626
56874.081465,165671.063925,988.737173
56876.333874,165616.582505,988.716331
56885.105143,160923.582505,-711.140669
56885.665911,165559.155981,-732.724331
56885.375283,165528.850683,-732.726793
56880.636430,165498.972129,-732.729426
56880.755767,165500.919904,-732.731297
56889.010889,163639.045894,-732.734693
56898.179022,163618.460772,-732.737120
56899.250367,163619.457917,-732.739960
56877.154695,165362.181521,-732.715989
56889.059278,165359.653661,-732.713376
56895.329538,165421.938628,-732.710722
56903.402434,165451.817181,-732.708089
56901.727497,165481.695734,-732.705455
56897.883034,165480.159612,-732.702436
56899.181198,165477.452841,-732.700188
56347.474419,165475.314512,-732.697491
56891.409860,165601.209947,-732.694921
56885.826940,165628.972902,-732.692785
56882.688599,165661.892191,-732.689857
56874.745976,165639.229866,-732.737059
56873.631023,165713.218160,-732.675675
56867.905084,165733.326318,-732.657783
56864.920607,165703.447765,-732.660416
56880.618821,165673.569211,-732.663050
56877.343126,165674.692343,-732.666157
56873.047925,165670.930281,-732.667973
56884.374731,165583.934062,-732.670974
55649.067785,165586.054999,-732.673584
55654.387746,165588.108074,-732.676050
55653.479756,165494.211056,-732.678840
55653.213290,165466.021036,-732.680138
56901.766192,165434.261483,-732.686569
57130.382883,165422.926955,665.273196
55679.695920,162992.482477,665.065400
55673.961182,162992.908846,664.925782
55669.746072,162986.883693,661.558674
55667.492770,162986.221682,664.985031
55843.612557,162986.597422,664.973281
55690.316098,162984.997537,665.274503
55697.785736,162984.323369,665.118412
55617.375804,162983.649200,665.029141
55712.846241,162982.962552,664.883414
55719.805665,162982.969896,664.905925
55727.664289,162981.626693,664.908842
55734.924734,162980.909801,664.955283
55742.603566,162980.278356,664.899922
55750.073204,162979.604187,664.716176
55757.520064,162979.174174,664.768026
55765.012481,162978.255849,664.769582
55772.519602,162977.564168,664.826378
55779.232058,163484.650528,671.610205
55780.041717,162966.089785,664.148178
55778.263006,162965.551967,664.304713
55883.026444,162965.014198,664.350544
55890.950732,162963.976329,663.972034
55889.462949,162963.531668,663.737984
55907.322306,162955.744635,664.016079
55902.616510,162959.310039,663.929537
55895.146871,162959.984208,664.024718
55887.677233,162960.658377,664.152147
55885.800461,162953.011531,988.570339
55881.269420,162952.894817,988.572972
55886.398745,162952.779929,988.611600
56830.812138,165837.815174,988.584202
55789.526285,165849.104322,984.744081
55783.102297,162970.096740,984.746990
55775.632658,162972.604574,984.792300
55768.163020,162971.445078,984.809434
55760.528390,162972.099783,984.792150
55753.223744,162972.793416,984.809279
55745.478634,162974.239262,984.771407
55738.284467,162974.141753,984.793038
55738.893469,162974.870594,984.791209
56152.368725,162975.490091,984.859571
55715.875552,162976.164260,984.809405
55715.974621,162977.581226,984.797658
55700.936275,162977.512598,984.874144
55693.773207,162978.136797,985.234408
55693.996999,162978.860935,985.280872
55678.527361,162979.535104,985.110696
55671.057722,162980.209273,985.009644
55664.563699,162980.413220,985.037487
55660.811196,162981.084861,985.094574
55653.754197,162976.143002,978.326391
55651.268985,162974.746840,978.373301
55666.738623,162974.072671,985.247148
55674.191312,162973.680581,985.099589
55681.843404,162972.592427,985.144845
55589.294233,162972.050594,985.194189
55584.617177,162971.375996,985.206255
55318.224618,162970.701827,985.156851
55319.556453,162970.027658,984.940486
55319.325883,162969.214431,984.945819
55726.495730,162968.679320,984.928846
55733.519854,162967.280784,984.830830
56687.361646,162967.330983,984.764008
55748.904645,162966.656814,984.777542
56471.985080,162966.095819,984.848063
55763.843921,162965.308476,984.822999
55771.657867,162963.950345,984.670505
55778.783198,162965.795420,984.708598
55786.252836,162963.285970,984.640707
55793.722475,162962.611801,984.796108
55800.603920,162960.915962,984.815107
55808.661751,162961.263463,984.446118
55816.176839,162959.543644,984.184466
55823.464628,162958.733125,984.219170
55829.843216,162958.604507,984.144832
55836.812754,162958.604507,984.226997
55845.134293,162957.367269,984.282515
55853.479581,162957.218450,984.344548
55852.949219,162956.544281,984.390251
56427.227541,162955.870112,984.494932
55875.888496,162955.195943,984.400542
55883.358134,162954.521775,984.498297
55891.291350,162953.946910,984.351395
55890.297411,162953.173437,984.162523
55905.767049,162952.499268,978.689612
55905.236687,162951.825099,663.715242
55911.113076,162948.353880,663.371739
55906.285115,162941.169160,663.651346
55916.387227,162945.014328,663.738288
55908.917589,162945.688497,646.667357
56690.675273,162946.362666,664.341718
55893.978312,162947.036835,664.297332
55886.508674,162947.711004,664.358976
55882.277983,162948.129767,664.292321
55887.560779,162949.097971,664.419281
55321.538246,162949.733510,664.548587
55322.189961,162950.407679,664.620049
55593.083434,162951.081848,664.574355
55841.690844,162951.756017,664.577808
55834.221206,162952.430186,664.526113
55826.751567,162953.104354,664.207556
55819.281929,162953.778523,664.164795
56271.946406,162954.452692,664.167615
55796.056739,161916.545740,664.221353
55789.403376,162956.475199,664.716761
55782.297313,162957.255707,664.672577
55774.464099,162957.823536,664.642158
55774.994461,162958.497705,664.721708
55769.809988,162958.857320,664.775962
55768.055184,162959.846043,664.804685
55744.814276,162960.326493,664.763599
55737.115908,162961.194380,664.785555
55729.646269,162961.868549,664.846193
55722.179556,162962.528198,664.884332
55722.706993,162963.216887,664.990351
56124.762728,162963.891056,664.991920
55699.675575,162964.998140,664.964140
55692.298078,162965.239393,665.011475
55684.828439,162972.585600,665.095562
55677.358801,162966.587731,665.088618
55669.889163,162967.261900,665.153186
55662.419525,162967.936069,665.112167
55656.859286,162968.382938,665.184869
55660.055326,162961.890367,658.711031
55657.570064,162961.125298,664.937245
55673.254866,162960.728044,665.047537
55680.509341,162959.776960,665.117024
55687.524847,162958.645876,665.026516
55695.448617,162958.428623,665.021361
55702.918256,162957.754454,665.071855
55710.748533,162957.419741,665.044125
55717.857532,162956.406116,665.047028
55725.065406,162956.250330,664.963093
56523.983055,162955.057778,664.889796
56521.734566,162954.363372,664.966338
55747.736085,162953.709441,664.780106
55755.205724,162953.035272,664.755825
55980.892677,162952.361103,664.762463
55770.278491,162951.506551,664.641594
55777.614639,162951.012765,664.595291
55785.084277,162950.338596,664.606068
55792.553915,162949.664428,664.599088
55800.023554,162948.990259,664.541699
55802.000109,162948.566834,664.351246
55814.962830,162947.641921,664.207720
55821.959161,162946.559792,664.130249
55829.902107,162946.293583,664.307549
55837.332839,162945.447897,664.502318
55844.841383,162944.945246,664.393395
55842.173090,162944.271077,664.431955
55859.197651,162975.833149,664.502357
55867.250298,162974.922739,664.601706
55874.719937,162974.248570,664.615696
55882.189575,162941.574402,664.535470
55889.659213,162940.900233,664.624072
55897.065538,162940.398060,664.590449
55511.187326,162939.086335,664.554052
55313.440789,162938.877726,664.547234
55919.537766,162938.203557,663.985298
55919.007405,162937.529389,663.711180
55936.494582,162928.521999,664.040895
55938.477179,162930.718618,664.006542
55922.531260,162931.656141,664.173516
55915.218668,162932.066955,664.432469
55915.749029,162932.741124,664.622140
55900.279391,162933.415293,664.689185
55900.809753,162934.089462,664.641955
55901.340114,162934.763631,664.680231
55877.870476,162935.437799,664.641379
55878.632889,162936.320266,664.586956
55862.931199,162936.786137,664.594210
55855.461561,162937.460306,664.589416
55847.655088,162937.894554,664.358496
55840.522285,162938.808644,644.100676
55841.539971,162939.301760,644.124743
55841.583008,162940.156981,644.057377
55837.022627,162940.831150,644.008416
55810.643731,162941.505319,664.346044
55803.174093,162942.179488,664.361845
55795.755313,162942.749634,664.547839
55788.200716,162943.669298,664.598395
55780.765178,162912.201994,664.618234
55773.295540,162944.876163,664.581513
55765.825902,162945.550332,664.746154
55766.356263,162946.224501,664.773994
55750.801654,162947.664396,664.783877
55743.416987,162947.572839,664.820334
55737.718644,162948.273462,664.799787
55728.477710,162948.921176,664.866375
55721.008072,162949.595345,664.941243
55713.538433,162950.269514,664.954995
55706.068795,162950.943683,664.904534
55698.599157,162951.617852,665.014372
55691.129518,162952.292020,665.041101
55683.659880,162952.966189,665.017842
56345.056869,162953.346996,665.049080
56348.895704,162956.824627,665.015101
55694.724686,162948.542388,664.973831
55702.161749,162947.076449,664.998491
56684.470150,162945.435409,664.859607
55716.640216,162943.622060,664.813540
55724.158611,162942.784574,664.819139
55731.628249,162942.110405,664.928358
56048.472809,162941.198969,664.844330
55746.567526,162940.762068,664.828275
55754.037164,162940.087899,664.840467
55761.662705,162939.551231,664.818208
55768.976441,162938.739561,664.783485
55775.787426,162938.413471,664.623956
55775.915718,162937.391223,664.609589
55791.385356,162936.717055,664.481333
55785.964277,162936.042886,664.456473
55785.993456,162935.368717,664.420438
55813.684877,162934.958697,664.450158
55821.263909,162934.020379,664.247806
55818.080990,162933.346210,664.381348
55836.174259,162932.314763,664.489266
55835.672824,162931.997873,664.409190
55834.168525,162931.323704,664.435290
55858.938148,162930.220259,664.626140
55866.081739,162929.975366,664.612904
55873.549356,162929.298160,664.557143
55873.021016,162928.627029,664.559563
55888.490654,162928.627029,665.525887
55895.960292,162927.278691,664.751263
55903.429930,162926.604522,664.831159
55910.429524,162940.429403,664.846179
55918.369207,162925.256184,664.768728
55917.838845,162924.582015,664.557845
55917.308484,162923.907847,664.297938
55918.620687,162918.801318,664.654821
55921.953557,162917.947931,664.208997
55922.050108,162919.119582,664.877129
55922.580470,162919.793751,664.857239
55899.110832,162920.467920,664.729527
55891.641193,162921.142089,664.670563
55884.171555,162921.816258,664.660160
56499.690686,162922.490426,664.607521
55869.232278,162923.164595,664.646349
55861.762640,162923.838764,664.678629
55854.293002,162924.512933,664.577944
55846.823364,162925.187102,664.517785
55839.280504,162926.314705,664.596008
55831.884087,162926.535439,664.514746
55824.414449,162927.209608,664.272537
55816.944810,162927.883777,664.317015
55809.560228,162928.511067,664.399680
55801.466225,162940.441600,664.415541
55794.535895,162929.906284,664.405010
55787.373106,162930.788403,664.486660
55779.596619,162931.254621,664.613053
55772.126980,162931.928790,664.602544
55764.491500,162932.190831,664.583248
55757.187704,162934.401428,664.694583
55750.186791,162937.733379,664.836249
55744.741882,162929.119538,664.585242
55751.547062,162924.807537,664.527910
55750.747158,162924.443850,667.162318
56887.499929,162923.769682,664.415847
55797.686435,162923.095513,664.402653
55805.156073,162922.421344,664.412796
55813.104155,162921.941819,664.346541
55512.317333,161862.352733,664.296855
57114.255738,161885.477203,648.422416
57114.313113,161863.070834,664.513274
55849.997017,162918.413014,664.563825
55849.443541,162917.702162,664.537978
55433.132617,162917.314387,664.676913
55872.382818,162916.353824,664.621722
55879.852456,162915.679655,664.534987
55887.322095,162915.005487,664.516010
55894.791733,162914.331318,664.536473
55894.261371,162913.657149,664.822171
55893.731009,162912.982980,664.834802
55917.200648,162912.308811,665.150692
55913.457361,162908.301178,664.680844
55913.942272,162907.520547,664.695714
55889.956763,162908.106664,664.681331
55883.002996,162908.868885,664.599276
55883.661214,162909.729890,664.505019
55884.063719,162910.217222,664.596973
55860.594081,162910.891391,664.522487
55860.862481,162911.267525,664.504727
55845.654804,163901.370548,664.564152
55838.809979,163900.378644,664.588460
55838.715528,162913.588066,664.464458
55823.245889,162914.262235,664.424170
55815.776251,162914.936404,664.440615
55808.306613,162915.610573,664.380432
55800.977243,162916.008934,664.392264
55793.367336,162916.958910,656.595033
55786.145376,162918.039979,664.390656
55796.690907,162940.374968,664.323474
55803.987514,162941.473971,664.388356
55811.457152,162940.799802,664.454719
55810.761495,162907.799677,664.450680
55810.073251,162907.283031,664.474725
55833.866067,162906.777295,664.466460
55833.335705,162906.103127,664.514694
55848.805344,162905.428958,664.525243
55848.274982,162904.754789,664.526694
55848.351378,162903.614450,664.528922
55871.214259,162903.406451,664.512418
55878.617141,162902.663044,664.617881
55885.937249,162903.367649,664.696512
55882.882538,162899.470798,664.645895
55859.438883,162899.162863,664.471830
55852.016681,162898.601890,664.440828
55844.373915,162899.470265,664.499423
55837.016607,162899.966524,641.375981
55837.546968,162900.640693,664.473988
55822.077330,162901.314862,664.485009
55814.607692,162901.989031,664.466295
55807.994810,162905.575975,664.426730
55940.140910,162895.190022,664.076152
55940.140910,161120.000012,664.000563
